-- MySQL dump 10.13  Distrib 8.0.20, for Linux (x86_64)
--
-- Host: localhost    Database: lit_res
-- ------------------------------------------------------
-- Server version	8.0.20

/*!40101 SET @OLD_CHARACTER_SET_CLIENT=@@CHARACTER_SET_CLIENT */;
/*!40101 SET @OLD_CHARACTER_SET_RESULTS=@@CHARACTER_SET_RESULTS */;
/*!40101 SET @OLD_COLLATION_CONNECTION=@@COLLATION_CONNECTION */;
/*!50503 SET NAMES utf8mb4 */;
/*!40103 SET @OLD_TIME_ZONE=@@TIME_ZONE */;
/*!40103 SET TIME_ZONE='+00:00' */;
/*!40014 SET @OLD_UNIQUE_CHECKS=@@UNIQUE_CHECKS, UNIQUE_CHECKS=0 */;
/*!40014 SET @OLD_FOREIGN_KEY_CHECKS=@@FOREIGN_KEY_CHECKS, FOREIGN_KEY_CHECKS=0 */;
/*!40101 SET @OLD_SQL_MODE=@@SQL_MODE, SQL_MODE='NO_AUTO_VALUE_ON_ZERO' */;
/*!40111 SET @OLD_SQL_NOTES=@@SQL_NOTES, SQL_NOTES=0 */;

--
-- Table structure for table `author`
--

DROP TABLE IF EXISTS `author`;
/*!40101 SET @saved_cs_client     = @@character_set_client */;
/*!50503 SET character_set_client = utf8mb4 */;
CREATE TABLE `author` (
  `id` int unsigned NOT NULL AUTO_INCREMENT,
  `first_name` varchar(20) CHARACTER SET utf8 COLLATE utf8_unicode_ci NOT NULL,
  `last_name` varchar(50) CHARACTER SET utf8 COLLATE utf8_unicode_ci NOT NULL,
  `email` varchar(50) CHARACTER SET utf8 COLLATE utf8_unicode_ci NOT NULL,
  `phone` varchar(10) CHARACTER SET utf8 COLLATE utf8_unicode_ci NOT NULL,
  `created_at` datetime DEFAULT CURRENT_TIMESTAMP,
  `updated_at` datetime DEFAULT CURRENT_TIMESTAMP ON UPDATE CURRENT_TIMESTAMP,
  PRIMARY KEY (`id`),
  UNIQUE KEY `email` (`email`),
  KEY `author_last_name_idx` (`last_name`)
) ENGINE=InnoDB AUTO_INCREMENT=51 DEFAULT CHARSET=utf8 COLLATE=utf8_unicode_ci;
/*!40101 SET character_set_client = @saved_cs_client */;

--
-- Dumping data for table `author`
--

LOCK TABLES `author` WRITE;
/*!40000 ALTER TABLE `author` DISABLE KEYS */;
INSERT INTO `author` VALUES (1,'Evelyn','Buckridge','stacy.nienow@example.com','(928)371-1','2018-03-20 14:33:33','1996-03-22 00:03:27'),(2,'Garth','Dickens','qsanford@example.com','773-459-37','1994-05-16 03:42:09','1980-02-28 09:39:34'),(3,'Elbert','Grimes','rod.aufderhar@example.net','1-202-616-','1991-08-13 15:58:21','2002-10-08 04:16:24'),(4,'Davin','Stanton','treutel.alfonzo@example.org','(906)841-0','2009-02-17 08:10:49','1995-02-07 15:38:57'),(5,'Michaela','Satterfield','mayra32@example.net','+43(9)8597','2016-11-01 17:58:14','2003-07-04 05:33:07'),(6,'Aric','Gorczany','rodger.kuvalis@example.net','0424290558','2009-11-23 16:00:31','1978-01-30 00:04:43'),(7,'Bethel','Altenwerth','kris.wendy@example.org','(305)059-3','2011-12-06 06:15:03','2000-06-02 18:40:01'),(8,'Neal','Schoen','leffler.misael@example.net','044-175-35','2005-03-25 13:07:31','2005-01-12 05:30:19'),(9,'Maegan','Smitham','magnus14@example.com','(550)432-5','2018-09-08 01:47:48','1987-08-12 19:49:58'),(10,'Mortimer','Roberts','adah53@example.net','1-244-830-','1978-08-14 20:51:57','1994-08-24 02:19:44'),(11,'Janis','Fisher','noe.corkery@example.net','690.488.46','1996-09-28 06:44:55','2019-01-10 08:00:00'),(12,'Dayna','Jones','ronaldo44@example.net','785.772.23','2019-04-13 15:03:02','1996-07-07 21:47:06'),(13,'Letitia','Mitchell','lpredovic@example.net','535.755.53','2015-11-06 07:23:12','2010-03-11 17:34:50'),(14,'Retha','Homenick','wiley.gaylord@example.com','161-977-21','1992-11-09 04:42:31','2016-02-12 21:52:09'),(15,'Nestor','Ryan','jasen96@example.com','0089654127','2017-10-12 20:15:35','1998-01-08 06:52:59'),(16,'Carlee','Dicki','okey.dare@example.com','1-321-802-','1994-04-19 03:57:17','1999-08-04 02:01:03'),(17,'Vivienne','McDermott','gino.russel@example.org','471-426-94','2008-05-29 14:50:42','1986-06-12 06:52:41'),(18,'Noemi','Trantow','aurore76@example.org','1-509-964-','1984-06-23 23:12:52','1991-03-30 19:26:25'),(19,'Rowland','Hilpert','ischulist@example.net','+59(4)6710','1970-12-26 12:46:19','1979-08-11 18:17:10'),(20,'Addison','O\'Keefe','oziemann@example.com','984.787.71','1984-09-12 19:54:35','1979-02-01 01:54:01'),(21,'Donavon','Zemlak','gottlieb.mittie@example.org','338.598.95','2011-08-23 12:42:26','1984-07-29 20:23:44'),(22,'Ryley','Blanda','hailee12@example.com','1-949-903-','2018-06-11 03:53:00','2003-05-07 22:16:08'),(23,'Reed','Homenick','khowe@example.com','947.061.94','2003-01-25 03:40:28','1992-07-12 15:50:15'),(24,'Vern','Smith','destiney10@example.net','(012)791-7','2006-01-23 14:09:28','1999-05-31 18:10:46'),(25,'Arvel','Kirlin','franecki.winnifred@example.org','0230066546','2009-08-13 22:24:49','2018-08-16 17:40:11'),(26,'Gia','Schultz','horacio.toy@example.org','837.812.64','2015-11-24 10:44:10','1974-01-29 20:02:24'),(27,'Emie','Schoen','reagan.christiansen@example.com','1-477-240-','1995-03-19 20:56:10','2005-01-04 06:15:34'),(28,'Cristal','Kohler','kuhic.antonia@example.org','1-186-383-','2007-09-28 10:07:45','1975-10-16 14:35:05'),(29,'Benton','Heathcote','myron97@example.org','434-734-31','1977-10-08 16:39:44','1995-08-22 12:01:36'),(30,'Lou','Pacocha','thea91@example.com','0693341421','1976-03-18 00:03:36','2020-03-20 15:12:26'),(31,'Henriette','Douglas','hartmann.keanu@example.net','(354)536-2','1993-10-14 20:49:53','1983-04-02 10:14:42'),(32,'Agnes','Kerluke','wyman.sherman@example.org','1-522-440-','2009-12-31 20:28:18','1994-09-11 13:53:06'),(33,'Ara','Kris','zboncak.tobin@example.com','(200)450-6','2017-01-16 10:54:04','2015-08-20 22:53:23'),(34,'Velma','Spinka','rogelio.ward@example.org','1-350-035-','1975-07-22 00:49:17','2013-10-29 17:20:51'),(35,'Isabelle','Runolfsson','marie.boyle@example.org','1-244-935-','1973-03-05 04:35:21','1979-04-16 07:33:27'),(36,'Rashad','Wolff','eldridge.eichmann@example.org','498.576.59','2005-07-25 04:27:01','1978-08-12 09:16:21'),(37,'Joan','Mohr','roma.pfannerstill@example.net','1-907-605-','2002-07-24 18:52:05','2001-05-30 16:47:09'),(38,'Henri','Greenfelder','jarred.reichert@example.net','+53(5)0327','2007-12-12 09:57:32','1998-06-28 17:24:49'),(39,'Gail','Schmidt','jmedhurst@example.org','+28(8)3364','2013-09-03 19:52:26','1991-05-17 08:11:21'),(40,'Eldridge','Sanford','jjohnston@example.org','829.470.17','1990-12-06 18:14:59','2012-02-21 14:25:35'),(41,'Marina','Veum','rogers.pouros@example.org','1-620-721-','1975-09-04 20:04:25','1980-05-12 22:48:16'),(42,'Maurine','Breitenberg','lizeth12@example.org','359.154.80','2007-08-11 13:32:03','1989-06-21 12:50:39'),(43,'Kaden','Mertz','shemar62@example.org','502-822-49','1972-07-21 13:45:46','2017-10-08 00:51:20'),(44,'Jacinthe','Wehner','dbosco@example.org','+65(7)1760','1989-09-16 03:46:41','1997-11-16 09:43:03'),(45,'Kendall','Feil','metz.casper@example.org','(599)068-9','2012-10-15 05:00:12','2000-03-05 19:48:08'),(46,'Herman','Rippin','conroy.krista@example.org','+21(7)0702','1975-03-14 22:12:53','2013-02-16 07:07:21'),(47,'Marion','Jast','jon.swift@example.org','(436)369-8','2009-05-07 01:12:45','1994-09-29 20:32:48'),(48,'Rosetta','Howe','harold.hagenes@example.net','(096)862-3','2019-12-12 12:43:54','2015-10-21 00:41:41'),(49,'Charlene','Keebler','dereck.leffler@example.net','616.438.94','1983-11-30 14:24:13','1978-10-07 21:14:34'),(50,'Burley','Rempel','berenice54@example.com','1-003-912-','1970-04-22 18:21:49','1981-12-09 23:33:55');
/*!40000 ALTER TABLE `author` ENABLE KEYS */;
UNLOCK TABLES;

--
-- Table structure for table `authors_books`
--

DROP TABLE IF EXISTS `authors_books`;
/*!40101 SET @saved_cs_client     = @@character_set_client */;
/*!50503 SET character_set_client = utf8mb4 */;
CREATE TABLE `authors_books` (
  `author_id` int unsigned NOT NULL,
  `book_id` int unsigned NOT NULL,
  `created_at` datetime DEFAULT CURRENT_TIMESTAMP,
  `updated_at` datetime DEFAULT CURRENT_TIMESTAMP ON UPDATE CURRENT_TIMESTAMP,
  KEY `authors_books_author_id_fk` (`author_id`),
  KEY `authors_books_book_id_fk` (`book_id`),
  CONSTRAINT `authors_books_author_id_fk` FOREIGN KEY (`author_id`) REFERENCES `author` (`id`) ON DELETE CASCADE,
  CONSTRAINT `authors_books_book_id_fk` FOREIGN KEY (`book_id`) REFERENCES `books` (`id`) ON DELETE CASCADE
) ENGINE=InnoDB DEFAULT CHARSET=utf8 COLLATE=utf8_unicode_ci;
/*!40101 SET character_set_client = @saved_cs_client */;

--
-- Dumping data for table `authors_books`
--

LOCK TABLES `authors_books` WRITE;
/*!40000 ALTER TABLE `authors_books` DISABLE KEYS */;
INSERT INTO `authors_books` VALUES (33,235,'1970-12-15 17:10:14','1989-09-27 03:22:36'),(17,416,'1994-04-05 18:41:43','2002-10-20 19:03:47'),(10,426,'2002-01-14 05:43:37','1980-07-12 05:29:50'),(1,457,'2016-11-29 16:56:07','2012-04-14 15:18:38'),(5,415,'2015-07-19 09:40:19','1976-06-26 14:18:50'),(6,372,'1971-05-09 10:53:33','1979-07-18 11:24:07'),(3,223,'2016-05-02 11:05:47','1978-09-26 21:19:37'),(29,397,'1983-01-26 00:47:13','1986-08-07 02:11:08'),(28,249,'2014-04-17 16:36:10','2013-12-11 09:59:48'),(27,27,'1986-12-04 16:58:29','1980-03-03 01:40:12'),(24,21,'1979-05-29 11:12:36','2019-07-31 23:06:16'),(32,354,'1993-10-30 11:48:17','2020-06-15 16:58:09'),(2,355,'2007-02-24 10:54:38','1974-05-23 03:12:52'),(4,149,'1977-02-24 04:39:00','1979-05-08 17:38:49'),(42,376,'2018-05-07 17:22:49','2008-03-02 11:37:10'),(24,234,'1987-06-13 00:56:04','1971-08-11 20:58:17'),(12,404,'1986-12-27 21:40:27','1990-11-15 00:02:23'),(15,205,'2011-02-16 05:43:47','1989-09-20 04:43:19'),(33,150,'1981-11-13 05:58:59','1980-01-11 20:23:11'),(17,370,'2017-09-21 23:44:57','2015-08-13 20:10:13'),(7,216,'1985-04-29 13:25:09','1993-02-17 14:00:15'),(25,87,'2008-12-25 19:24:39','1997-10-15 10:13:22'),(44,25,'2015-01-10 18:20:38','2008-03-01 05:05:18'),(49,482,'1996-05-01 15:29:09','2020-06-15 17:37:53'),(28,251,'2006-07-02 03:56:54','1994-11-05 10:09:29'),(25,13,'1989-10-06 10:49:02','1970-02-16 08:32:39'),(28,54,'1991-03-09 23:36:36','2009-11-18 00:43:41'),(41,284,'1981-10-24 13:01:51','1994-07-16 19:47:47'),(41,443,'1987-08-10 19:13:42','1994-05-15 12:15:39'),(44,321,'1989-03-01 04:29:07','2003-04-15 15:51:39'),(32,171,'1985-07-31 23:36:02','2012-12-06 19:40:20'),(6,429,'1995-08-14 03:25:22','1970-11-24 09:42:58'),(8,203,'2001-06-23 19:06:52','1970-04-24 10:51:16'),(14,403,'1985-10-23 08:56:22','1971-12-13 04:01:54'),(36,296,'1978-02-15 09:40:02','2016-03-24 05:42:12'),(28,418,'2008-02-11 12:14:32','2016-07-13 20:00:21'),(2,12,'1988-11-14 09:41:32','2020-06-15 15:39:55'),(1,450,'1978-05-10 05:36:04','1977-01-22 13:54:46'),(4,487,'1982-06-24 00:26:27','2008-11-03 06:36:44'),(17,311,'1987-06-30 05:50:45','2015-08-02 20:48:21'),(24,409,'1995-04-06 23:47:50','1993-09-08 17:04:13'),(33,5,'2001-04-16 16:53:40','2020-06-15 15:39:55'),(47,232,'1987-08-17 11:14:25','1997-11-22 14:57:24'),(30,286,'2002-12-17 10:04:10','2020-06-15 16:31:31'),(18,225,'1998-07-07 11:41:29','1985-08-26 23:04:36'),(20,493,'1998-04-09 17:58:53','2005-11-23 11:17:09'),(40,244,'2017-05-07 08:35:56','1981-03-15 10:07:46'),(43,470,'2002-09-13 02:55:16','2017-03-23 22:10:32'),(45,55,'2007-04-07 02:08:00','1975-04-30 19:18:22'),(38,300,'1980-04-30 17:57:08','1981-07-27 20:46:47'),(35,145,'1998-04-24 22:01:39','1972-02-07 17:11:44'),(22,362,'1984-02-10 21:15:04','2017-05-13 20:33:58'),(16,221,'1988-07-31 16:30:12','1974-04-19 16:52:39'),(32,195,'1993-10-27 17:21:34','1983-12-23 15:38:03'),(21,477,'1983-05-07 15:01:56','1978-01-30 06:00:00'),(1,445,'1977-01-08 06:41:06','1990-03-29 06:22:58'),(39,328,'2011-12-05 12:48:23','1982-08-04 07:22:42'),(46,347,'2017-08-30 14:02:50','1973-12-19 09:09:09'),(6,247,'1993-01-18 18:54:40','2012-09-30 02:00:12'),(22,494,'1982-10-10 14:01:22','2020-06-15 17:37:53'),(48,407,'1975-03-29 08:49:18','2001-08-05 20:49:46'),(23,367,'1980-08-16 10:53:50','1992-03-23 04:02:08'),(16,147,'1975-10-20 17:32:57','2020-02-28 01:31:54'),(34,97,'2002-04-06 19:59:19','2017-10-25 06:20:22'),(21,209,'2007-01-03 05:10:32','1998-06-30 08:19:01'),(40,52,'1990-02-06 13:20:07','1994-01-30 00:12:38'),(36,113,'1975-11-21 09:38:38','1984-05-24 12:36:56'),(42,10,'1972-11-14 12:15:10','1984-05-12 07:40:41'),(34,163,'1993-10-08 09:56:04','2020-06-15 16:02:18'),(21,41,'2012-03-21 19:13:41','2006-06-14 12:33:19'),(20,480,'2011-11-27 21:55:53','2020-06-15 17:33:20'),(49,84,'2008-09-26 03:28:30','1990-05-15 21:49:39'),(4,440,'1991-01-15 06:32:54','1995-06-26 20:29:57'),(44,80,'1970-08-26 01:24:55','2020-06-15 16:07:14'),(19,123,'2011-06-10 14:02:11','2020-06-15 16:17:01'),(33,137,'1993-01-02 09:06:44','2020-06-15 16:19:06'),(6,459,'2002-01-03 17:07:20','2020-06-15 17:19:31'),(3,478,'1972-04-25 19:26:34','2020-06-15 17:33:20'),(21,360,'1984-06-06 23:02:32','1986-06-20 07:30:04'),(30,402,'2007-06-30 11:47:05','1973-07-30 13:34:12'),(7,196,'2015-03-03 15:32:22','1985-08-11 18:18:26'),(46,421,'1982-02-11 10:46:09','1992-04-20 05:40:38'),(31,365,'1971-01-16 19:25:35','1994-02-17 15:00:56'),(44,105,'1982-05-27 08:27:18','2020-06-15 16:12:36'),(9,103,'2009-11-04 23:55:02','2020-06-15 16:12:36'),(19,287,'2019-05-18 01:55:02','2009-04-27 14:39:30'),(35,167,'1980-03-19 01:30:43','2002-02-05 16:13:55'),(38,380,'1988-03-24 22:05:49','1991-08-17 11:59:09'),(11,301,'1990-06-18 05:59:23','1972-01-24 05:32:56'),(48,293,'1980-09-13 03:02:35','2005-10-21 14:44:11'),(45,305,'2007-06-27 18:54:07','1993-05-18 09:58:38'),(45,500,'2008-04-15 19:47:45','2016-05-18 17:31:13'),(36,474,'2020-03-12 14:12:33','2009-12-03 04:33:14'),(21,59,'1970-09-10 16:13:33','1982-12-05 09:38:55'),(34,2,'1994-12-15 00:25:26','2004-02-28 23:03:21'),(47,401,'1977-03-22 16:06:42','1991-12-08 18:25:58'),(20,414,'1970-10-02 21:14:42','1996-07-08 21:46:43'),(33,7,'2017-12-29 15:38:31','2001-05-07 17:08:31'),(28,252,'1984-03-06 04:24:03','1977-05-18 05:12:18'),(15,290,'1974-01-23 18:04:40','2020-06-15 16:37:38'),(39,330,'2012-03-13 14:20:07','2015-11-19 09:06:40'),(16,229,'1993-10-16 06:18:03','2003-03-04 08:48:47'),(50,24,'2014-01-10 19:43:26','1985-03-25 09:01:33'),(11,104,'1979-03-26 19:48:35','1991-05-13 00:39:22'),(33,81,'1986-04-24 11:41:08','2020-06-15 16:08:44'),(40,272,'2008-07-10 10:45:55','1983-06-01 19:48:10'),(39,346,'2010-01-20 17:40:39','1993-12-16 10:12:45'),(28,246,'2002-12-29 10:39:35','2010-03-08 02:19:44'),(32,425,'1987-07-11 05:03:58','2020-06-15 17:09:21'),(31,153,'2003-02-04 16:43:59','2008-02-08 10:08:13'),(48,265,'2012-08-09 00:23:33','1987-08-25 22:14:36'),(6,173,'2006-01-18 14:48:13','2010-08-19 12:50:04'),(18,375,'1983-05-30 15:41:41','1993-07-28 13:53:55'),(18,405,'2010-12-06 22:44:42','2020-06-15 17:04:15'),(13,237,'1984-03-15 02:15:33','2020-06-15 16:02:19'),(33,11,'1976-06-03 14:49:44','1995-02-24 13:11:31'),(16,476,'1972-02-08 10:05:11','2016-08-24 09:16:34'),(24,154,'2011-03-18 16:03:20','2013-08-03 17:42:22'),(50,348,'1997-10-18 11:20:02','2006-11-13 05:41:50'),(26,323,'1996-06-29 16:06:41','1982-10-10 06:10:12'),(44,133,'2020-01-22 12:13:04','2020-06-15 16:19:06'),(10,319,'2012-01-04 12:49:41','2006-06-21 10:29:06'),(50,366,'2004-06-30 19:11:17','2008-11-24 10:41:49'),(7,317,'2017-04-02 11:18:48','2011-06-11 10:21:29'),(34,369,'1995-02-27 18:35:38','1989-02-20 04:29:17'),(47,315,'1998-05-21 00:13:13','2006-05-14 09:40:12'),(14,22,'2018-07-20 12:20:11','1996-08-17 08:52:25'),(49,208,'2020-04-02 14:23:00','2020-06-15 16:02:19'),(40,460,'2014-10-29 00:40:09','2020-06-15 17:26:22'),(27,29,'2001-03-24 19:28:22','2020-06-15 15:39:55'),(50,79,'1982-10-13 15:37:22','2020-06-15 16:06:17'),(4,128,'2006-01-15 09:29:46','2020-06-15 16:17:01'),(7,193,'1991-04-27 01:54:55','2020-06-15 16:02:18'),(31,499,'1975-01-07 23:39:27','2020-06-15 17:43:13'),(12,62,'1979-09-11 09:11:37','2007-07-09 15:08:10'),(39,50,'1980-07-24 22:39:16','1996-10-17 20:08:09'),(22,481,'1996-08-15 00:31:43','2016-06-14 09:23:03'),(37,212,'2013-07-15 02:25:42','1989-07-06 09:13:00'),(35,432,'2018-01-28 09:43:37','1980-11-19 21:33:14'),(3,185,'1988-09-21 18:07:42','1978-07-26 18:51:47'),(30,497,'1995-02-27 03:57:45','2009-04-26 03:20:10'),(50,433,'1985-09-04 06:59:39','1988-09-30 03:52:01'),(2,442,'1979-04-28 20:56:53','2020-06-15 17:11:36'),(25,361,'1976-06-17 15:49:48','2020-06-15 16:58:09'),(16,9,'2013-03-22 01:29:28','2020-06-15 15:39:55'),(44,118,'1991-08-29 08:54:05','2020-06-15 16:14:47'),(10,468,'1990-08-26 06:46:34','1973-06-30 07:52:05'),(30,164,'1984-01-31 06:39:50','1976-08-16 22:07:28'),(24,102,'1971-11-05 15:24:56','1986-09-21 20:09:12'),(23,359,'1996-03-14 19:01:58','2005-02-14 23:37:18'),(17,101,'2017-09-25 11:12:35','2020-06-15 16:12:36'),(41,377,'2015-03-28 20:43:14','2008-01-16 15:38:01'),(10,277,'2005-01-18 12:18:46','2012-07-12 03:29:19'),(9,438,'2019-10-27 14:21:24','2002-10-13 18:55:27'),(21,117,'2006-02-21 17:00:42','1986-10-11 01:14:51'),(13,8,'2014-09-20 08:46:36','1972-05-02 12:45:42'),(12,122,'2004-05-20 12:45:20','1987-04-28 12:06:47'),(45,132,'1988-02-09 15:54:43','1985-05-29 13:52:54'),(11,463,'1997-05-31 20:16:20','2020-06-15 17:29:10'),(5,261,'1980-02-14 13:06:39','2019-09-21 12:09:08'),(20,428,'1972-08-03 15:51:38','2020-06-15 17:09:21'),(41,295,'2011-05-26 15:46:23','1993-03-14 00:18:53'),(45,204,'1987-04-19 18:51:42','2019-02-23 23:13:17'),(46,188,'1974-04-26 12:28:52','1991-08-23 13:07:54'),(31,467,'2009-08-24 21:20:10','2020-06-15 17:29:10'),(5,469,'1974-09-29 01:30:01','1997-07-13 07:56:07'),(30,455,'1991-09-19 00:55:51','1976-01-11 14:07:44'),(35,390,'1996-01-07 09:12:36','2015-08-23 11:56:42'),(24,434,'1990-10-31 17:18:16','1977-04-01 22:30:48'),(33,389,'2014-07-17 06:06:11','2020-06-15 17:01:14'),(6,413,'2017-03-24 07:38:02','2020-06-15 17:06:56'),(45,139,'1971-12-08 21:43:48','2020-06-15 16:19:06'),(8,388,'2008-11-06 03:08:43','2007-01-31 07:17:34'),(30,180,'2002-09-18 11:12:14','1989-11-25 00:31:52'),(8,340,'1991-05-10 19:39:46','2000-07-07 04:07:17'),(44,267,'1982-05-06 05:48:55','2003-05-14 22:38:27'),(33,243,'1994-09-07 07:27:43','2020-06-15 16:02:19'),(7,269,'1999-04-29 09:50:09','1982-10-22 18:54:39'),(6,20,'2016-08-13 08:02:13','1991-06-12 16:09:41'),(46,356,'2016-10-14 07:34:03','1972-05-01 02:02:33'),(21,3,'2004-03-23 15:16:22','2012-10-28 19:29:29'),(33,1,'1977-05-12 20:20:18','1971-07-30 08:28:54'),(46,170,'2011-02-07 02:04:17','1983-10-14 12:39:34'),(39,190,'1983-07-22 15:53:34','2019-11-13 02:05:23'),(11,217,'1990-07-14 11:51:03','1991-01-29 01:43:23'),(13,130,'2005-05-08 03:20:57','2020-06-15 16:17:01'),(17,76,'1977-03-28 16:44:55','1994-04-03 13:21:32'),(32,238,'1984-01-03 12:22:52','2000-05-14 17:35:48'),(47,111,'2019-02-08 13:44:38','1993-12-06 22:56:41'),(42,35,'2000-07-31 12:36:17','1993-05-05 02:55:34'),(45,357,'1982-07-12 00:42:44','1973-07-13 00:13:23'),(31,192,'2008-11-20 05:03:52','2020-06-15 16:02:18'),(21,363,'1976-05-09 13:39:50','1985-04-16 16:47:50'),(4,254,'1995-03-04 01:14:30','1987-05-18 06:25:48'),(39,495,'1982-04-10 09:18:23','2019-05-06 17:46:24'),(11,86,'1977-10-04 19:46:44','1993-06-28 12:35:21'),(50,382,'1973-10-03 04:06:13','2020-06-15 17:01:14'),(9,456,'1998-06-28 10:05:48','2016-04-20 22:53:42'),(11,427,'2014-05-04 15:05:26','2020-06-15 17:09:21'),(15,206,'1976-08-27 11:59:46','1996-12-02 13:37:32'),(20,274,'2001-06-03 10:52:47','1972-04-13 17:21:11'),(36,262,'2007-04-28 20:52:29','2020-06-15 16:31:31'),(35,176,'1972-09-20 07:03:02','1993-10-20 22:55:15'),(10,312,'1975-08-04 21:26:06','2018-08-26 22:58:44'),(29,14,'2005-05-22 02:53:02','1995-10-30 12:46:37'),(35,236,'1996-12-26 05:45:20','2007-07-14 23:08:47'),(37,148,'2000-03-23 06:30:15','1994-01-16 06:32:48'),(1,73,'1996-03-07 06:39:44','1970-10-16 08:16:54'),(2,45,'2019-03-19 05:03:38','1990-12-24 04:31:52'),(33,392,'2017-05-04 23:53:33','1973-03-07 11:39:44'),(4,435,'1975-10-13 17:27:11','1983-07-03 10:22:45'),(48,37,'1995-12-13 23:35:34','1987-05-24 14:49:17'),(37,64,'1995-11-06 22:04:39','1986-05-04 21:55:47'),(50,471,'1996-07-20 03:12:44','1979-01-09 02:29:26'),(5,138,'2010-02-16 17:46:43','2001-04-13 11:17:21'),(18,168,'1987-06-16 01:16:42','2020-06-15 16:02:18'),(42,36,'1991-03-29 12:54:37','1992-08-15 22:47:21'),(10,260,'2004-10-11 21:51:19','2010-01-11 16:37:32'),(22,473,'1986-07-09 23:12:10','2020-06-15 17:33:20'),(8,449,'1983-09-03 09:51:19','2020-06-15 17:11:36'),(21,338,'2012-05-14 00:55:19','2020-06-15 16:45:05'),(24,74,'2012-06-12 21:13:02','2009-08-10 18:59:24'),(7,174,'1997-09-26 20:47:26','2020-06-15 16:02:18'),(15,70,'1986-02-01 23:51:07','2020-06-15 15:39:56'),(29,472,'1976-03-01 20:53:23','1971-09-10 01:15:20'),(47,322,'1988-03-08 03:28:01','1978-01-15 00:28:41'),(41,446,'1975-02-15 02:06:47','2002-08-08 10:38:50'),(36,275,'1989-05-20 13:02:33','2005-11-14 17:21:50'),(1,351,'1974-03-07 04:22:44','1991-10-01 02:09:34'),(25,458,'1994-09-28 09:26:42','2020-06-15 17:19:31'),(49,422,'2008-02-21 00:47:25','1973-02-08 05:19:45'),(29,399,'2003-03-29 07:50:18','1992-08-03 17:16:43'),(46,308,'1970-02-22 18:28:30','2020-06-15 16:39:46'),(16,465,'2005-04-21 09:05:25','2020-06-15 17:31:15'),(7,230,'2019-10-24 20:21:35','1977-08-17 04:46:21'),(17,189,'1977-11-08 15:14:16','2020-06-15 16:02:18'),(15,344,'2017-08-22 21:44:10','2020-06-15 16:47:46'),(35,213,'1973-09-20 22:33:17','1975-10-20 10:46:49'),(14,489,'1981-05-25 11:29:08','2008-03-16 16:54:11'),(29,417,'2005-02-06 14:02:55','1978-06-18 14:45:16'),(47,257,'1991-09-19 18:28:47','2019-08-22 17:49:51'),(24,281,'2015-10-20 08:47:36','2020-06-15 16:31:31'),(21,96,'1971-07-09 18:09:38','2008-09-01 19:03:57'),(15,211,'1977-06-03 13:20:23','2004-03-01 06:41:45'),(45,387,'1997-08-06 09:17:33','1987-11-24 13:57:18'),(26,350,'1981-05-13 16:55:24','2020-06-15 16:47:46'),(31,42,'2006-05-13 17:43:05','2004-02-10 00:19:28'),(34,266,'1982-05-19 21:30:43','1998-06-21 23:07:57'),(42,491,'1971-01-13 16:20:03','2016-11-17 03:30:00'),(44,483,'2018-12-12 18:53:11','1971-06-28 04:41:22'),(22,99,'2015-11-01 08:40:37','1995-05-02 00:11:27'),(26,279,'1971-10-28 15:20:34','2020-06-15 16:31:31'),(50,94,'2004-08-12 20:42:10','1970-04-19 00:37:18'),(8,131,'1984-09-22 00:19:40','1983-07-20 13:01:03'),(9,368,'2016-04-11 05:23:52','1995-10-16 15:20:19'),(5,44,'2005-10-01 06:24:14','2020-06-15 15:39:55'),(13,197,'1980-03-06 08:27:42','2020-06-15 16:02:19'),(41,326,'2014-09-13 13:59:40','2013-11-07 13:35:15'),(39,51,'1991-11-09 02:54:41','1981-09-26 04:02:35'),(4,224,'1986-07-09 11:15:39','2020-06-15 16:02:19'),(44,198,'2002-07-10 23:02:49','2020-06-15 16:02:19'),(26,178,'2010-10-28 01:34:28','2020-06-15 16:02:18'),(34,93,'1999-09-25 10:39:59','1970-01-12 00:07:43'),(2,186,'2002-06-06 19:13:18','2020-06-15 16:02:18'),(9,412,'2014-06-05 00:34:08','2020-06-15 17:06:56'),(24,302,'2012-12-16 15:57:43','1975-11-11 05:09:16'),(5,441,'1979-06-03 19:54:25','2020-06-15 17:11:36'),(17,46,'2015-12-30 23:33:46','2020-06-15 15:39:55'),(9,181,'2005-12-16 01:18:17','2020-06-15 16:02:18'),(18,162,'2014-08-27 22:50:29','1987-05-03 18:34:16'),(12,486,'1985-11-06 07:58:45','2020-06-15 17:37:53'),(21,239,'2004-12-06 09:08:38','2009-01-14 21:07:34'),(1,98,'2006-09-21 21:51:59','2020-06-15 16:10:49'),(7,383,'1985-06-08 12:40:00','2002-12-29 03:19:26'),(17,100,'1973-05-23 20:05:19','1982-01-15 21:59:15'),(21,88,'2002-12-09 05:57:39','2020-06-15 16:08:44'),(40,406,'2019-08-17 09:20:30','2020-06-15 17:04:15'),(35,492,'2002-02-27 17:06:59','2020-06-15 17:37:53'),(7,253,'2010-04-02 09:58:38','2020-06-15 16:02:19'),(49,143,'2007-10-23 05:43:26','1999-01-13 14:43:42'),(31,222,'1995-05-19 12:35:56','1973-09-26 09:38:45'),(45,248,'1987-10-02 07:26:51','2020-06-15 16:02:19'),(21,110,'2006-01-09 07:51:38','2020-06-15 16:14:47'),(39,289,'1984-09-15 05:05:37','1972-12-21 08:10:45'),(36,60,'1985-10-30 14:27:52','2020-06-15 15:39:56'),(45,423,'1997-03-26 03:22:57','2020-06-15 17:09:21'),(28,461,'2018-07-28 12:36:40','2020-06-15 17:27:39'),(22,278,'2014-08-14 07:10:50','1973-05-05 02:11:54'),(27,276,'1995-08-16 10:11:43','2000-09-21 17:49:38'),(17,379,'1991-12-25 16:07:22','2020-06-15 17:01:14'),(38,283,'2013-06-27 09:20:05','2020-06-15 16:31:31'),(3,270,'2012-07-08 09:18:13','1985-12-31 00:14:07'),(34,374,'1996-09-01 19:30:05','1991-06-28 18:44:01'),(1,332,'2007-11-13 01:41:27','2020-06-15 16:45:04'),(24,437,'2008-04-04 20:17:24','2020-06-15 17:09:21'),(4,454,'2013-04-26 17:21:23','2020-06-15 17:19:31'),(21,484,'1982-04-05 22:58:06','1987-09-02 01:51:28'),(39,371,'2009-12-23 04:22:32','2020-06-15 17:01:14'),(10,268,'1974-01-02 03:16:10','1996-05-24 05:59:59'),(21,394,'2006-08-12 01:37:45','2020-06-15 17:04:15'),(33,134,'2005-01-13 07:21:53','2020-06-15 16:19:06'),(43,89,'1988-10-12 13:59:09','2020-06-15 16:08:44'),(31,142,'1992-12-11 15:07:58','2009-12-06 11:52:06'),(38,68,'2007-09-02 04:09:14','2020-06-15 15:39:56'),(42,40,'1978-03-29 07:21:20','2008-06-27 06:04:30'),(1,292,'1996-05-16 07:51:08','2016-12-28 09:36:46'),(41,30,'2004-11-20 15:04:36','2012-06-15 19:03:16'),(7,245,'1997-08-20 08:30:02','2003-11-23 10:23:49'),(41,63,'2004-12-22 16:55:05','1981-01-25 19:31:02'),(15,112,'1988-12-18 09:50:00','2020-06-15 16:14:47'),(5,462,'2020-01-24 21:36:13','2020-06-15 17:29:10'),(17,256,'2003-04-04 16:30:53','1973-03-22 20:23:46'),(17,49,'2009-02-15 18:18:42','2006-10-28 13:44:47'),(18,496,'2018-08-19 07:36:52','2020-06-15 17:39:08'),(32,294,'1992-09-26 18:52:13','2020-06-15 16:37:38'),(22,108,'2004-12-03 09:59:17','2020-06-15 16:12:36'),(3,144,'1981-01-02 15:12:34','1975-05-03 07:20:36'),(25,334,'2011-03-14 01:46:18','1980-02-17 14:11:59'),(29,124,'1999-01-31 11:05:54','1975-06-10 03:19:29'),(41,475,'2017-06-11 03:11:20','2020-06-15 17:33:20'),(17,358,'2004-12-06 15:53:07','2020-06-15 16:58:09'),(50,72,'1975-06-30 11:22:14','1979-02-07 18:39:21'),(44,56,'2014-09-28 04:47:41','2020-06-15 15:39:56'),(32,240,'2016-12-04 10:54:53','2020-06-15 16:02:19'),(12,396,'1980-07-23 08:23:03','2020-06-15 17:04:15'),(48,165,'2008-08-30 02:54:57','1980-03-16 09:51:37'),(14,115,'1986-04-03 09:27:45','2020-06-15 16:14:47'),(42,299,'2012-06-06 08:26:10','2003-02-04 13:26:58'),(19,91,'2003-01-15 03:51:37','2001-02-25 09:37:03'),(6,6,'1972-02-18 06:19:42','1991-04-11 16:46:18'),(47,273,'1999-09-16 04:12:48','1988-02-10 19:33:17'),(15,447,'1991-11-24 13:43:45','2020-06-15 17:11:36'),(42,329,'1978-07-07 19:19:55','2020-06-15 16:35:31'),(33,201,'2003-07-11 16:01:56','1979-10-30 22:42:34'),(2,231,'2009-11-28 01:47:34','1970-05-04 00:01:32'),(41,179,'2017-12-19 17:47:16','2000-10-01 15:30:51'),(14,395,'1988-04-09 18:11:09','2001-05-04 01:21:04'),(26,69,'2009-02-03 19:02:25','2020-06-15 15:39:56'),(45,66,'2001-09-09 15:48:59','2016-01-17 18:56:22'),(42,65,'2016-04-02 05:45:57','2020-06-15 15:39:56'),(3,320,'1996-02-09 19:27:56','2020-06-15 16:35:31'),(23,158,'2015-11-11 09:24:04','2018-08-05 14:42:15'),(3,125,'1993-10-03 15:01:19','2020-06-15 16:17:01'),(46,219,'2018-01-19 08:31:41','2003-04-13 11:10:33'),(24,15,'1982-09-05 19:26:12','2007-01-07 23:05:15'),(23,140,'1996-07-31 14:02:54','2020-06-15 16:02:18'),(29,373,'1970-10-25 18:05:34','2014-12-23 04:18:17'),(20,141,'2015-11-16 13:19:19','2020-06-15 16:02:18'),(27,453,'2019-10-12 04:53:41','2020-06-15 17:19:31'),(41,280,'1989-11-02 23:48:38','1983-12-11 06:41:02'),(25,199,'1983-05-24 07:20:57','2020-06-15 16:02:19'),(46,385,'1987-12-05 04:12:25','2018-04-03 09:21:08'),(20,156,'1999-08-02 16:25:37','2020-06-15 16:02:18'),(46,121,'2018-11-15 22:19:04','2020-06-15 16:14:47'),(28,291,'2009-04-29 11:04:33','2020-06-15 16:37:38'),(22,297,'2011-03-04 03:44:34','1996-07-25 04:15:40'),(26,439,'1986-03-31 23:54:28','2010-12-21 08:14:16'),(46,288,'2007-08-26 23:49:22','1984-07-26 08:10:48'),(9,411,'1980-12-07 17:30:05','2002-05-23 08:07:33'),(1,324,'2001-04-22 19:44:40','1996-03-31 00:05:41'),(43,166,'2007-05-20 14:23:26','2020-06-15 16:02:18'),(3,159,'1991-07-06 23:39:50','2020-06-15 16:02:18'),(11,161,'2016-09-24 15:12:45','2020-06-15 16:02:18'),(42,282,'2019-08-08 22:13:32','2020-06-15 16:31:31'),(24,318,'1973-07-08 04:43:59','2016-02-19 18:05:24'),(15,436,'1971-10-28 19:16:45','2020-06-15 17:09:21'),(13,106,'2017-08-29 06:57:50','1994-05-29 15:51:00'),(37,215,'1991-02-25 20:28:32','2020-06-15 16:02:19'),(32,325,'1989-09-10 17:08:35','1991-01-07 04:57:20'),(47,90,'2018-09-25 16:35:55','1994-01-24 11:34:27'),(20,466,'1987-04-26 07:02:22','2020-06-15 17:31:15'),(39,391,'1987-08-26 17:54:21','2020-06-15 17:04:15'),(12,341,'2007-01-28 18:59:57','2007-12-27 11:57:51'),(25,146,'2007-04-27 14:41:29','2020-06-15 16:02:18'),(26,184,'2014-12-08 17:27:52','2020-06-15 16:02:18'),(3,177,'1980-10-04 01:58:37','2010-08-16 04:00:10'),(48,53,'2013-05-17 19:05:59','1988-01-17 11:46:25'),(39,83,'1980-07-23 08:44:36','1970-01-19 21:33:45'),(28,304,'1999-06-02 18:50:36','1979-06-04 13:22:30'),(45,452,'1976-02-07 11:47:23','2020-06-15 17:19:31'),(13,82,'1979-08-27 15:44:48','2020-06-15 16:08:44'),(49,175,'1992-09-18 17:57:21','2020-06-15 16:02:18'),(21,250,'1992-06-30 20:39:05','2020-06-15 16:02:19'),(7,19,'1990-11-09 22:10:07','2020-06-15 15:39:55'),(19,32,'1974-04-09 12:59:55','1994-03-12 16:08:17'),(11,310,'1995-04-15 03:35:32','2020-06-15 16:39:46'),(22,448,'2012-05-31 15:59:10','2020-06-15 17:11:36'),(34,327,'2014-03-25 14:34:22','2008-10-26 10:40:50'),(34,75,'2016-07-22 21:29:28','2005-02-04 14:08:46'),(3,85,'2006-04-19 06:20:49','2004-10-09 18:26:22'),(33,57,'1983-01-04 16:43:50','1980-05-15 14:37:43'),(27,303,'1973-02-22 03:07:13','1989-08-06 14:09:37'),(11,151,'2011-08-15 07:50:36','1983-04-21 15:43:54'),(39,314,'1995-12-31 15:23:45','2020-06-15 16:39:46'),(46,336,'1982-02-26 12:39:08','1984-12-12 11:30:38'),(39,71,'1989-04-19 02:03:32','2020-06-15 15:39:56'),(44,298,'1975-12-24 09:15:11','2020-06-15 16:37:38'),(32,135,'2011-02-11 11:45:52','1972-07-28 00:29:59'),(24,384,'1979-09-01 23:57:35','2005-11-13 02:41:28'),(16,333,'2011-04-18 06:10:38','2020-06-15 16:45:05'),(42,259,'2011-01-26 00:23:50','1975-04-14 06:37:51'),(29,126,'1992-03-26 08:17:00','2005-08-13 00:39:47'),(26,119,'1991-07-16 18:18:56','1985-06-09 18:02:20'),(46,77,'1996-08-23 23:56:44','2020-06-15 15:39:56'),(20,431,'2001-08-20 23:58:34','2020-06-15 17:09:21'),(17,16,'1972-11-23 12:12:32','1989-02-15 07:38:43'),(4,430,'1979-06-17 12:21:43','2009-03-01 16:29:38'),(32,127,'2006-04-08 04:47:11','2020-06-15 16:17:01'),(8,479,'2002-01-02 07:59:27','2020-06-15 17:33:20'),(3,34,'1986-08-08 00:16:46','2004-09-06 05:53:50'),(4,335,'1971-08-01 03:37:44','2020-06-15 16:45:05'),(11,420,'1998-10-25 03:38:59','2020-06-15 17:06:56'),(29,349,'1979-09-05 12:49:46','2020-06-15 16:47:46'),(11,28,'1990-08-23 03:12:38','2020-06-15 15:39:55'),(32,258,'2001-08-31 07:40:15','1975-09-15 22:51:35'),(43,228,'2005-07-14 08:21:57','1991-08-31 01:40:09'),(2,160,'1998-06-25 01:03:37','2020-06-15 16:02:18'),(36,187,'1976-01-25 20:47:53','2020-06-15 16:02:18'),(34,306,'1999-03-19 12:18:11','2010-09-28 15:59:06'),(35,33,'2012-06-04 05:24:21','2020-06-15 15:39:55'),(29,18,'1991-05-24 22:36:19','2008-06-18 06:24:44'),(5,227,'2008-08-08 19:47:20','2020-06-15 16:02:19'),(45,364,'1986-03-06 10:41:18','1999-05-03 06:13:11'),(48,26,'1973-01-02 02:41:21','1985-11-11 23:05:42'),(7,4,'1987-10-11 00:18:21','1999-01-09 22:49:02'),(6,107,'1980-09-18 07:07:28','1978-06-15 06:03:39'),(42,169,'1998-09-22 11:11:38','1976-01-24 07:44:59'),(8,207,'1979-12-22 17:44:22','2011-10-29 21:44:45'),(10,183,'2004-02-07 20:49:52','2008-10-06 00:54:32'),(23,410,'1976-04-10 22:38:47','2007-10-17 08:05:18'),(45,157,'2012-12-22 14:33:58','2007-12-01 02:55:48'),(14,393,'1979-07-31 02:44:37','2020-06-15 17:04:15'),(38,444,'2013-04-03 16:26:04','2020-06-15 17:11:36'),(23,210,'2018-12-08 06:12:15','2002-10-17 17:00:03'),(30,67,'1990-12-22 03:52:07','2020-06-15 15:39:56'),(24,78,'1998-11-04 11:09:42','2020-06-15 15:39:56'),(9,285,'1998-01-17 12:56:53','2012-03-26 21:37:06'),(42,39,'1974-01-03 15:48:36','2020-06-15 15:39:55'),(15,353,'2001-02-03 13:11:18','2020-06-15 16:58:09'),(7,485,'1980-01-13 00:07:19','2020-06-15 17:37:53'),(40,120,'2010-12-02 17:38:37','1980-07-19 14:44:02'),(33,309,'2019-08-07 16:39:33','1970-03-11 08:13:50'),(29,400,'1970-04-09 03:02:10','2009-08-11 03:13:35'),(2,386,'2008-06-08 11:32:55','2010-12-23 05:18:46'),(9,242,'2001-11-17 19:36:02','1984-12-05 02:50:55'),(30,23,'1986-10-12 16:27:54','1992-01-16 14:06:02'),(40,381,'1970-03-27 20:09:58','2020-06-15 17:01:14'),(48,271,'1992-03-23 12:23:21','1972-01-02 09:02:33'),(43,200,'1979-04-03 19:02:10','2003-05-09 12:56:42'),(49,218,'2016-12-09 13:08:10','1997-09-04 07:28:33'),(28,220,'1984-04-30 16:29:31','2014-04-25 05:48:03'),(31,255,'2012-01-02 00:54:29','2020-06-15 16:02:19'),(1,214,'1998-11-13 07:35:18','1984-10-07 02:40:19'),(40,129,'2016-07-19 09:41:37','2020-06-15 16:17:01'),(10,419,'1979-11-01 09:59:40','2020-06-15 17:06:56'),(37,490,'1985-08-16 13:05:16','2002-10-26 03:50:23'),(8,191,'1978-09-16 18:53:34','2000-08-25 16:57:44'),(30,264,'1972-11-09 18:17:15','2020-06-15 16:31:31'),(9,313,'1974-09-15 20:36:08','2001-04-16 05:34:29'),(25,172,'2018-06-27 16:14:28','1981-11-19 19:09:46'),(6,43,'2007-06-30 13:43:38','2012-11-24 10:27:28'),(20,451,'2011-09-28 11:35:35','2020-05-28 06:11:18'),(48,498,'1998-03-18 14:07:38','2020-06-15 17:42:07'),(23,342,'1996-10-30 15:01:35','2020-06-15 16:47:46'),(38,202,'1983-10-08 08:50:18','1997-05-31 04:32:25'),(12,116,'1981-09-29 00:50:50','2020-06-15 16:14:47'),(43,337,'1995-04-22 20:23:24','2020-06-15 16:45:05'),(1,378,'2009-01-06 03:24:53','2020-06-15 17:01:14'),(13,331,'1989-08-30 01:13:39','2020-06-15 16:35:31'),(8,488,'1984-02-04 02:17:53','2020-06-15 17:37:53'),(35,408,'1971-11-05 19:01:39','2020-06-15 17:06:56'),(22,424,'1995-10-21 12:42:17','2006-09-19 20:04:22'),(14,17,'1978-12-26 12:13:52','1973-12-20 12:17:24'),(29,226,'2018-10-22 05:29:03','2007-12-13 20:50:05'),(33,38,'1985-08-22 04:37:45','2020-06-15 15:39:55'),(40,316,'2011-06-19 21:53:53','2020-06-15 16:39:46'),(8,92,'2005-06-10 16:03:37','2005-09-20 19:44:42'),(34,47,'1999-06-07 02:45:50','2020-06-15 15:39:56'),(27,58,'1992-01-02 21:21:13','2020-06-15 15:39:56'),(45,136,'1970-12-12 02:02:57','2009-12-07 02:03:22'),(26,61,'2012-08-31 01:01:22','1986-12-23 20:54:51'),(28,464,'2014-09-15 16:54:54','2020-06-15 17:31:15'),(48,194,'1983-07-04 13:53:11','2020-06-15 16:02:18'),(11,95,'1973-02-23 18:29:23','2020-06-15 16:10:49'),(18,182,'2020-04-02 19:47:05','1991-11-11 00:59:51'),(34,31,'2007-08-30 10:06:11','2020-06-15 15:39:55'),(13,48,'1989-03-22 07:06:49','2020-06-15 15:39:56'),(45,263,'1970-02-15 03:27:10','2016-08-28 03:18:25'),(7,233,'2005-09-23 23:53:14','1975-11-17 02:39:52'),(49,398,'1978-04-22 05:09:56','1983-12-06 21:05:39'),(27,352,'1980-09-25 07:56:00','2020-06-15 16:58:09'),(29,343,'1971-11-20 06:14:18','1975-03-01 02:15:32'),(48,114,'2016-07-29 00:54:09','2004-12-26 10:12:25'),(40,241,'1993-08-23 09:26:34','1978-06-22 14:43:14'),(17,339,'1988-10-28 16:23:55','2006-09-01 22:18:56'),(38,345,'1981-10-25 12:06:49','2020-06-15 16:47:46'),(40,155,'1983-10-26 09:40:02','1979-05-16 00:58:32'),(11,307,'2017-06-30 00:57:16','2020-06-15 16:39:46'),(44,152,'1988-08-01 12:14:19','2020-06-15 16:02:18'),(49,109,'1988-10-26 05:12:04','2006-09-25 08:14:12');
/*!40000 ALTER TABLE `authors_books` ENABLE KEYS */;
UNLOCK TABLES;

--
-- Table structure for table `books`
--

DROP TABLE IF EXISTS `books`;
/*!40101 SET @saved_cs_client     = @@character_set_client */;
/*!50503 SET character_set_client = utf8mb4 */;
CREATE TABLE `books` (
  `id` int unsigned NOT NULL AUTO_INCREMENT,
  `name_book` varchar(100) CHARACTER SET utf8 COLLATE utf8_unicode_ci DEFAULT NULL,
  `genre_id` int unsigned DEFAULT NULL,
  `series_id` int unsigned DEFAULT NULL,
  `publishing_company_id` int unsigned DEFAULT '1',
  `publication_date` date DEFAULT NULL,
  `created_at` datetime DEFAULT CURRENT_TIMESTAMP,
  `updated_at` datetime DEFAULT CURRENT_TIMESTAMP ON UPDATE CURRENT_TIMESTAMP,
  PRIMARY KEY (`id`),
  KEY `books_genre_id_fk` (`genre_id`),
  KEY `books_series_id_fk` (`series_id`),
  KEY `books_publishing_company_id_fk` (`publishing_company_id`),
  KEY `books_name_book_idx` (`name_book`),
  CONSTRAINT `books_genre_id_fk` FOREIGN KEY (`genre_id`) REFERENCES `literary_genre` (`id`) ON DELETE CASCADE,
  CONSTRAINT `books_publishing_company_id_fk` FOREIGN KEY (`publishing_company_id`) REFERENCES `publishing_company` (`id`) ON DELETE CASCADE,
  CONSTRAINT `books_series_id_fk` FOREIGN KEY (`series_id`) REFERENCES `series` (`id`) ON DELETE CASCADE
) ENGINE=InnoDB AUTO_INCREMENT=501 DEFAULT CHARSET=utf8 COLLATE=utf8_unicode_ci;
/*!40101 SET character_set_client = @saved_cs_client */;

--
-- Dumping data for table `books`
--

LOCK TABLES `books` WRITE;
/*!40000 ALTER TABLE `books` DISABLE KEYS */;
INSERT INTO `books` VALUES (1,'libero',12,NULL,5,'2012-11-05','2019-07-18 23:12:50','1983-12-27 14:23:56'),(2,'aperiam',13,NULL,5,'2014-08-21','1970-01-26 16:37:49','2015-08-10 13:06:28'),(3,'omnis',12,NULL,8,'2016-09-17','1979-10-04 12:09:54','1976-06-14 21:31:58'),(4,'voluptas',8,NULL,8,'2013-08-22','2000-03-10 02:37:42','1980-01-02 01:32:02'),(5,'quas',11,NULL,7,'2010-08-31','1999-08-06 06:15:35','1974-12-25 11:20:50'),(6,'sit',10,NULL,2,'2011-01-14','2015-10-01 01:27:56','2007-01-07 11:58:17'),(7,'distinctio',14,NULL,8,'2015-09-22','2006-05-27 06:32:34','2009-11-15 02:08:00'),(8,'provident',7,1,4,'2018-05-28','1979-03-01 23:36:35','1978-01-31 18:35:52'),(9,'cumque',8,NULL,5,'2017-09-29','2001-10-16 01:17:36','1983-07-18 17:03:50'),(10,'blanditiis',13,NULL,6,'2013-03-02','2017-08-06 02:34:36','1982-05-17 11:54:44'),(11,'voluptas',7,NULL,10,'2011-09-22','1997-12-07 21:09:44','1984-10-14 05:51:56'),(12,'occaecati',11,8,5,'2017-10-15','1986-03-08 16:17:55','2011-12-29 13:38:29'),(13,'corporis',7,NULL,5,'2018-12-08','1972-09-05 09:24:04','1989-08-31 23:57:23'),(14,'consequatur',9,NULL,8,'2017-11-19','1987-01-16 02:10:59','2007-03-27 18:16:14'),(15,'itaque',4,8,6,'2012-03-19','1975-02-01 12:27:47','2011-06-18 20:32:51'),(16,'qui',2,10,1,'2020-04-08','1979-08-05 10:14:21','2015-05-17 16:53:19'),(17,'deleniti',1,NULL,10,'2013-01-06','2020-06-03 07:13:53','1976-01-30 09:29:06'),(18,'officia',8,NULL,9,'2018-10-11','2010-06-12 13:54:29','1981-08-13 05:36:36'),(19,'voluptatem',11,NULL,1,'2017-02-08','1984-01-18 02:27:27','2008-09-18 17:14:32'),(20,'facilis',9,NULL,5,'2016-12-10','1977-02-02 00:15:59','1998-09-27 06:31:38'),(21,'autem',10,NULL,4,'2013-02-19','1974-07-19 10:38:51','1990-12-23 21:54:15'),(22,'quis',9,NULL,7,'2020-03-16','1970-09-25 07:21:22','2019-06-26 04:58:53'),(23,'deleniti',2,2,1,'2018-06-30','1991-03-15 13:09:33','1998-08-12 01:29:10'),(24,'quo',1,NULL,7,'2011-02-10','2005-05-25 02:45:57','1988-11-23 22:10:12'),(25,'in',7,NULL,10,'2015-02-12','1995-08-19 11:55:58','2009-01-28 08:22:41'),(26,'ipsa',3,NULL,10,'2013-01-15','2020-04-23 12:23:37','2015-11-24 14:58:14'),(27,'sunt',12,NULL,10,'2014-11-18','1976-06-03 07:10:18','1998-06-20 19:37:32'),(28,'praesentium',6,NULL,4,'2015-10-05','2016-03-28 10:10:07','1985-02-06 04:31:19'),(29,'vel',6,6,1,'2015-11-12','2009-05-09 07:21:33','2014-06-11 15:03:22'),(30,'autem',1,NULL,7,'2014-07-18','2002-06-12 21:53:12','2000-01-27 23:38:23'),(31,'dolorum',9,NULL,2,'2019-06-07','1988-03-01 15:42:57','1983-04-16 15:19:57'),(32,'aliquam',10,11,7,'2013-01-17','1973-03-19 19:11:11','2008-12-15 11:56:01'),(33,'quisquam',2,NULL,3,'2019-08-23','2004-04-08 05:12:04','2012-02-04 01:47:46'),(34,'soluta',8,NULL,9,'2013-08-06','1987-06-12 01:12:59','1980-08-17 07:39:02'),(35,'illo',5,NULL,2,'2014-05-26','2002-12-09 20:15:05','2011-02-21 14:58:33'),(36,'deleniti',4,NULL,10,'2018-11-10','1993-11-06 01:29:28','1991-12-18 21:21:10'),(37,'illum',8,NULL,9,'2011-05-27','1989-07-12 11:18:21','1981-09-02 20:43:19'),(38,'cumque',9,NULL,7,'2012-04-12','1971-12-05 21:12:16','2007-02-03 12:01:38'),(39,'ea',13,NULL,7,'2015-10-23','1984-01-02 09:10:34','1994-08-30 20:50:11'),(40,'sed',5,NULL,4,'2019-02-25','2013-12-06 11:52:27','2002-12-26 11:18:42'),(41,'eaque',9,NULL,5,'2013-04-05','1997-10-27 06:19:45','1999-12-02 18:02:59'),(42,'accusamus',4,10,5,'2018-08-11','1979-04-13 13:15:56','1977-05-08 02:34:52'),(43,'iure',6,NULL,7,'2015-04-15','1991-02-09 22:56:24','2006-05-21 16:39:40'),(44,'facere',11,NULL,9,'2017-06-11','2013-08-29 23:23:23','1972-08-19 21:27:36'),(45,'pariatur',11,NULL,8,'2020-04-19','1974-06-25 04:09:28','1989-04-12 23:18:12'),(46,'necessitatibus',7,NULL,4,'2011-09-16','2010-10-24 02:38:46','2016-07-05 02:20:07'),(47,'recusandae',13,NULL,2,'2017-06-14','2001-06-06 06:00:39','1993-03-19 11:26:40'),(48,'fugit',1,13,10,'2012-09-03','1982-08-11 12:34:47','1990-10-10 09:52:31'),(49,'voluptatibus',5,NULL,6,'2014-05-12','2004-11-21 07:45:55','1970-06-15 19:52:08'),(50,'est',11,NULL,7,'2019-07-18','1982-02-04 15:56:07','1994-05-13 13:42:23'),(51,'autem',11,5,1,'2018-07-25','1972-01-18 20:43:28','1978-05-12 18:40:48'),(52,'et',9,NULL,3,'2018-01-06','1978-05-07 02:35:11','2009-08-12 16:28:17'),(53,'fuga',13,NULL,3,'2018-01-09','2008-07-12 19:41:30','2014-03-29 15:06:10'),(54,'incidunt',14,NULL,8,'2011-09-14','1992-01-19 18:25:24','1983-11-04 01:34:41'),(55,'alias',13,NULL,3,'2018-08-01','2016-09-06 14:51:58','1974-11-21 04:36:07'),(56,'dolorum',2,NULL,5,'2012-12-24','1970-01-28 16:30:33','1996-07-06 05:12:39'),(57,'modi',11,8,4,'2012-12-07','1978-04-12 14:47:54','1993-04-06 10:50:58'),(58,'vero',13,NULL,2,'2014-12-23','2006-06-14 01:50:30','2011-11-17 09:22:58'),(59,'itaque',2,NULL,7,'2015-10-25','1987-01-11 23:48:21','1979-07-05 13:01:29'),(60,'expedita',14,25,8,'2012-08-23','1992-01-21 11:32:25','1989-06-06 20:31:23'),(61,'rerum',6,NULL,5,'2019-09-13','2010-07-17 12:28:46','1984-11-29 21:56:28'),(62,'molestiae',2,NULL,3,'2017-03-26','2020-05-17 20:39:00','2013-06-19 23:29:02'),(63,'unde',8,1,2,'2020-02-22','2018-12-07 06:59:23','1984-02-17 04:41:52'),(64,'laborum',3,NULL,9,'2018-10-31','2011-11-12 19:36:39','1976-04-30 12:07:26'),(65,'eum',10,NULL,10,'2019-07-05','1983-11-03 17:05:47','1995-10-24 01:51:11'),(66,'rerum',8,NULL,5,'2015-03-18','2012-11-22 23:18:29','2018-12-26 01:06:17'),(67,'officia',1,NULL,2,'2020-06-09','1998-01-03 21:08:54','2012-04-21 18:30:10'),(68,'illo',11,NULL,10,'2016-11-28','1977-05-21 10:46:47','2004-05-22 20:11:26'),(69,'quas',6,NULL,7,'2017-05-26','2012-05-27 14:11:04','1976-03-28 19:34:31'),(70,'blanditiis',10,NULL,4,'2011-05-18','2007-05-20 07:08:00','1989-05-19 17:34:50'),(71,'natus',14,NULL,9,'2014-11-14','1970-06-19 07:06:16','1980-06-26 14:18:52'),(72,'ut',12,3,7,'2011-04-22','2004-05-09 15:05:42','1983-01-21 08:42:02'),(73,'illum',3,NULL,7,'2010-08-28','2013-01-26 00:22:03','2014-08-23 10:56:48'),(74,'consequatur',13,NULL,3,'2018-01-10','2019-04-21 20:14:39','1997-10-24 17:20:39'),(75,'asperiores',5,NULL,9,'2016-04-02','1984-10-31 16:51:11','2001-11-14 21:53:36'),(76,'corrupti',1,NULL,7,'2019-06-07','1992-04-01 12:47:54','2006-05-29 13:24:02'),(77,'omnis',4,NULL,2,'2019-05-25','2012-06-08 08:44:52','1995-10-22 07:04:23'),(78,'delectus',13,NULL,8,'2013-10-09','1987-03-26 12:24:47','2003-01-08 12:50:08'),(79,'praesentium',5,NULL,2,'2016-06-08','2001-02-25 11:09:15','1982-10-08 10:05:19'),(80,'aut',10,NULL,1,'2011-11-30','1975-12-24 15:56:35','1997-09-09 13:54:06'),(81,'repudiandae',2,NULL,3,'2016-01-23','1985-10-28 10:50:37','2005-03-30 04:30:04'),(82,'placeat',7,14,2,'2012-06-02','1983-02-01 07:29:40','2012-07-31 09:40:57'),(83,'facere',6,NULL,2,'2014-07-25','2019-04-02 21:10:22','1982-01-23 12:48:07'),(84,'laborum',1,NULL,9,'2015-03-09','1971-01-25 16:59:38','1982-02-28 15:02:57'),(85,'necessitatibus',12,9,8,'2015-07-18','1982-03-18 23:54:53','2010-01-22 02:48:46'),(86,'nihil',3,NULL,8,'2017-07-14','1987-02-25 10:02:31','1970-07-15 20:44:31'),(87,'esse',8,23,10,'2013-01-05','1986-09-16 10:21:41','2018-05-01 04:28:27'),(88,'eveniet',7,NULL,8,'2011-04-11','1972-06-25 03:15:32','1979-08-20 18:36:02'),(89,'rerum',10,NULL,4,'2020-04-15','1976-05-16 12:04:23','2011-02-26 07:30:33'),(90,'illo',1,NULL,10,'2019-11-12','2001-04-17 05:40:05','1989-08-29 12:33:05'),(91,'cumque',3,NULL,1,'2015-09-18','1981-02-09 00:20:21','2003-04-03 06:29:06'),(92,'sed',9,17,4,'2015-05-04','1989-09-20 20:02:24','2015-08-07 12:41:46'),(93,'magni',4,NULL,6,'2019-11-27','1970-04-30 00:24:44','2017-09-26 22:48:29'),(94,'est',3,NULL,7,'2018-11-22','1993-10-27 06:46:57','2003-03-18 12:59:48'),(95,'in',10,12,9,'2018-10-14','1995-01-21 19:22:18','1999-01-01 13:01:44'),(96,'sapiente',9,NULL,8,'2020-04-28','2009-07-30 00:13:46','1997-09-22 03:02:50'),(97,'animi',1,NULL,2,'2015-07-08','2018-03-04 10:52:20','1975-06-14 12:33:18'),(98,'laborum',14,NULL,5,'2016-09-20','1989-09-19 01:44:18','2015-02-12 00:46:02'),(99,'et',5,NULL,10,'2018-11-24','1983-01-07 07:49:31','1979-11-03 10:43:39'),(100,'voluptatem',4,4,2,'2011-08-14','1970-02-01 05:37:02','2001-06-03 09:20:58'),(101,'occaecati',11,NULL,4,'2011-11-04','2017-05-11 11:09:53','1987-07-23 19:10:54'),(102,'dolorum',13,NULL,3,'2013-04-18','1996-01-10 04:12:08','2006-10-02 07:17:12'),(103,'aut',5,NULL,5,'2020-01-25','1976-07-02 06:20:47','1989-12-22 06:59:47'),(104,'earum',1,NULL,10,'2015-03-30','1990-04-30 07:22:00','2009-08-08 13:28:29'),(105,'rerum',11,NULL,1,'2015-04-28','2016-03-23 00:41:57','1986-03-10 04:27:02'),(106,'in',14,NULL,9,'2020-02-19','2017-03-19 06:50:44','2014-11-30 14:48:02'),(107,'dignissimos',2,24,6,'2012-05-19','2001-01-22 13:46:23','1996-04-17 11:35:47'),(108,'a',4,NULL,4,'2020-03-12','2020-01-11 07:33:47','2015-05-21 16:13:38'),(109,'architecto',3,NULL,5,'2018-04-13','1975-04-26 10:25:59','2013-05-12 14:35:00'),(110,'suscipit',14,NULL,9,'2015-10-20','2001-06-06 12:00:16','1986-09-03 12:09:58'),(111,'facere',4,NULL,7,'2012-04-23','2007-09-26 03:35:54','1981-05-21 17:26:10'),(112,'voluptas',9,24,4,'2017-11-09','1975-11-10 03:01:21','1976-03-27 13:46:16'),(113,'aliquid',11,NULL,6,'2016-12-22','2005-05-05 05:17:27','1974-05-04 00:39:03'),(114,'dolorum',11,NULL,1,'2020-02-14','1973-09-27 18:35:53','1977-08-07 06:51:01'),(115,'distinctio',8,NULL,10,'2015-04-01','2008-04-03 07:24:04','1991-08-06 04:38:48'),(116,'unde',3,NULL,3,'2019-11-21','1999-05-24 10:38:49','1984-01-26 13:47:25'),(117,'aut',5,NULL,1,'2013-06-29','1990-01-24 02:20:20','1983-12-08 16:59:55'),(118,'non',8,NULL,7,'2016-01-13','1998-12-21 07:31:50','1984-12-16 05:03:01'),(119,'exercitationem',7,NULL,6,'2014-04-23','2005-12-30 00:31:56','1996-06-27 02:33:30'),(120,'dolorem',10,7,3,'2011-04-26','1973-11-04 04:45:18','1983-08-10 12:13:55'),(121,'eum',9,NULL,7,'2017-09-15','1971-09-18 10:47:31','2015-06-13 00:22:48'),(122,'doloremque',2,NULL,8,'2015-08-09','1994-03-23 02:26:02','1997-11-24 02:16:17'),(123,'voluptas',3,NULL,4,'2014-12-14','1977-05-13 14:51:50','2001-02-24 16:41:12'),(124,'fugiat',2,NULL,4,'2014-11-23','2005-12-10 15:24:33','1976-03-11 15:14:45'),(125,'maiores',12,NULL,2,'2016-12-20','2012-05-24 02:29:16','1985-05-28 19:03:40'),(126,'dolorem',3,20,2,'2010-08-25','2019-10-18 19:13:36','1990-02-24 06:50:41'),(127,'et',11,NULL,8,'2015-06-04','1985-03-19 11:29:09','1989-07-30 20:45:22'),(128,'voluptatibus',7,NULL,5,'2013-09-21','1975-07-08 03:14:38','1992-01-06 15:36:33'),(129,'ut',5,NULL,2,'2019-08-06','1994-06-02 20:45:59','1988-04-20 03:18:08'),(130,'sit',7,NULL,9,'2014-07-02','1982-09-13 14:55:01','1991-08-29 19:18:52'),(131,'qui',2,NULL,7,'2012-02-17','1976-10-05 04:35:17','1987-09-21 22:38:05'),(132,'illo',3,NULL,5,'2011-12-30','1973-08-16 16:11:07','2014-02-24 13:33:18'),(133,'tempore',10,22,8,'2010-09-28','1983-02-19 11:08:30','1994-11-20 10:16:53'),(134,'ea',2,NULL,2,'2017-10-28','2010-02-16 12:33:38','1981-12-24 04:17:01'),(135,'consequuntur',5,NULL,8,'2019-07-15','1982-09-08 17:00:31','2017-07-18 04:09:57'),(136,'iusto',6,NULL,10,'2012-03-24','1992-09-08 03:17:44','1982-11-02 03:33:36'),(137,'odit',6,NULL,6,'2015-04-16','1985-04-11 07:32:04','1977-03-19 09:17:08'),(138,'omnis',10,15,7,'2018-09-09','2005-07-15 14:44:27','1992-02-06 00:39:01'),(139,'illo',13,NULL,9,'2011-12-24','1989-07-14 22:20:20','2019-05-15 17:38:10'),(140,'dolor',14,NULL,8,'2014-01-30','2005-03-28 07:42:55','1996-12-02 16:53:39'),(141,'numquam',13,NULL,2,'2016-07-19','2003-05-24 22:15:52','2012-07-22 23:35:57'),(142,'facilis',13,NULL,7,'2014-02-23','2015-10-05 22:54:45','2000-12-15 21:08:12'),(143,'eveniet',13,NULL,4,'2016-05-30','2006-11-10 10:54:21','1973-12-23 13:14:17'),(144,'recusandae',2,NULL,3,'2011-02-02','1993-07-05 11:24:38','1992-06-18 14:29:51'),(145,'et',7,NULL,6,'2018-04-07','1992-02-07 11:04:38','2008-08-16 20:07:49'),(146,'laboriosam',2,NULL,6,'2019-11-07','1979-10-22 08:56:32','2014-02-17 07:09:17'),(147,'maxime',3,15,4,'2013-09-24','2011-03-04 10:16:57','2013-10-29 18:09:39'),(148,'labore',1,NULL,9,'2018-05-17','1972-12-31 20:53:55','1983-03-12 22:45:13'),(149,'minus',1,NULL,2,'2013-11-26','1987-09-16 18:13:23','1990-06-28 08:27:58'),(150,'ut',1,NULL,4,'2012-01-21','1975-08-13 05:46:25','2001-09-19 18:19:43'),(151,'repellendus',14,NULL,5,'2018-03-17','1985-11-04 20:07:08','1992-05-26 03:07:46'),(152,'modi',5,NULL,4,'2012-05-24','1981-12-21 07:59:28','1983-01-10 00:41:11'),(153,'nostrum',13,1,1,'2018-03-23','1974-10-22 03:22:23','1983-04-08 02:02:46'),(154,'et',1,NULL,9,'2015-09-03','2002-10-13 05:27:46','1980-03-18 21:17:32'),(155,'magnam',12,NULL,10,'2018-11-24','2006-12-19 22:44:07','1974-07-08 19:14:18'),(156,'esse',9,NULL,8,'2018-01-06','1982-03-10 07:39:16','1987-10-04 06:46:30'),(157,'similique',2,16,5,'2013-03-13','1974-04-27 18:04:56','1985-12-14 12:48:27'),(158,'nobis',6,NULL,1,'2013-04-04','1994-05-20 18:45:37','2002-03-27 16:50:27'),(159,'et',11,NULL,6,'2017-04-27','2011-11-22 03:10:32','1991-10-08 16:54:17'),(160,'at',5,NULL,3,'2018-03-11','1996-07-14 14:17:32','2016-06-04 13:40:11'),(161,'sit',1,NULL,5,'2010-08-16','2001-09-16 20:49:34','1972-07-18 05:30:01'),(162,'incidunt',12,NULL,2,'2010-09-09','2018-11-08 19:16:05','1976-01-27 12:34:17'),(163,'voluptates',11,NULL,9,'2012-08-11','1989-04-25 18:51:35','2009-03-28 01:16:01'),(164,'qui',1,NULL,8,'2017-02-28','1986-07-12 13:08:56','1997-10-14 19:17:45'),(165,'veritatis',1,21,1,'2019-05-12','2007-08-26 17:46:21','1983-09-27 13:15:39'),(166,'expedita',2,NULL,1,'2014-02-16','2012-03-03 23:50:44','1984-05-01 06:22:41'),(167,'nihil',7,NULL,5,'2018-04-22','1977-09-07 22:35:30','1999-10-15 00:15:17'),(168,'consequatur',6,NULL,4,'2015-01-10','1977-11-17 23:39:28','2005-04-25 08:49:14'),(169,'omnis',7,NULL,5,'2014-10-16','2008-06-06 10:45:30','1970-01-29 04:55:07'),(170,'sunt',4,NULL,4,'2016-07-05','1975-06-11 11:32:17','2005-08-30 06:56:46'),(171,'odio',6,NULL,9,'2017-06-07','1976-12-02 05:38:48','1989-03-12 01:28:24'),(172,'sunt',2,NULL,5,'2019-04-02','2005-10-11 02:52:16','1982-03-09 00:19:53'),(173,'culpa',4,21,6,'2016-04-12','1984-05-21 23:39:47','1990-03-25 11:04:44'),(174,'iste',8,NULL,1,'2016-01-12','1974-09-01 09:47:53','1982-04-08 20:50:58'),(175,'est',1,NULL,9,'2014-06-13','1992-09-12 17:32:47','2000-04-20 15:01:57'),(176,'est',4,NULL,1,'2019-03-12','2003-06-23 15:36:26','1984-11-17 09:19:59'),(177,'consequuntur',4,21,1,'2014-04-06','1996-10-14 11:51:57','1999-01-20 19:24:39'),(178,'quia',4,NULL,10,'2012-12-10','2015-07-22 07:52:47','2018-09-21 07:30:50'),(179,'porro',14,NULL,3,'2013-07-11','1973-10-18 11:43:24','1983-12-22 14:24:06'),(180,'ab',11,NULL,10,'2016-06-18','2001-06-04 01:04:34','1996-06-25 16:36:04'),(181,'ducimus',5,NULL,9,'2019-03-04','2002-12-06 13:42:37','1996-05-21 20:25:07'),(182,'veritatis',1,21,9,'2013-10-11','2005-02-22 12:28:03','1983-01-08 06:17:54'),(183,'nam',5,NULL,5,'2012-09-23','2014-07-12 13:22:43','1983-04-29 23:39:00'),(184,'molestiae',3,NULL,9,'2012-11-16','1976-10-02 12:20:53','1998-02-20 23:22:31'),(185,'assumenda',12,NULL,5,'2016-11-19','1996-02-09 14:25:37','2005-07-02 14:40:44'),(186,'et',2,NULL,3,'2011-06-09','2011-07-29 05:00:34','1972-07-15 23:38:33'),(187,'eos',4,19,3,'2015-12-28','2001-08-12 02:44:01','1999-08-17 21:16:20'),(188,'eos',11,NULL,6,'2018-09-12','1970-02-26 13:12:52','2016-08-16 16:52:01'),(189,'voluptatem',11,NULL,3,'2018-08-10','2018-01-04 20:24:38','2018-09-01 10:41:20'),(190,'quo',8,NULL,8,'2010-08-13','1986-01-08 20:52:06','1985-04-15 04:52:25'),(191,'ut',1,NULL,9,'2020-05-15','1987-10-08 20:36:03','2016-11-11 16:09:58'),(192,'quas',11,NULL,4,'2016-05-12','1987-09-29 03:12:13','1987-04-22 17:22:20'),(193,'tempora',13,NULL,1,'2016-11-23','1983-07-30 16:29:54','2008-02-07 22:04:25'),(194,'quas',4,10,9,'2016-06-27','2019-09-02 02:01:43','1976-08-30 12:34:52'),(195,'sit',5,NULL,1,'2014-06-22','1978-03-11 02:48:36','1978-11-02 03:22:44'),(196,'ut',12,NULL,7,'2014-11-18','1994-03-20 20:32:36','2003-03-27 08:20:00'),(197,'in',13,NULL,9,'2012-01-13','1974-09-11 22:36:27','1995-07-30 09:58:37'),(198,'dolores',7,NULL,3,'2018-12-01','1982-08-29 21:17:43','2000-11-25 01:56:48'),(199,'dolores',4,NULL,7,'2015-01-06','1979-11-28 08:11:03','2007-09-16 03:01:30'),(200,'assumenda',1,18,2,'2016-01-18','2003-10-17 04:49:03','2001-01-23 06:20:41'),(201,'omnis',2,NULL,2,'2016-08-17','1994-04-13 14:18:38','1990-06-21 20:25:47'),(202,'nobis',6,NULL,4,'2012-05-16','2008-02-02 04:50:25','2006-09-10 05:22:41'),(203,'repudiandae',6,NULL,2,'2019-08-25','1995-03-20 07:35:23','2001-03-19 04:51:45'),(204,'velit',13,NULL,2,'2016-06-16','1982-08-31 15:42:09','1983-03-17 18:12:25'),(205,'dolorem',6,NULL,5,'2018-10-03','2012-08-26 23:49:17','1984-01-17 07:28:26'),(206,'ut',13,NULL,5,'2017-04-14','2001-01-20 20:51:15','2009-03-27 09:24:04'),(207,'illum',5,NULL,7,'2011-12-29','1972-08-23 04:12:59','1989-05-12 11:22:50'),(208,'assumenda',11,NULL,2,'2013-07-14','2004-06-21 20:05:42','1977-06-16 16:52:14'),(209,'alias',10,NULL,1,'2011-04-14','2007-12-10 20:02:15','2001-09-29 17:42:55'),(210,'harum',1,5,10,'2011-11-20','1994-08-25 22:55:19','2013-08-05 15:00:28'),(211,'facilis',1,NULL,9,'2011-03-04','2001-12-22 19:02:59','2016-01-21 20:48:06'),(212,'consequatur',10,NULL,10,'2019-08-13','2015-12-21 23:18:18','2005-03-29 20:03:22'),(213,'non',10,NULL,2,'2019-09-18','1985-12-28 00:59:42','1971-12-06 08:43:13'),(214,'doloribus',3,NULL,10,'2017-11-10','1999-08-17 04:24:47','1988-01-19 02:25:07'),(215,'nobis',12,NULL,3,'2011-05-16','2000-10-25 23:16:13','1980-07-16 06:33:15'),(216,'fuga',2,NULL,10,'2014-10-12','1974-05-15 14:56:01','2009-11-25 09:37:48'),(217,'minus',6,NULL,5,'2013-01-23','1974-11-09 18:00:22','1973-08-22 14:45:35'),(218,'sequi',5,NULL,9,'2012-11-30','2006-07-11 14:30:35','1987-12-05 21:58:15'),(219,'soluta',9,NULL,3,'2010-09-22','1997-02-22 01:11:49','1991-01-28 05:03:14'),(220,'consequatur',14,NULL,10,'2015-04-05','2013-03-16 15:35:52','1977-06-07 02:44:11'),(221,'perferendis',11,NULL,9,'2018-01-16','2008-07-28 09:10:47','1986-07-27 07:57:31'),(222,'nesciunt',6,NULL,1,'2019-07-29','1983-08-26 04:29:23','2005-12-22 03:50:44'),(223,'beatae',7,NULL,2,'2020-03-06','2005-12-27 18:59:21','1990-10-10 08:48:37'),(224,'aperiam',4,NULL,2,'2013-04-25','1990-11-22 19:55:28','1998-02-23 12:00:03'),(225,'est',2,NULL,3,'2010-06-17','2013-07-12 23:03:01','2017-02-14 18:10:10'),(226,'officiis',2,NULL,2,'2015-08-14','1985-11-08 17:43:12','2000-12-11 19:53:42'),(227,'et',2,NULL,8,'2012-12-06','1974-04-09 17:03:26','1984-12-29 22:42:52'),(228,'tempora',2,NULL,9,'2017-12-16','1988-03-03 10:18:20','1993-09-05 05:18:08'),(229,'numquam',14,NULL,3,'2019-06-30','1995-08-26 20:51:01','2013-05-16 04:40:11'),(230,'est',12,NULL,8,'2017-03-21','1993-03-07 20:56:23','1988-06-26 00:22:18'),(231,'eos',7,NULL,9,'2016-02-14','1976-12-18 21:15:28','1995-06-01 03:56:15'),(232,'placeat',10,NULL,9,'2015-03-15','2002-06-15 22:03:05','2002-09-22 00:06:27'),(233,'nihil',6,NULL,1,'2015-06-05','1971-06-14 15:10:49','2018-07-23 02:30:24'),(234,'ut',10,NULL,10,'2012-09-21','2008-08-26 06:49:19','1987-07-27 00:19:37'),(235,'consequatur',5,NULL,7,'2014-09-10','2020-05-13 04:26:50','2003-04-13 00:18:57'),(236,'illo',13,NULL,1,'2013-07-17','1972-02-08 11:13:13','2010-05-05 07:03:47'),(237,'nihil',7,NULL,3,'2012-08-02','1997-07-08 15:19:45','1983-05-08 23:08:53'),(238,'inventore',1,NULL,10,'2018-10-03','2003-02-13 11:22:00','1984-01-04 10:54:10'),(239,'fugiat',6,NULL,3,'2018-10-10','1985-10-18 22:59:14','1996-02-08 10:02:53'),(240,'placeat',1,NULL,6,'2018-03-22','1991-10-03 03:18:26','2019-04-27 20:57:46'),(241,'quia',7,NULL,2,'2019-07-16','1973-12-05 11:32:01','1987-01-06 17:15:41'),(242,'eos',11,NULL,7,'2013-11-05','1972-12-19 17:58:18','2001-07-08 06:58:40'),(243,'aperiam',14,NULL,9,'2016-06-13','1974-12-19 08:07:33','2005-04-26 16:53:44'),(244,'assumenda',7,NULL,10,'2011-07-04','2000-11-29 10:34:02','2010-11-27 20:13:25'),(245,'suscipit',2,NULL,3,'2017-11-10','1979-09-27 04:27:08','2015-09-12 07:06:52'),(246,'adipisci',10,NULL,6,'2018-02-03','2019-02-27 08:27:21','2001-04-04 13:41:44'),(247,'deleniti',2,NULL,4,'2016-04-29','2007-08-12 23:16:08','2010-08-17 15:55:55'),(248,'accusantium',7,NULL,5,'2012-08-07','1984-09-12 12:34:33','1978-09-24 19:41:09'),(249,'debitis',6,NULL,2,'2010-10-29','2013-07-19 05:24:54','2013-07-06 17:45:40'),(250,'et',7,NULL,8,'2016-07-29','2001-04-09 20:06:57','1996-07-11 16:46:10'),(251,'necessitatibus',12,NULL,4,'2014-10-06','1999-01-16 20:43:32','2010-06-09 23:12:09'),(252,'illum',10,NULL,4,'2018-12-07','2013-04-13 23:22:43','2018-02-08 23:02:13'),(253,'sapiente',9,NULL,8,'2018-10-13','1994-05-18 09:20:42','2008-02-29 09:54:41'),(254,'consectetur',3,NULL,1,'2013-05-31','1976-04-22 17:32:18','2002-01-29 18:52:58'),(255,'voluptate',14,NULL,3,'2012-06-18','1974-11-07 15:09:11','2006-07-16 04:01:17'),(256,'eos',8,NULL,5,'2010-10-16','2002-09-03 18:19:07','1991-11-07 01:33:17'),(257,'excepturi',7,NULL,3,'2014-02-01','1991-09-04 11:09:39','1986-11-28 22:01:31'),(258,'eum',1,NULL,5,'2019-03-06','2002-03-05 00:16:28','1990-03-27 06:30:54'),(259,'cupiditate',2,NULL,5,'2017-07-30','1994-10-01 12:09:15','1988-05-25 18:37:41'),(260,'omnis',5,NULL,2,'2011-06-12','2016-05-26 02:23:30','1994-06-18 00:00:51'),(261,'corporis',11,NULL,10,'2016-08-11','2009-12-14 14:05:10','2017-12-21 11:50:16'),(262,'voluptates',11,NULL,9,'2012-08-01','1988-03-06 23:04:49','1994-10-03 11:42:23'),(263,'magni',6,NULL,3,'2013-06-04','1988-03-18 01:14:09','1982-03-03 05:24:16'),(264,'occaecati',5,NULL,8,'2012-04-19','2019-08-09 04:42:51','2011-06-09 23:24:28'),(265,'soluta',7,NULL,8,'2011-01-09','2011-01-25 02:54:15','1990-06-11 19:27:46'),(266,'eum',8,NULL,3,'2015-07-08','1993-05-15 10:16:39','2019-03-09 13:37:30'),(267,'labore',2,NULL,3,'2014-09-10','1973-08-28 08:42:42','1995-08-11 23:32:37'),(268,'et',9,NULL,8,'2014-10-09','2002-07-19 11:27:11','1978-12-09 21:37:37'),(269,'reprehenderit',14,NULL,9,'2012-03-08','2013-05-06 18:01:31','1978-04-28 21:21:54'),(270,'non',11,NULL,10,'2013-05-16','2020-03-17 22:07:35','1987-02-02 16:59:01'),(271,'ratione',1,NULL,4,'2011-10-27','1998-11-09 18:23:37','1971-08-01 01:20:27'),(272,'qui',6,NULL,6,'2010-12-25','1970-07-09 05:53:59','2007-11-08 20:10:40'),(273,'aliquid',9,NULL,5,'2013-02-16','2006-01-06 19:03:08','2011-02-11 20:04:04'),(274,'recusandae',13,NULL,7,'2011-10-22','1998-06-21 01:36:01','1976-03-12 20:29:35'),(275,'rerum',14,NULL,3,'2011-08-24','2005-09-02 18:00:46','2005-12-28 11:20:01'),(276,'omnis',13,NULL,7,'2015-07-21','1975-02-19 08:40:11','1995-01-10 16:04:37'),(277,'et',4,NULL,7,'2013-06-20','1987-05-24 09:56:50','1985-08-13 13:56:27'),(278,'eveniet',8,NULL,7,'2013-06-23','1978-10-17 17:37:36','2007-04-09 07:10:16'),(279,'blanditiis',13,NULL,9,'2015-09-03','2006-06-14 20:04:43','2014-04-10 00:58:25'),(280,'ipsum',7,NULL,4,'2019-10-28','1989-11-13 10:36:08','1985-04-28 06:52:44'),(281,'cumque',9,NULL,10,'2015-06-10','1973-09-16 19:55:24','1992-04-29 17:20:06'),(282,'eaque',9,NULL,8,'2014-10-01','1987-05-09 15:50:13','1994-08-09 05:26:59'),(283,'fuga',3,NULL,3,'2014-09-23','2020-03-08 19:11:55','1975-12-30 18:01:39'),(284,'distinctio',7,NULL,1,'2018-06-11','1993-04-14 08:39:55','1989-01-13 19:03:18'),(285,'recusandae',1,NULL,3,'2015-11-25','2009-12-13 21:37:18','2011-01-07 23:52:08'),(286,'commodi',1,NULL,1,'2019-06-29','1990-07-18 14:04:27','2019-10-12 16:08:00'),(287,'eaque',8,NULL,4,'2019-01-22','1974-01-10 00:19:14','2004-08-21 11:23:21'),(288,'eos',9,NULL,2,'2012-01-16','1974-07-17 11:45:22','2000-10-18 09:22:22'),(289,'nostrum',12,NULL,6,'2014-02-26','1987-03-15 10:17:11','1992-03-03 10:09:48'),(290,'aliquid',12,NULL,8,'2012-10-10','1971-06-21 06:41:24','1997-08-09 14:10:10'),(291,'cumque',11,NULL,7,'2011-03-05','1973-10-10 13:56:13','2019-07-06 08:28:58'),(292,'et',6,NULL,1,'2017-05-21','1984-12-18 07:36:52','2002-10-25 09:03:11'),(293,'est',5,NULL,10,'2011-05-26','2001-10-30 20:08:48','2015-10-03 07:19:35'),(294,'at',10,NULL,2,'2018-06-16','2002-05-31 16:47:15','2017-11-26 17:11:13'),(295,'id',11,NULL,1,'2011-03-07','2003-12-25 20:26:42','2000-07-30 19:36:38'),(296,'et',8,NULL,4,'2014-07-29','2002-08-29 14:06:04','1998-01-05 21:37:28'),(297,'cupiditate',1,NULL,2,'2018-03-29','1994-07-28 09:35:37','2011-12-17 05:03:31'),(298,'quis',2,NULL,2,'2015-04-23','2008-06-18 07:42:40','1978-08-20 06:49:33'),(299,'ipsa',5,NULL,6,'2018-09-16','1975-05-22 07:41:37','1988-08-23 00:33:15'),(300,'minus',4,NULL,4,'2011-02-25','2014-05-17 14:24:21','1985-11-12 21:02:15'),(301,'quam',12,NULL,3,'2012-06-22','1975-06-27 03:44:52','2000-08-19 04:39:16'),(302,'sint',6,NULL,4,'2013-05-07','1983-12-31 23:55:17','1980-03-28 22:49:46'),(303,'at',10,NULL,10,'2019-10-23','1996-04-20 05:14:33','1987-10-15 06:53:50'),(304,'eligendi',7,NULL,5,'2019-05-19','2017-07-08 11:09:16','1997-11-21 22:16:46'),(305,'unde',7,NULL,3,'2014-01-17','1979-07-18 13:41:09','2009-03-04 23:37:20'),(306,'quidem',4,NULL,3,'2011-09-13','1974-12-30 23:56:14','1977-06-13 14:01:23'),(307,'dolore',14,NULL,7,'2012-10-01','2014-02-03 22:29:28','1983-10-12 17:18:47'),(308,'quos',4,NULL,3,'2013-11-09','1994-03-06 02:32:09','2017-10-04 20:27:38'),(309,'voluptates',8,NULL,9,'2013-11-11','1977-08-30 07:29:27','2018-11-22 13:29:46'),(310,'adipisci',6,NULL,3,'2011-01-12','2015-12-15 14:24:38','1992-02-17 17:41:34'),(311,'vitae',14,NULL,10,'2017-11-03','1973-05-11 09:11:52','1977-04-23 06:25:55'),(312,'ut',10,NULL,10,'2013-11-28','2009-01-29 03:19:54','2009-04-04 08:31:58'),(313,'rem',1,NULL,8,'2019-06-12','1993-08-24 21:52:19','2013-09-22 01:22:54'),(314,'ex',2,NULL,4,'2016-12-10','2017-10-07 19:57:25','1990-01-04 16:35:32'),(315,'nisi',6,NULL,4,'2016-02-18','2016-10-10 08:47:28','1973-05-10 10:48:31'),(316,'nostrum',10,NULL,2,'2017-08-11','1976-01-06 14:28:28','1984-08-19 01:35:39'),(317,'ratione',10,NULL,1,'2017-11-07','1976-06-23 17:43:42','1998-09-02 03:09:40'),(318,'laborum',8,NULL,4,'2014-10-22','1997-02-04 08:34:41','1981-09-21 04:05:25'),(319,'adipisci',1,NULL,10,'2013-06-15','1986-07-06 20:17:57','2012-10-19 21:33:11'),(320,'rem',12,NULL,6,'2015-01-28','1980-09-02 05:21:36','1977-07-01 17:22:08'),(321,'sequi',4,NULL,1,'2014-09-29','2000-05-29 16:06:24','1991-11-02 23:59:05'),(322,'saepe',11,NULL,2,'2017-08-28','1998-08-10 07:51:54','2006-08-19 20:02:17'),(323,'quo',10,NULL,10,'2016-08-25','2000-11-03 13:32:56','1979-01-08 14:41:02'),(324,'voluptas',6,NULL,3,'2011-12-26','2003-06-13 08:35:24','1984-02-06 08:36:15'),(325,'quia',12,NULL,9,'2013-12-12','2016-10-10 15:40:12','2015-10-31 22:06:16'),(326,'itaque',7,NULL,8,'2019-09-24','2005-09-19 03:50:21','2006-11-11 17:42:26'),(327,'hic',11,NULL,2,'2017-08-23','1990-10-24 04:18:04','2004-08-29 16:27:27'),(328,'quo',11,NULL,8,'2014-03-15','2014-08-05 02:51:35','1975-02-21 06:41:05'),(329,'quia',13,NULL,9,'2011-09-02','1989-06-20 07:50:41','1978-08-16 06:11:50'),(330,'qui',2,NULL,3,'2013-01-24','2015-03-10 15:30:20','1988-03-16 19:00:33'),(331,'dolores',4,NULL,8,'2016-05-18','2000-08-16 18:51:22','1974-10-24 14:25:12'),(332,'ut',7,NULL,10,'2014-12-13','2009-06-23 01:38:52','1971-10-13 05:08:41'),(333,'distinctio',13,NULL,10,'2016-11-05','1971-03-30 20:57:39','2019-01-28 08:06:10'),(334,'deserunt',4,NULL,10,'2010-12-29','2004-10-11 04:44:41','1972-01-21 06:40:44'),(335,'iste',14,NULL,1,'2014-03-15','2014-02-21 08:32:03','2019-05-26 13:16:41'),(336,'voluptatem',6,NULL,2,'2010-07-06','1970-02-02 22:17:15','1998-08-20 10:25:55'),(337,'optio',2,NULL,2,'2012-12-04','2006-04-05 08:20:54','1981-03-14 15:16:39'),(338,'impedit',6,NULL,8,'2011-03-28','2016-04-27 07:23:49','2017-12-27 04:27:53'),(339,'distinctio',2,NULL,8,'2018-07-11','1992-08-09 17:32:56','1987-12-01 23:11:22'),(340,'quibusdam',14,NULL,10,'2016-05-20','1989-06-28 15:26:39','2006-02-01 03:56:11'),(341,'vel',9,NULL,5,'2015-04-24','2003-03-05 00:03:12','2015-05-02 00:42:59'),(342,'quis',11,NULL,4,'2015-02-23','2010-10-30 09:45:40','2003-03-04 15:24:22'),(343,'possimus',9,NULL,6,'2018-05-15','1973-05-21 01:54:16','1986-07-18 14:41:55'),(344,'reprehenderit',2,NULL,6,'2010-10-20','2020-01-16 03:46:50','1973-01-08 03:29:27'),(345,'adipisci',6,NULL,3,'2017-07-10','1976-11-02 23:32:32','1981-05-22 05:24:58'),(346,'dolore',12,NULL,7,'2018-05-18','1996-02-27 01:01:06','2010-01-21 08:10:09'),(347,'qui',1,NULL,3,'2015-05-04','1999-10-16 02:23:30','2012-01-31 02:14:11'),(348,'autem',8,NULL,9,'2011-03-20','1991-07-27 16:48:16','2019-06-09 11:32:50'),(349,'iusto',4,NULL,9,'2014-02-05','1976-05-24 07:42:45','1976-05-08 05:40:14'),(350,'deserunt',11,NULL,3,'2019-12-26','2001-01-27 04:54:43','1971-10-30 09:21:34'),(351,'vero',12,NULL,2,'2018-02-17','2019-01-16 15:06:34','1972-08-26 09:25:15'),(352,'sunt',6,NULL,10,'2017-05-18','1976-10-25 07:42:39','1988-08-09 20:35:51'),(353,'corporis',5,NULL,8,'2016-06-30','1985-04-10 18:12:14','2016-03-17 04:16:19'),(354,'cumque',10,NULL,5,'2019-01-02','2001-07-11 00:54:12','1972-02-02 00:00:59'),(355,'dignissimos',8,NULL,7,'2011-11-26','1997-10-22 23:09:01','1980-01-31 22:13:33'),(356,'molestiae',6,NULL,2,'2017-11-20','1998-06-04 05:21:04','1998-11-17 12:06:18'),(357,'ipsa',1,NULL,2,'2011-09-07','2011-07-10 14:52:22','1991-08-01 13:04:51'),(358,'saepe',7,NULL,7,'2013-03-12','2003-07-25 12:14:46','2006-08-19 10:48:55'),(359,'veniam',9,NULL,6,'2011-05-19','1976-06-14 09:50:40','1992-04-17 18:57:09'),(360,'ratione',3,NULL,1,'2016-12-15','1973-09-05 08:54:14','1971-11-22 20:20:26'),(361,'et',11,NULL,10,'2017-10-28','2019-08-28 16:13:43','2018-05-01 16:23:57'),(362,'at',10,NULL,8,'2019-09-03','2007-04-21 19:47:52','2015-01-26 14:34:20'),(363,'neque',4,NULL,3,'2010-09-29','1981-09-07 02:31:19','2012-05-14 07:52:29'),(364,'cupiditate',10,NULL,6,'2014-06-26','1979-11-16 04:52:06','2019-04-29 11:00:30'),(365,'maxime',1,NULL,5,'2020-01-25','1998-05-05 23:49:26','1992-10-29 00:52:01'),(366,'provident',10,NULL,10,'2018-06-30','2003-01-15 19:20:05','1997-12-09 18:36:48'),(367,'qui',9,NULL,2,'2016-01-13','1977-04-30 05:25:49','1990-11-19 13:22:43'),(368,'excepturi',12,NULL,10,'2011-05-12','1985-07-19 20:36:48','2012-11-23 13:04:27'),(369,'itaque',13,NULL,5,'2019-03-14','2012-10-21 07:07:07','1989-01-26 10:55:18'),(370,'id',6,NULL,5,'2014-11-13','2011-06-22 23:02:35','2007-04-06 04:28:49'),(371,'rerum',2,NULL,8,'2013-07-15','2017-04-28 23:55:25','1977-05-17 01:28:02'),(372,'doloribus',9,NULL,2,'2013-01-17','1997-11-03 18:11:53','2008-06-20 01:19:23'),(373,'odio',13,NULL,1,'2013-09-29','1996-11-13 09:25:36','1970-11-25 06:02:51'),(374,'enim',12,NULL,6,'2013-10-22','1981-06-07 19:16:21','1975-01-08 21:11:11'),(375,'doloribus',9,NULL,10,'2014-07-26','2016-03-19 11:32:46','2013-11-23 09:00:15'),(376,'et',8,NULL,4,'2017-08-12','1978-10-10 01:25:39','2004-03-01 18:55:29'),(377,'quidem',14,NULL,3,'2013-06-09','1977-03-13 12:25:13','2001-07-30 21:25:19'),(378,'et',2,NULL,3,'2017-07-28','2005-07-25 15:07:32','1977-10-06 19:29:30'),(379,'voluptatem',7,NULL,8,'2013-06-20','1985-09-17 11:15:31','2001-03-21 15:29:33'),(380,'vero',11,NULL,6,'2018-08-27','1986-09-22 03:41:06','2012-10-20 01:56:12'),(381,'tenetur',3,NULL,5,'2018-10-07','2013-08-13 15:23:37','2003-02-03 10:17:00'),(382,'eaque',7,NULL,8,'2011-06-22','2012-11-23 14:59:17','1987-08-01 05:02:26'),(383,'ea',8,NULL,3,'2016-05-02','2013-06-24 06:18:53','2005-06-05 05:05:13'),(384,'fugiat',11,NULL,5,'2013-07-01','2010-04-24 23:37:50','1971-10-27 07:29:36'),(385,'corrupti',11,NULL,2,'2011-12-20','2011-09-02 00:02:38','2019-12-17 16:12:54'),(386,'aut',13,NULL,9,'2017-10-10','2010-08-19 10:59:46','2011-09-30 21:59:47'),(387,'non',13,NULL,5,'2015-02-12','2019-11-25 22:12:13','1992-02-25 03:38:22'),(388,'necessitatibus',1,NULL,8,'2015-05-22','1987-08-07 02:22:34','2011-12-12 22:32:05'),(389,'quis',8,NULL,9,'2018-08-18','1979-02-21 14:48:14','2006-09-28 06:40:51'),(390,'nobis',4,NULL,1,'2016-05-22','1994-09-25 18:32:55','1997-08-22 21:09:25'),(391,'veritatis',13,NULL,9,'2011-03-21','2019-09-11 05:46:25','1993-04-03 04:29:19'),(392,'reiciendis',7,NULL,9,'2019-07-05','1976-12-27 22:47:13','1979-12-25 20:53:19'),(393,'voluptatem',1,NULL,6,'2018-02-23','2018-10-24 01:56:58','1974-11-13 05:22:48'),(394,'eos',1,NULL,6,'2018-01-13','1998-11-25 03:41:44','2011-11-12 11:12:20'),(395,'ut',5,NULL,8,'2014-05-24','1990-03-16 01:50:49','2013-12-02 04:26:23'),(396,'maiores',1,NULL,6,'2012-03-20','1999-11-09 13:20:11','1995-03-12 05:23:09'),(397,'quo',4,NULL,5,'2020-04-10','2020-05-01 20:48:57','1982-12-01 01:26:47'),(398,'ut',5,NULL,8,'2013-09-06','1982-10-13 21:40:56','1979-07-25 18:07:50'),(399,'dolor',11,25,1,'2016-01-06','2004-05-05 18:35:33','1988-10-16 11:40:02'),(400,'esse',4,NULL,5,'2011-09-11','2000-08-27 13:29:27','2000-03-17 14:57:23'),(401,'qui',3,NULL,2,'2012-04-03','2001-12-25 15:33:28','2012-04-22 20:08:52'),(402,'molestias',6,NULL,1,'2012-02-23','2002-12-22 22:33:57','1989-04-13 18:24:27'),(403,'asperiores',9,NULL,4,'2019-07-05','1978-08-01 05:03:15','1980-10-22 07:51:15'),(404,'enim',11,NULL,1,'2014-11-30','1984-04-23 14:41:27','1995-11-15 04:19:15'),(405,'dolore',4,NULL,1,'2018-06-12','1984-01-22 22:54:26','2006-08-20 02:23:21'),(406,'rem',3,NULL,2,'2010-11-28','1976-01-20 01:55:29','2016-06-12 11:30:59'),(407,'facere',12,NULL,7,'2018-05-07','1980-04-02 01:47:20','2002-07-24 18:38:32'),(408,'quis',14,NULL,9,'2015-10-26','1992-03-04 19:48:47','2007-01-08 11:10:45'),(409,'qui',3,NULL,1,'2015-03-15','1987-12-23 14:25:43','2007-05-28 22:46:17'),(410,'sunt',6,NULL,6,'2016-12-18','2014-09-03 11:57:50','2008-05-07 04:27:57'),(411,'minima',12,NULL,5,'2012-03-15','2008-05-19 16:30:40','1994-09-19 06:03:06'),(412,'doloribus',1,NULL,1,'2019-05-12','2004-10-27 10:07:10','2019-09-29 10:38:42'),(413,'saepe',13,NULL,4,'2011-08-23','2006-02-07 16:44:38','1981-09-22 10:02:48'),(414,'aut',12,NULL,7,'2017-10-06','1970-11-12 05:30:27','1979-09-22 10:05:59'),(415,'tenetur',6,NULL,1,'2011-09-02','1988-02-26 01:02:50','1986-06-01 17:54:57'),(416,'distinctio',3,19,6,'2013-09-26','2015-04-03 04:44:21','1999-12-29 20:29:33'),(417,'non',3,NULL,6,'2015-02-19','1970-06-08 00:03:22','1985-08-14 02:11:16'),(418,'doloribus',9,NULL,8,'2019-05-26','1991-07-27 14:14:44','1994-06-25 13:24:52'),(419,'qui',13,NULL,4,'2012-11-12','1980-05-15 08:35:18','2014-12-20 05:47:44'),(420,'vitae',13,NULL,2,'2018-12-05','1970-02-05 17:51:52','2017-08-28 03:11:49'),(421,'sed',6,NULL,1,'2010-11-27','2011-03-31 09:28:16','1980-04-19 17:02:25'),(422,'earum',5,NULL,3,'2016-10-23','1976-05-06 14:08:38','1983-04-19 16:59:55'),(423,'aut',10,NULL,3,'2010-12-02','2014-09-24 15:29:25','1989-11-22 14:23:32'),(424,'tenetur',2,NULL,9,'2019-06-04','2013-09-10 09:09:51','2013-04-11 04:12:45'),(425,'vel',4,NULL,6,'2012-05-08','1980-08-30 22:16:03','2014-08-10 20:35:02'),(426,'blanditiis',6,NULL,1,'2013-08-14','1995-06-11 08:06:02','2012-10-28 20:31:43'),(427,'fugit',14,NULL,5,'2014-12-21','2002-11-15 05:54:51','2019-07-04 07:12:27'),(428,'commodi',2,NULL,9,'2017-11-03','2015-01-22 06:19:15','2006-02-06 02:21:12'),(429,'soluta',11,NULL,10,'2014-04-20','1997-09-18 13:01:17','1999-05-09 13:09:06'),(430,'alias',8,NULL,2,'2017-11-18','1991-08-15 15:59:55','1990-07-25 03:14:56'),(431,'ut',1,NULL,7,'2012-05-14','1997-10-28 16:54:52','2004-12-28 22:34:40'),(432,'minus',11,NULL,3,'2017-08-12','2019-12-03 14:35:23','1990-01-06 14:32:16'),(433,'consectetur',3,NULL,4,'2016-03-13','1999-12-03 06:32:11','1980-05-20 11:09:43'),(434,'repellendus',1,NULL,2,'2012-10-14','2010-01-07 18:13:45','1984-08-19 18:16:13'),(435,'dolores',10,NULL,10,'2014-12-14','2002-05-10 11:14:09','1995-08-29 07:10:13'),(436,'omnis',5,NULL,1,'2014-08-22','1999-08-12 02:20:45','2018-08-06 19:51:24'),(437,'similique',14,NULL,6,'2014-10-01','1970-01-30 11:08:24','2011-11-22 07:51:05'),(438,'eum',4,NULL,6,'2016-12-02','2010-02-06 17:03:22','1999-05-27 23:54:14'),(439,'et',12,NULL,4,'2018-09-25','2008-09-06 04:41:00','2001-09-04 06:35:57'),(440,'nam',6,NULL,1,'2016-07-17','1976-12-27 16:31:53','1990-08-11 20:05:26'),(441,'laboriosam',13,NULL,8,'2014-05-18','2000-05-30 21:57:16','2004-08-07 16:15:58'),(442,'quas',3,NULL,9,'2010-11-24','2004-08-07 17:10:56','1987-05-29 16:16:26'),(443,'non',3,NULL,4,'2016-11-19','2017-12-26 08:14:33','1974-08-25 07:53:54'),(444,'rerum',10,NULL,10,'2014-07-25','1992-06-20 15:30:52','2002-09-23 09:27:01'),(445,'autem',5,NULL,3,'2019-10-31','1984-09-01 18:23:26','1981-10-21 13:41:49'),(446,'et',3,NULL,4,'2016-12-28','1997-03-08 02:11:04','2019-07-11 14:36:12'),(447,'nesciunt',13,NULL,10,'2017-06-06','1981-04-02 23:19:45','2018-12-27 23:12:18'),(448,'unde',9,NULL,2,'2017-01-08','1974-02-19 16:25:41','1974-08-22 23:23:00'),(449,'et',4,NULL,7,'2015-12-27','2016-04-06 17:43:40','1978-05-18 07:15:42'),(450,'eum',4,NULL,10,'2014-03-06','1979-09-18 17:25:42','2004-12-12 22:07:09'),(451,'ut',9,NULL,6,'2015-06-14','1988-12-02 20:55:17','2017-09-11 02:04:48'),(452,'molestiae',14,NULL,6,'2017-09-19','1988-10-25 20:04:55','1999-12-02 03:06:34'),(453,'ad',2,NULL,3,'2010-12-15','1994-11-17 13:28:06','1979-09-24 15:23:34'),(454,'distinctio',2,NULL,10,'2015-03-12','2004-12-28 11:32:33','2015-07-21 16:28:21'),(455,'et',9,NULL,6,'2014-11-03','1985-03-29 11:42:29','1978-10-20 16:35:40'),(456,'aut',1,NULL,6,'2015-08-09','1975-01-14 14:46:40','1999-12-08 22:56:02'),(457,'est',5,NULL,2,'2015-08-05','1990-04-27 19:38:29','1975-09-14 16:32:18'),(458,'quod',5,NULL,6,'2018-06-24','2008-03-29 16:54:15','1986-03-24 21:17:31'),(459,'et',8,NULL,1,'2010-11-10','1989-11-08 12:14:49','2008-09-10 08:11:47'),(460,'enim',7,NULL,8,'2011-08-24','1984-09-18 04:13:18','1996-03-31 04:27:18'),(461,'rerum',4,NULL,7,'2014-12-19','2005-06-15 07:54:18','1988-02-27 05:20:24'),(462,'ex',3,NULL,2,'2012-12-14','1999-04-11 11:23:25','1985-09-08 16:54:11'),(463,'libero',8,NULL,8,'2019-11-16','2009-02-10 09:09:24','2014-04-15 16:56:41'),(464,'dignissimos',5,NULL,9,'2014-01-23','1989-11-15 03:53:26','2003-03-17 02:59:59'),(465,'cumque',7,NULL,6,'2017-11-06','2018-07-01 09:37:41','1994-10-17 22:48:50'),(466,'amet',11,NULL,1,'2018-04-23','1980-12-09 09:10:04','2007-04-19 07:51:40'),(467,'aut',2,NULL,8,'2014-01-16','1987-08-14 06:42:55','1999-03-24 04:25:36'),(468,'earum',8,NULL,3,'2013-02-04','2008-10-20 07:14:16','1985-03-19 10:42:21'),(469,'vitae',1,NULL,7,'2017-06-14','1995-02-28 01:10:58','2016-08-20 22:50:33'),(470,'similique',2,NULL,7,'2015-05-08','1973-11-20 05:53:51','2002-03-20 18:31:59'),(471,'ut',3,NULL,2,'2011-10-18','1980-09-05 10:30:51','2017-06-04 11:31:08'),(472,'fugit',3,NULL,5,'2019-10-25','2014-04-09 00:34:48','1995-09-25 04:09:03'),(473,'excepturi',6,NULL,5,'2019-01-29','1983-09-05 18:14:00','1979-12-27 14:25:52'),(474,'voluptatum',14,11,9,'2010-10-20','1971-03-05 19:36:54','2018-12-30 13:35:09'),(475,'fuga',8,NULL,5,'2020-02-26','2013-05-09 10:03:09','1984-06-25 14:18:29'),(476,'omnis',10,NULL,8,'2019-05-09','2019-01-06 11:41:50','2006-05-23 03:09:52'),(477,'eveniet',2,NULL,8,'2014-11-06','1996-06-07 14:14:43','2015-09-12 14:45:25'),(478,'veritatis',14,NULL,7,'2018-02-03','1988-01-06 16:49:28','2015-12-28 02:12:33'),(479,'aperiam',8,NULL,3,'2011-07-30','1974-12-13 02:34:07','1974-10-14 16:33:24'),(480,'quis',8,NULL,10,'2013-05-14','2002-05-12 10:29:24','2019-09-03 14:27:34'),(481,'est',13,NULL,3,'2011-08-25','2011-12-29 08:26:31','2002-04-21 03:36:51'),(482,'rerum',1,NULL,10,'2012-08-01','1989-06-18 22:57:07','1979-04-12 10:32:49'),(483,'aut',1,NULL,6,'2018-05-10','2012-07-17 02:54:15','2015-11-25 16:19:35'),(484,'est',3,NULL,1,'2013-07-11','1984-10-05 16:03:03','1977-05-05 01:36:54'),(485,'consequatur',3,NULL,4,'2012-02-22','2000-01-03 13:51:38','1996-05-13 04:35:27'),(486,'fugit',10,NULL,4,'2019-06-01','2008-12-26 16:12:04','2000-05-22 09:27:48'),(487,'at',7,6,9,'2015-11-22','1987-08-04 10:17:26','2018-07-20 10:37:46'),(488,'distinctio',12,NULL,9,'2016-03-10','1978-02-09 13:04:33','1999-05-14 22:53:11'),(489,'dolorem',5,NULL,8,'2018-06-07','2003-08-14 17:41:01','2014-10-19 15:33:27'),(490,'ad',10,NULL,9,'2020-02-15','1980-04-19 00:20:27','2019-11-16 07:56:23'),(491,'porro',4,NULL,4,'2014-09-07','1977-03-27 08:13:29','2007-08-28 06:35:22'),(492,'dolore',9,NULL,5,'2012-09-27','2019-09-17 12:37:25','2005-05-09 17:26:24'),(493,'officia',3,NULL,6,'2011-07-26','1995-05-15 20:10:48','1975-10-13 14:04:09'),(494,'voluptatem',2,NULL,8,'2014-02-28','1972-08-05 04:49:02','1977-09-28 13:32:28'),(495,'at',13,NULL,7,'2013-11-07','2009-08-30 09:38:42','1987-12-30 20:10:11'),(496,'consequuntur',10,NULL,8,'2011-08-29','1986-03-11 06:14:26','1986-10-13 12:34:52'),(497,'molestiae',13,NULL,8,'2011-09-30','2005-08-05 01:41:16','2007-06-03 21:11:48'),(498,'laudantium',10,6,9,'2010-07-21','1982-03-07 20:01:34','2006-08-22 05:06:41'),(499,'iure',4,NULL,9,'2020-01-06','1989-02-22 21:50:04','1971-05-19 06:56:14'),(500,'totam',13,NULL,5,'2013-03-02','2017-11-26 01:48:00','2006-09-03 02:47:39');
/*!40000 ALTER TABLE `books` ENABLE KEYS */;
UNLOCK TABLES;

--
-- Table structure for table `literary_genre`
--

DROP TABLE IF EXISTS `literary_genre`;
/*!40101 SET @saved_cs_client     = @@character_set_client */;
/*!50503 SET character_set_client = utf8mb4 */;
CREATE TABLE `literary_genre` (
  `id` int unsigned NOT NULL AUTO_INCREMENT,
  `name_genre` varchar(100) CHARACTER SET utf8 COLLATE utf8_unicode_ci NOT NULL,
  `created_at` datetime DEFAULT CURRENT_TIMESTAMP,
  `updated_at` datetime DEFAULT CURRENT_TIMESTAMP ON UPDATE CURRENT_TIMESTAMP,
  PRIMARY KEY (`id`),
  KEY `literary_genre_name_genre_idx` (`name_genre`)
) ENGINE=InnoDB AUTO_INCREMENT=15 DEFAULT CHARSET=utf8 COLLATE=utf8_unicode_ci;
/*!40101 SET character_set_client = @saved_cs_client */;

--
-- Dumping data for table `literary_genre`
--

LOCK TABLES `literary_genre` WRITE;
/*!40000 ALTER TABLE `literary_genre` DISABLE KEYS */;
INSERT INTO `literary_genre` VALUES (1,' ','1990-01-14 21:51:43','1971-01-30 16:02:01'),(2,' ','2001-05-25 01:28:42','2017-11-01 04:39:50'),(3,'','1970-05-19 22:19:00','1980-06-02 02:07:16'),(4,'-','1978-12-06 02:50:56','1981-11-05 00:49:04'),(5,'  ','1992-08-29 12:19:01','2013-01-29 09:38:22'),(6,', ','1984-07-31 19:30:52','1978-08-23 06:51:40'),(7,', , ','1975-07-23 17:10:17','1975-09-07 06:45:06'),(8,', ','2019-06-16 06:30:55','1970-09-12 06:35:50'),(9,', ','2010-03-15 20:01:03','2004-07-22 07:36:03'),(10,' ','2004-02-01 11:18:44','2001-04-04 09:40:16'),(11,'','2001-11-25 05:32:08','1987-06-03 05:32:19'),(12,'   ','2011-10-29 01:18:26','1979-10-28 04:31:32'),(13,' ','2010-09-22 05:51:13','2001-03-29 05:17:49'),(14,'','2017-10-31 09:04:52','1996-02-18 05:19:46');
/*!40000 ALTER TABLE `literary_genre` ENABLE KEYS */;
UNLOCK TABLES;

--
-- Table structure for table `orders`
--

DROP TABLE IF EXISTS `orders`;
/*!40101 SET @saved_cs_client     = @@character_set_client */;
/*!50503 SET character_set_client = utf8mb4 */;
CREATE TABLE `orders` (
  `number_order` int unsigned NOT NULL AUTO_INCREMENT,
  `reader_id` int unsigned NOT NULL,
  `created_at` datetime DEFAULT CURRENT_TIMESTAMP,
  `updated_at` datetime DEFAULT CURRENT_TIMESTAMP ON UPDATE CURRENT_TIMESTAMP,
  PRIMARY KEY (`number_order`),
  KEY `orders_reader_id_fk` (`reader_id`),
  CONSTRAINT `orders_reader_id_fk` FOREIGN KEY (`reader_id`) REFERENCES `readers` (`id`) ON DELETE CASCADE
) ENGINE=InnoDB AUTO_INCREMENT=501 DEFAULT CHARSET=utf8 COLLATE=utf8_unicode_ci;
/*!40101 SET character_set_client = @saved_cs_client */;

--
-- Dumping data for table `orders`
--

LOCK TABLES `orders` WRITE;
/*!40000 ALTER TABLE `orders` DISABLE KEYS */;
INSERT INTO `orders` VALUES (1,129,'1970-12-28 00:04:22','2014-04-10 00:53:44'),(2,57,'1980-06-11 14:41:39','2017-12-17 07:34:23'),(3,117,'1991-04-17 05:08:10','1988-04-06 08:12:07'),(4,13,'1973-04-16 23:21:09','2018-07-13 03:28:31'),(5,61,'1999-02-11 19:36:07','1971-02-26 22:57:43'),(6,23,'1986-03-29 05:00:28','2008-07-15 20:15:38'),(7,123,'2008-07-25 10:07:52','2003-12-30 13:49:21'),(8,53,'2011-10-04 20:40:08','2007-10-05 08:49:48'),(9,174,'2007-01-22 05:20:44','2004-02-16 16:57:56'),(10,160,'2020-02-06 15:02:21','1998-02-07 11:05:06'),(11,45,'1985-07-20 00:53:13','1994-05-25 13:55:20'),(12,32,'1990-02-23 12:00:03','2006-10-20 13:26:58'),(13,117,'1994-09-15 21:48:10','2009-04-21 16:34:01'),(14,117,'1994-12-21 17:28:24','1979-04-18 18:35:41'),(15,15,'1989-04-23 20:24:23','1987-03-03 03:39:48'),(16,151,'1977-06-05 20:16:48','1989-02-08 02:09:10'),(17,29,'1990-05-07 11:38:16','1983-05-05 06:57:21'),(18,58,'1978-07-07 17:05:25','1985-08-09 08:01:52'),(19,26,'1997-10-05 14:14:41','1991-07-28 19:26:16'),(20,69,'2014-11-27 08:13:17','2009-04-06 15:58:07'),(21,55,'2003-06-03 05:25:16','2007-11-16 15:26:52'),(22,47,'1996-01-12 17:44:35','1993-07-02 08:07:39'),(23,197,'1988-05-14 09:48:06','2019-03-24 05:03:17'),(24,109,'2000-06-12 13:04:55','1989-03-10 09:42:45'),(25,89,'1971-08-17 06:39:20','1994-07-03 11:04:03'),(26,105,'1989-11-09 21:45:26','2001-08-18 15:53:31'),(27,16,'2016-09-04 22:21:37','2019-05-07 05:44:30'),(28,1,'1981-06-04 16:05:31','1974-04-09 11:40:27'),(29,101,'2015-05-28 05:02:20','1998-02-09 19:40:37'),(30,89,'1992-02-15 13:40:53','2010-02-21 20:42:26'),(31,181,'1987-03-15 15:10:16','2019-07-24 22:27:25'),(32,29,'1985-05-23 17:56:33','2002-03-12 23:30:39'),(33,146,'1975-11-08 10:14:13','1999-08-30 21:08:31'),(34,98,'1991-08-04 09:01:28','1997-02-16 19:29:06'),(35,41,'1970-11-04 22:35:10','1972-02-04 05:00:50'),(36,6,'2004-04-07 02:59:07','1993-07-20 09:40:33'),(37,120,'2006-03-17 19:28:23','1996-04-01 22:37:46'),(38,164,'1991-01-18 06:01:12','1976-09-01 20:23:54'),(39,58,'1992-01-11 03:29:12','1976-01-20 10:51:19'),(40,94,'1991-06-24 19:56:18','2018-12-25 09:15:53'),(41,123,'2019-08-31 02:01:45','1989-11-21 05:54:45'),(42,103,'1980-12-11 10:49:49','1987-02-07 01:55:05'),(43,125,'2000-03-14 00:01:28','1980-05-05 12:39:13'),(44,39,'1990-11-03 13:51:41','1986-12-13 06:26:10'),(45,19,'1988-09-10 13:45:09','1986-07-14 00:26:23'),(46,140,'1995-05-31 01:17:28','2018-07-27 07:22:54'),(47,190,'1992-08-19 18:23:34','1996-08-01 03:20:03'),(48,48,'1981-08-16 01:08:51','1976-03-11 14:52:43'),(49,198,'1998-10-01 01:14:01','2006-09-09 02:29:44'),(50,15,'2009-09-12 21:08:52','2012-07-22 01:20:22'),(51,116,'2016-07-06 11:41:29','2007-09-06 04:19:25'),(52,52,'1980-01-22 03:42:46','1974-11-14 11:53:25'),(53,61,'2014-06-18 23:21:27','2004-09-25 07:12:39'),(54,113,'2014-05-14 03:52:03','1977-12-21 21:59:18'),(55,161,'1982-09-19 06:53:53','1975-07-23 07:34:27'),(56,150,'1977-02-16 15:45:50','2000-02-11 01:41:48'),(57,17,'1988-03-17 11:51:23','1990-11-07 07:30:46'),(58,176,'1997-07-21 06:00:30','2015-03-24 03:18:56'),(59,150,'1994-03-28 22:05:25','1994-05-28 22:34:27'),(60,117,'2013-02-27 21:01:57','2011-09-07 23:44:44'),(61,64,'1982-11-07 03:17:24','1990-08-22 23:48:29'),(62,131,'1979-11-15 19:08:29','2006-04-16 20:21:59'),(63,146,'1981-08-29 01:30:49','1980-04-19 01:17:20'),(64,9,'1998-01-14 15:39:43','1983-08-31 07:56:38'),(65,28,'1972-05-04 16:49:14','2003-04-16 20:01:04'),(66,187,'2004-06-22 19:36:49','2006-03-28 04:54:29'),(67,14,'2016-12-12 01:02:26','1997-02-22 01:39:34'),(68,148,'2002-08-19 04:19:56','1991-09-20 23:22:31'),(69,151,'2019-08-26 04:57:46','1988-02-25 11:08:14'),(70,72,'2012-03-03 21:01:04','1994-01-28 10:34:07'),(71,41,'2009-03-14 01:36:52','1972-12-06 19:30:36'),(72,73,'1988-01-20 03:08:37','1989-12-02 14:33:00'),(73,174,'1985-01-07 22:12:10','2019-07-30 12:22:11'),(74,166,'2004-12-15 09:53:19','1973-11-29 05:36:06'),(75,112,'2020-01-05 02:36:51','1997-01-13 00:58:26'),(76,193,'2007-06-22 08:12:55','2016-08-08 12:07:09'),(77,105,'2019-06-30 21:09:41','1993-03-08 07:03:39'),(78,102,'1996-07-10 09:42:49','2013-02-13 15:18:17'),(79,40,'1974-08-20 09:41:22','1972-12-24 02:46:54'),(80,102,'1974-10-06 12:58:25','2011-05-11 19:38:44'),(81,116,'2017-10-30 04:58:56','2016-11-28 20:43:27'),(82,156,'1979-07-15 19:15:02','2019-03-21 01:10:07'),(83,154,'1972-07-27 23:48:48','2017-07-08 20:32:13'),(84,177,'2007-02-15 02:36:41','1976-11-10 06:03:56'),(85,68,'2009-12-21 18:29:48','1978-01-26 12:42:39'),(86,114,'2009-03-11 20:25:45','2003-10-22 22:14:18'),(87,126,'2012-09-02 10:53:47','2018-08-23 06:01:59'),(88,84,'2005-02-20 16:08:41','2007-12-27 06:25:09'),(89,90,'2003-08-15 19:06:15','2019-01-06 23:59:22'),(90,75,'1983-10-27 22:41:25','1981-03-24 14:09:54'),(91,1,'1982-02-25 08:38:12','1994-10-18 17:39:54'),(92,153,'2011-10-28 02:43:29','1996-08-20 23:01:52'),(93,6,'1991-06-26 19:26:16','1995-04-17 00:03:33'),(94,146,'1997-06-17 01:54:21','1988-08-12 14:41:06'),(95,162,'1974-10-09 18:48:05','2014-11-22 08:13:33'),(96,33,'2005-01-29 01:44:06','2006-06-18 08:28:47'),(97,132,'1987-03-09 10:33:05','1987-06-18 16:05:24'),(98,176,'1984-06-28 12:02:18','2013-09-11 00:07:54'),(99,181,'1986-02-09 12:08:28','1997-01-12 01:18:33'),(100,82,'1973-11-09 08:34:31','1990-03-11 09:37:59'),(101,48,'2014-11-01 05:57:42','2008-08-26 20:12:30'),(102,22,'1984-03-21 13:09:04','1993-03-15 15:39:08'),(103,155,'1986-10-24 09:49:19','1973-06-16 21:51:57'),(104,22,'1987-07-20 11:50:41','1984-08-22 05:30:26'),(105,188,'1978-08-10 16:58:48','1986-07-31 13:44:43'),(106,67,'1990-12-11 00:51:31','1971-03-05 17:30:32'),(107,14,'1999-02-08 09:02:26','2015-02-19 06:31:37'),(108,92,'1987-07-13 18:28:15','1970-02-05 10:45:25'),(109,168,'2001-12-16 09:18:51','2012-07-05 01:23:53'),(110,54,'1977-08-02 12:32:39','1972-07-04 00:30:53'),(111,194,'2005-12-24 07:10:51','2004-12-14 14:29:16'),(112,84,'2017-04-06 02:25:52','2014-03-28 19:53:46'),(113,9,'1994-10-24 22:55:42','1980-03-23 10:54:04'),(114,148,'1974-04-15 06:17:53','1974-06-13 17:30:28'),(115,61,'1997-07-21 16:27:34','1995-09-09 19:17:35'),(116,76,'2004-05-07 11:51:29','2013-08-05 05:10:10'),(117,61,'2017-04-05 15:24:06','2016-10-11 21:36:31'),(118,186,'1973-01-26 11:29:05','1982-09-24 11:49:19'),(119,160,'1971-08-02 16:09:43','1978-11-01 06:50:22'),(120,150,'1982-09-10 18:12:19','1996-04-08 10:01:46'),(121,61,'1973-03-10 14:20:26','2017-07-18 07:52:23'),(122,160,'2008-03-13 21:50:12','1989-01-22 11:22:44'),(123,103,'1998-03-27 06:35:27','2001-03-27 08:25:04'),(124,67,'1978-04-27 16:02:27','1987-01-08 22:57:05'),(125,106,'1973-02-21 23:13:18','1983-06-22 08:14:15'),(126,65,'1986-01-06 08:04:21','2012-08-06 10:18:45'),(127,99,'2011-06-09 13:01:15','2012-06-10 12:24:06'),(128,38,'1978-03-30 22:35:18','1985-06-09 02:51:40'),(129,40,'1990-09-07 15:57:17','1980-09-04 11:02:31'),(130,80,'1983-12-24 02:23:48','2008-07-15 07:56:12'),(131,120,'1979-04-27 23:08:21','2013-01-23 12:58:21'),(132,87,'1974-11-09 18:27:00','1990-09-19 15:59:40'),(133,102,'1972-12-05 01:38:51','2014-03-15 11:14:34'),(134,74,'1996-06-09 07:02:27','1999-11-02 02:12:49'),(135,108,'1972-10-01 08:38:00','1978-09-21 01:46:57'),(136,89,'1997-09-26 04:27:24','2018-06-16 07:01:42'),(137,141,'1975-07-27 21:17:05','1978-06-05 09:58:46'),(138,122,'1994-08-21 23:21:35','2019-06-08 11:54:11'),(139,180,'2015-01-28 16:10:55','1976-11-14 13:56:07'),(140,109,'2018-05-20 18:31:31','2016-07-18 23:17:59'),(141,175,'1995-08-11 12:56:24','1983-09-20 20:20:51'),(142,174,'1977-11-05 00:14:48','2011-08-03 01:36:18'),(143,192,'1983-06-12 04:37:30','2005-08-02 01:42:24'),(144,183,'1998-09-17 12:07:28','1998-05-17 00:28:34'),(145,121,'2002-10-10 18:01:39','1994-06-23 23:25:46'),(146,52,'2006-12-06 08:52:16','2002-11-10 09:18:40'),(147,59,'2010-10-29 16:52:33','1989-11-21 12:09:50'),(148,182,'2003-08-01 15:47:22','2007-04-07 13:30:42'),(149,38,'1984-12-05 16:17:13','2003-12-10 13:26:05'),(150,18,'1976-03-18 23:04:42','2020-02-28 21:52:27'),(151,132,'1987-09-03 15:31:47','1995-06-26 12:15:52'),(152,99,'1978-06-15 19:18:04','1992-05-07 23:00:10'),(153,178,'1998-04-11 16:12:30','1990-03-10 19:07:22'),(154,35,'2013-12-28 14:48:57','2010-07-03 06:25:57'),(155,165,'1981-10-10 07:28:52','2004-07-04 16:38:31'),(156,83,'2016-08-29 14:16:19','1978-03-20 17:51:52'),(157,99,'1977-04-14 08:50:54','1974-02-27 11:24:45'),(158,64,'1980-11-16 14:08:51','1994-10-29 03:56:58'),(159,120,'2019-02-11 21:44:44','1991-04-05 07:20:42'),(160,138,'1980-08-22 20:50:10','1972-03-08 03:07:06'),(161,144,'1980-08-01 16:17:28','1979-11-01 00:55:43'),(162,39,'2014-05-30 08:18:49','2019-01-04 09:05:11'),(163,25,'1994-01-24 19:19:24','1991-02-25 06:33:57'),(164,45,'2008-08-07 19:37:59','2007-12-18 16:18:16'),(165,113,'2004-11-11 02:08:56','2005-11-08 04:28:44'),(166,133,'2011-06-15 13:03:55','1972-05-11 22:24:26'),(167,134,'1989-08-08 09:12:07','1973-12-02 06:18:42'),(168,53,'1977-11-23 12:55:40','2005-10-10 18:03:49'),(169,54,'1970-03-26 13:08:43','2013-05-16 14:48:30'),(170,113,'2016-02-18 00:39:10','1981-04-12 00:32:55'),(171,161,'1981-12-21 05:41:05','1972-02-28 17:44:52'),(172,28,'1997-10-05 06:25:21','1990-01-13 03:38:48'),(173,87,'1973-11-15 14:17:55','2016-11-21 00:41:20'),(174,153,'2016-03-26 10:33:09','2010-06-23 16:27:45'),(175,11,'1986-07-27 02:46:18','2019-01-27 05:32:35'),(176,8,'1989-12-12 16:23:16','2002-05-02 23:09:31'),(177,5,'1984-08-25 10:59:56','1998-11-02 05:03:04'),(178,69,'1975-12-04 17:10:24','1976-01-25 00:03:35'),(179,189,'2003-08-27 18:37:05','2011-06-19 14:56:33'),(180,43,'1989-01-12 01:30:44','2019-03-03 21:32:49'),(181,87,'1992-01-29 05:11:51','2017-08-21 04:58:03'),(182,120,'2016-08-11 05:15:17','1990-10-13 18:36:26'),(183,142,'2000-09-03 01:22:05','1978-03-11 17:35:56'),(184,64,'1971-03-12 15:12:11','2006-03-14 06:33:18'),(185,154,'1973-06-28 08:37:49','1971-04-17 09:32:59'),(186,107,'1988-07-18 13:59:23','2015-07-05 16:27:01'),(187,146,'1971-07-29 21:38:03','2012-07-22 03:57:27'),(188,53,'2013-06-12 11:57:19','1977-10-25 15:29:25'),(189,170,'1979-08-17 03:04:08','2001-11-21 22:20:00'),(190,65,'2013-07-15 01:20:44','1991-08-14 00:03:27'),(191,191,'2013-12-20 08:30:14','1986-01-19 17:08:38'),(192,114,'1970-02-04 02:39:55','2012-01-03 11:04:26'),(193,104,'1996-03-30 01:58:20','1979-07-11 19:12:10'),(194,15,'1990-01-22 10:05:07','2001-08-18 13:58:05'),(195,159,'2017-03-23 21:16:41','2011-12-31 12:41:47'),(196,16,'2009-02-28 06:39:59','1992-01-21 22:46:29'),(197,148,'1970-04-21 01:50:39','2001-02-25 04:20:29'),(198,92,'2006-12-21 05:41:48','2007-03-14 13:02:50'),(199,69,'2001-11-01 04:32:28','1984-05-13 18:59:09'),(200,1,'1981-10-07 08:18:42','2007-12-20 22:56:30'),(201,5,'2020-01-31 21:01:23','1997-08-08 20:05:40'),(202,29,'1994-06-07 00:45:41','1993-01-31 09:02:23'),(203,29,'2013-09-03 18:44:48','1997-01-19 05:49:03'),(204,91,'2004-07-08 23:57:10','1991-05-03 15:54:16'),(205,182,'2010-01-17 00:58:57','2000-12-14 17:19:46'),(206,40,'2010-01-12 22:54:51','2018-08-22 21:55:30'),(207,98,'1985-03-26 17:12:26','2020-01-04 00:37:32'),(208,187,'1976-05-21 14:33:30','1970-03-15 10:57:21'),(209,108,'1970-11-14 01:32:02','2005-11-10 01:26:48'),(210,87,'2014-09-23 03:46:52','1998-04-19 03:39:01'),(211,29,'1972-10-11 22:45:22','1979-03-06 15:59:04'),(212,194,'1990-06-18 13:44:40','2004-01-06 05:50:14'),(213,7,'1981-01-03 00:23:03','1996-02-03 13:26:05'),(214,171,'2017-11-14 15:06:39','2016-01-23 22:22:02'),(215,57,'2014-05-28 23:15:43','2002-02-11 01:28:22'),(216,161,'1982-04-29 00:45:47','1971-09-03 18:14:53'),(217,77,'1992-03-24 00:37:07','1979-02-07 03:53:29'),(218,3,'1988-03-04 04:16:35','2005-08-08 20:15:09'),(219,13,'2017-07-27 11:09:05','1980-11-03 07:08:12'),(220,47,'1989-07-23 06:07:00','2011-02-14 17:37:03'),(221,68,'1978-09-28 01:16:41','1984-05-06 08:09:39'),(222,3,'2008-02-27 07:03:46','2014-12-19 18:17:34'),(223,160,'2008-01-07 01:12:54','1987-07-01 04:57:32'),(224,171,'1993-01-15 03:41:40','1999-12-15 05:18:32'),(225,18,'2005-11-18 07:21:14','1979-04-19 07:50:39'),(226,118,'2011-12-09 15:43:42','1982-10-05 14:24:07'),(227,186,'1998-03-16 10:39:31','1986-03-26 23:34:22'),(228,165,'2002-02-10 22:53:45','2007-04-14 11:03:24'),(229,9,'2003-09-30 02:26:07','2009-05-28 03:50:12'),(230,54,'2016-04-10 10:41:26','1981-04-07 15:43:09'),(231,165,'1985-04-14 13:38:14','2004-07-30 20:26:42'),(232,14,'1999-11-29 10:21:09','1977-01-27 18:07:44'),(233,83,'2015-09-01 23:23:31','2014-11-17 15:43:51'),(234,194,'2016-05-12 14:00:09','1997-02-26 20:43:26'),(235,104,'2012-05-23 19:05:30','1977-06-09 17:29:05'),(236,65,'1996-11-29 15:53:48','2013-02-17 17:09:02'),(237,33,'1998-10-07 04:45:58','1982-06-17 12:28:51'),(238,2,'1979-01-05 07:44:09','1992-11-11 06:42:10'),(239,51,'2002-02-24 22:03:54','2015-12-18 13:47:32'),(240,141,'1996-03-10 08:00:17','2002-05-20 00:15:28'),(241,88,'2011-07-13 09:43:15','1982-01-04 05:01:31'),(242,80,'1995-05-05 10:57:43','1977-05-27 12:07:27'),(243,135,'2013-05-19 01:41:21','1981-11-22 20:25:49'),(244,95,'2010-04-18 11:34:42','1972-02-17 11:28:17'),(245,50,'2004-11-01 13:32:59','2010-07-16 21:00:42'),(246,192,'1989-10-21 16:42:12','1977-07-29 07:43:42'),(247,55,'1992-05-27 23:30:11','2001-03-10 07:47:50'),(248,126,'1989-01-20 22:31:44','1984-01-27 18:03:17'),(249,194,'1996-08-11 05:32:33','2000-12-29 02:42:02'),(250,67,'2010-03-24 20:43:00','2012-11-07 21:23:35'),(251,172,'2018-04-23 03:00:55','2012-11-22 19:45:49'),(252,61,'1981-05-23 09:25:05','1992-12-02 11:15:28'),(253,70,'1997-12-11 12:11:07','2016-06-24 12:13:42'),(254,132,'2011-09-12 17:26:24','2009-10-30 05:41:16'),(255,32,'2010-01-12 16:42:37','2007-10-20 18:15:10'),(256,87,'2014-05-27 19:19:06','1983-04-08 21:45:51'),(257,50,'1999-12-09 17:23:04','1988-01-02 06:05:31'),(258,17,'1997-11-25 16:36:32','1995-05-24 00:55:16'),(259,51,'1971-07-03 06:08:59','2012-08-20 09:08:19'),(260,59,'2012-09-24 14:08:58','1983-05-14 20:02:13'),(261,71,'1996-07-08 23:01:12','2017-09-06 12:00:45'),(262,16,'1988-10-25 12:38:51','2014-03-03 20:01:45'),(263,72,'1974-11-13 10:24:49','1995-01-11 02:34:23'),(264,154,'1975-12-08 22:37:45','2017-03-08 20:52:32'),(265,10,'2006-08-21 14:13:55','1986-04-22 19:39:26'),(266,175,'1989-03-25 17:26:08','1988-03-11 09:53:31'),(267,18,'2018-07-21 18:59:32','1972-09-23 21:36:47'),(268,43,'1982-07-12 10:46:33','2005-03-17 03:34:11'),(269,177,'2016-07-26 17:22:44','1972-02-27 02:38:54'),(270,69,'1984-05-05 11:53:04','1988-08-10 16:22:29'),(271,183,'1973-03-10 10:36:10','2012-05-14 00:46:23'),(272,65,'2006-07-30 12:11:23','1984-01-24 12:09:34'),(273,148,'1987-03-20 09:27:03','2001-01-25 22:20:21'),(274,118,'2013-08-17 13:12:16','1980-12-28 21:47:03'),(275,159,'1995-04-17 23:36:35','1970-04-22 04:58:36'),(276,198,'2003-09-17 02:36:23','1986-02-03 20:39:10'),(277,110,'2018-07-22 15:37:15','1988-12-20 13:46:13'),(278,13,'2008-04-09 13:56:57','1985-11-05 18:37:04'),(279,123,'1975-08-28 15:39:14','1989-02-09 15:04:17'),(280,104,'2019-01-25 10:28:24','2004-09-09 19:45:26'),(281,80,'1978-11-06 23:37:05','2017-06-10 03:25:44'),(282,95,'2006-03-01 11:02:15','2001-02-13 18:41:43'),(283,164,'1979-06-23 04:32:30','2000-04-13 20:10:28'),(284,149,'1993-08-26 02:38:31','1997-05-29 10:05:17'),(285,27,'2019-11-27 06:29:35','1976-01-01 09:32:16'),(286,196,'1999-08-22 07:37:24','1988-06-26 00:42:53'),(287,36,'1986-05-18 14:13:37','1986-02-26 11:53:53'),(288,76,'1997-12-03 05:18:05','1981-05-29 21:31:28'),(289,13,'1986-05-14 18:24:56','1975-06-09 02:01:27'),(290,86,'1995-07-31 03:57:28','2012-01-20 16:20:26'),(291,134,'1998-05-07 19:13:14','2015-04-15 10:17:49'),(292,83,'2002-09-06 14:05:45','1973-05-21 01:44:23'),(293,102,'1998-10-05 13:58:36','2003-02-28 01:40:14'),(294,5,'1995-09-23 08:00:03','2012-01-20 11:32:03'),(295,37,'2003-02-17 17:02:18','1970-04-25 11:36:35'),(296,111,'1971-06-28 09:10:44','2010-01-21 04:02:41'),(297,180,'2008-03-26 17:41:58','1977-06-28 18:49:50'),(298,55,'1988-01-08 08:57:53','1999-07-28 08:53:38'),(299,154,'1977-05-23 14:27:28','1998-02-05 11:52:06'),(300,156,'2019-02-24 09:47:46','1999-09-06 05:35:25'),(301,123,'2001-10-14 18:50:04','1982-05-29 09:35:54'),(302,137,'2014-02-18 12:56:16','1982-03-12 16:49:54'),(303,21,'1994-08-19 12:03:47','1995-12-08 19:32:25'),(304,71,'1999-04-23 07:12:07','1998-04-03 19:57:39'),(305,54,'2006-07-06 17:00:39','2012-09-11 19:53:13'),(306,179,'1977-03-09 01:20:53','1996-06-15 10:18:29'),(307,68,'1983-08-27 09:16:50','2002-01-02 07:11:30'),(308,163,'2005-10-07 04:11:05','1983-07-13 01:32:54'),(309,192,'1994-06-20 11:08:39','2005-02-10 16:24:02'),(310,191,'1992-07-20 00:51:26','1989-04-30 18:07:26'),(311,66,'1990-08-29 03:18:58','1991-09-25 01:40:54'),(312,71,'2011-11-19 02:08:25','1983-08-15 04:34:31'),(313,85,'1975-03-28 19:50:04','1974-06-11 07:48:20'),(314,30,'1995-11-28 17:48:50','1996-08-05 04:37:09'),(315,20,'2001-01-30 12:18:52','2017-01-14 06:26:15'),(316,111,'2010-04-02 10:23:37','2007-10-28 16:06:53'),(317,26,'1979-12-28 17:54:45','1995-12-19 17:32:40'),(318,55,'2003-08-13 15:22:17','1976-01-12 04:21:38'),(319,187,'1985-05-11 08:38:59','1997-02-16 08:33:11'),(320,38,'1973-12-08 10:14:20','2001-03-17 05:35:28'),(321,141,'2012-09-15 04:35:38','1999-06-24 23:59:51'),(322,120,'2013-03-07 14:51:49','1972-01-23 14:57:25'),(323,120,'1984-07-15 14:46:28','1988-09-21 02:11:34'),(324,42,'1990-01-30 22:22:15','1992-06-12 19:03:16'),(325,125,'1996-03-26 20:33:42','1990-02-05 04:25:42'),(326,157,'2004-04-02 11:57:08','1982-10-01 19:25:50'),(327,153,'1998-08-21 09:43:48','1998-10-15 04:39:40'),(328,104,'1996-07-07 11:01:32','2005-03-11 20:22:45'),(329,11,'1986-08-22 22:47:06','2020-05-30 08:31:35'),(330,106,'1987-01-08 13:32:46','2003-03-24 09:44:10'),(331,60,'1977-09-08 01:24:30','1993-02-28 19:26:41'),(332,133,'2001-08-29 01:52:04','2000-03-23 12:51:00'),(333,43,'1988-11-27 22:09:44','1981-11-10 23:45:31'),(334,81,'1997-02-04 17:43:26','2016-11-18 06:23:51'),(335,4,'1978-01-03 13:48:59','1979-03-14 02:55:31'),(336,96,'1975-03-07 08:40:24','2005-10-06 08:03:36'),(337,59,'1984-04-04 04:34:01','1989-11-14 00:56:06'),(338,71,'2009-10-31 08:00:58','1980-03-11 06:19:01'),(339,59,'2009-09-24 03:21:18','2011-03-31 00:30:00'),(340,51,'2004-06-04 01:31:54','2015-12-06 15:13:11'),(341,61,'2003-10-12 01:59:27','2019-12-03 17:59:41'),(342,125,'2004-08-19 11:23:52','2006-11-03 19:45:35'),(343,121,'2017-07-29 12:50:23','1988-12-29 22:19:17'),(344,146,'2016-02-21 12:41:36','1970-12-05 08:20:13'),(345,155,'1988-10-24 05:45:09','2010-04-26 21:01:18'),(346,141,'1986-03-11 18:32:39','1986-02-02 14:18:06'),(347,57,'2009-10-10 11:38:18','1987-04-22 13:49:07'),(348,180,'1972-01-30 07:34:52','1993-12-15 12:02:25'),(349,195,'1988-10-21 20:58:18','1983-11-04 15:39:15'),(350,43,'1992-07-26 22:40:11','1975-08-27 11:38:59'),(351,18,'1995-05-13 21:26:09','1984-01-25 01:35:10'),(352,135,'1998-10-07 05:17:36','1993-10-05 17:00:21'),(353,163,'2018-01-18 08:25:45','2015-10-21 15:57:49'),(354,138,'2015-11-23 17:46:05','2003-10-16 21:04:15'),(355,177,'2016-05-18 12:07:19','2000-09-14 18:29:50'),(356,87,'1974-01-30 03:02:26','2002-06-08 06:28:37'),(357,94,'2005-01-12 06:46:31','2018-07-28 11:29:34'),(358,130,'2012-02-03 18:38:28','2012-10-06 02:29:38'),(359,191,'1980-04-29 00:58:29','2009-01-16 20:59:18'),(360,104,'1981-08-17 07:38:06','2015-06-22 18:36:40'),(361,36,'1975-09-11 17:42:27','1979-08-12 10:53:32'),(362,50,'1993-06-13 09:06:53','2018-03-16 20:20:07'),(363,37,'2006-01-04 07:40:18','2018-10-09 12:40:53'),(364,78,'2010-04-11 20:03:16','2019-10-19 00:22:11'),(365,131,'2006-09-03 00:23:12','2010-06-02 13:44:40'),(366,40,'1999-02-21 09:59:49','2020-05-07 04:52:39'),(367,174,'1973-04-29 18:59:04','2008-05-06 03:02:05'),(368,189,'2003-09-12 04:33:05','2013-05-03 00:01:09'),(369,111,'1970-02-21 14:02:39','2003-03-25 22:28:01'),(370,33,'2004-07-23 10:29:52','1979-07-14 22:35:13'),(371,39,'2015-06-01 11:43:53','2005-07-10 21:20:21'),(372,172,'1980-07-14 04:30:20','1991-02-26 06:24:01'),(373,158,'1970-05-20 18:17:31','2006-04-05 23:29:35'),(374,160,'1993-11-05 19:51:27','1997-01-25 03:36:21'),(375,118,'2016-01-17 18:19:35','2002-03-07 20:56:44'),(376,113,'1974-02-19 15:22:12','1990-01-24 00:01:05'),(377,100,'1983-04-27 01:11:52','1970-02-05 16:18:34'),(378,174,'2020-05-18 02:44:52','1992-05-17 05:58:52'),(379,92,'2011-04-28 09:51:10','2006-02-23 22:07:56'),(380,95,'1988-11-22 00:40:05','1998-11-12 00:02:42'),(381,17,'1976-08-31 03:40:04','2007-02-02 09:00:22'),(382,109,'1994-04-16 15:49:00','2006-09-22 11:08:27'),(383,30,'1980-07-06 03:31:15','2009-04-13 06:05:50'),(384,179,'2003-11-04 10:31:44','2002-03-07 01:01:08'),(385,46,'2003-10-14 13:58:41','2002-05-31 01:07:03'),(386,7,'2005-01-14 04:23:17','1990-01-04 22:44:55'),(387,66,'1977-09-12 17:38:47','2019-11-01 19:50:46'),(388,140,'1983-01-12 03:34:37','1996-09-11 19:32:26'),(389,136,'2010-01-17 19:58:10','1995-12-31 09:45:12'),(390,56,'2002-08-08 08:54:18','1989-12-15 05:06:41'),(391,43,'1988-10-29 23:24:20','2019-11-08 03:46:31'),(392,172,'1978-05-19 15:38:55','2006-02-10 08:59:05'),(393,106,'1972-06-30 18:02:36','1992-12-04 04:06:19'),(394,80,'2004-01-12 22:44:52','1976-11-28 13:55:53'),(395,50,'2007-03-23 02:18:31','1983-05-07 09:18:14'),(396,36,'1990-03-02 11:04:19','2008-02-22 00:26:15'),(397,120,'1980-11-04 09:54:46','1994-02-06 22:48:42'),(398,23,'1996-05-26 20:25:58','2019-03-13 22:56:56'),(399,25,'2015-06-30 01:26:34','2016-08-13 04:59:59'),(400,31,'2003-02-13 23:23:40','1989-01-26 14:38:49'),(401,56,'1977-08-08 12:59:29','2008-05-01 02:35:11'),(402,64,'1989-12-19 02:31:58','1996-09-03 19:35:10'),(403,2,'1970-05-30 08:33:39','1996-02-16 01:32:30'),(404,13,'1984-02-13 05:49:19','1994-02-02 00:16:25'),(405,23,'2016-03-06 16:23:42','1984-11-14 18:20:15'),(406,120,'1981-03-18 08:25:19','1998-09-06 13:03:15'),(407,125,'1992-07-04 09:54:38','1973-09-04 06:37:55'),(408,123,'1980-08-29 04:27:34','2004-06-28 12:56:38'),(409,94,'2016-09-19 07:05:17','1976-09-13 01:21:30'),(410,17,'1970-10-21 10:11:00','1989-10-18 17:38:48'),(411,17,'1987-05-26 11:36:30','1983-10-20 21:01:46'),(412,110,'1978-03-28 18:04:31','2011-10-15 08:27:01'),(413,126,'1988-10-15 06:15:45','2002-06-27 09:42:07'),(414,47,'2010-10-28 02:18:24','1994-02-23 04:49:40'),(415,89,'1981-03-19 04:23:27','1982-05-14 14:27:21'),(416,172,'1970-04-30 05:59:04','2003-08-28 18:13:28'),(417,53,'2012-12-09 08:02:36','2012-06-15 23:24:06'),(418,154,'2007-10-03 17:24:10','1972-09-17 09:32:38'),(419,111,'1991-09-29 18:32:08','2002-06-03 10:50:55'),(420,189,'1987-11-28 04:23:17','1993-09-04 21:09:48'),(421,9,'1997-12-31 00:01:28','1985-11-15 18:12:54'),(422,154,'2001-02-18 04:51:05','2001-09-02 15:19:01'),(423,160,'1982-01-17 05:23:03','1979-03-20 14:33:42'),(424,114,'1994-11-20 01:48:14','1976-07-01 03:06:25'),(425,34,'2011-04-20 23:25:14','1987-09-04 08:22:40'),(426,9,'2013-03-02 04:08:17','2009-09-23 16:13:25'),(427,150,'1977-03-28 17:56:47','2005-12-22 22:03:36'),(428,153,'2016-04-25 08:28:42','1982-02-10 04:00:00'),(429,32,'1996-09-29 22:17:49','2019-06-06 10:26:33'),(430,174,'1970-09-10 05:17:52','1977-02-19 11:37:53'),(431,184,'2006-05-12 16:52:46','1982-06-12 16:16:24'),(432,87,'1988-08-22 19:25:09','1986-01-08 04:11:13'),(433,37,'2009-07-06 02:53:06','1985-05-04 15:03:52'),(434,186,'2009-06-05 03:58:46','2003-04-01 06:33:57'),(435,99,'1996-01-17 05:02:20','1999-06-21 11:25:08'),(436,60,'2006-07-03 15:42:29','1970-02-27 19:59:35'),(437,105,'1980-11-20 11:06:53','1992-09-28 18:44:19'),(438,24,'2012-09-28 00:24:09','1989-03-20 14:57:01'),(439,182,'2004-08-04 02:35:15','1981-05-24 11:38:28'),(440,198,'2000-02-11 00:41:11','1996-08-16 23:50:07'),(441,41,'2019-08-26 23:59:52','2004-07-09 06:37:32'),(442,199,'1987-01-31 21:03:18','1992-04-18 00:29:13'),(443,107,'2001-10-29 10:44:40','2014-02-04 07:27:13'),(444,166,'2008-09-12 11:02:29','1987-05-29 08:26:02'),(445,45,'1972-10-13 21:30:01','1972-08-29 02:51:05'),(446,195,'1990-07-15 01:53:55','2004-03-20 19:51:22'),(447,137,'1978-09-17 02:40:50','1989-04-13 22:55:33'),(448,98,'1997-03-04 15:42:53','1992-10-05 02:11:02'),(449,149,'2011-12-14 03:01:26','2016-08-08 12:33:06'),(450,48,'2008-07-04 05:33:37','2004-05-26 00:21:28'),(451,86,'1994-07-05 04:56:55','2011-07-19 14:20:17'),(452,157,'2013-02-22 15:52:28','2008-10-28 16:30:04'),(453,2,'2000-10-17 11:52:29','1978-07-09 16:24:40'),(454,45,'2006-12-18 06:20:27','2010-08-14 20:30:48'),(455,71,'1999-07-27 21:23:41','2010-03-25 03:29:14'),(456,35,'2015-01-18 10:09:28','1987-06-07 12:37:58'),(457,54,'1997-09-30 00:12:59','2002-02-22 03:38:32'),(458,21,'1978-09-25 00:35:37','2012-11-24 12:46:36'),(459,188,'2012-05-31 14:22:16','2005-12-09 11:54:10'),(460,85,'1981-09-28 13:18:12','1998-05-20 14:28:45'),(461,194,'1979-07-12 01:55:57','1989-04-23 06:04:29'),(462,171,'1995-12-05 10:54:25','1977-03-27 21:32:07'),(463,171,'1997-01-31 01:40:02','1985-06-30 07:43:56'),(464,31,'1975-03-04 02:38:15','2019-03-12 06:45:20'),(465,156,'2010-03-07 11:20:45','2003-01-11 14:06:59'),(466,70,'1982-05-03 20:02:11','1973-09-14 16:03:40'),(467,90,'2005-11-08 12:14:43','2018-09-14 03:50:53'),(468,60,'1997-05-29 13:51:32','1989-06-04 03:33:47'),(469,94,'1991-12-27 03:01:18','1989-01-30 05:32:02'),(470,71,'2016-03-18 03:35:31','2018-03-12 15:38:44'),(471,58,'1978-10-02 02:12:16','2004-10-23 16:55:41'),(472,134,'2003-07-01 10:38:37','1976-03-08 20:55:25'),(473,70,'1971-01-27 21:24:32','1984-12-26 16:00:07'),(474,164,'1971-12-28 06:30:19','1994-10-31 04:57:55'),(475,99,'1997-03-16 17:49:21','2018-01-08 22:05:40'),(476,115,'1993-04-14 16:42:55','1987-08-24 07:54:00'),(477,159,'1973-07-10 16:09:35','2015-10-02 23:53:04'),(478,36,'1988-09-17 02:29:28','1995-10-26 11:13:20'),(479,12,'1981-08-06 17:49:47','1982-02-09 12:07:54'),(480,108,'1971-10-17 02:22:17','1979-06-14 01:36:50'),(481,84,'1980-09-20 17:47:13','2015-10-18 00:41:38'),(482,97,'2006-03-15 06:50:46','2005-01-11 06:04:43'),(483,64,'1970-05-21 09:38:08','1973-08-28 03:05:36'),(484,85,'1972-05-13 18:42:02','1999-03-25 08:24:02'),(485,142,'2007-10-16 17:26:36','2013-05-07 14:27:47'),(486,135,'1980-01-24 02:03:10','1971-03-21 05:30:12'),(487,120,'1973-07-28 21:54:24','2003-02-22 13:18:29'),(488,195,'2017-10-01 21:05:41','2007-11-15 23:10:45'),(489,155,'1980-10-07 12:33:04','2015-03-25 18:20:13'),(490,107,'1974-12-28 23:46:10','1983-03-20 00:33:32'),(491,79,'2013-12-13 09:46:55','1997-05-27 08:19:46'),(492,149,'2004-10-11 20:39:04','2007-01-18 09:52:28'),(493,77,'2000-03-09 19:54:39','2009-09-16 19:46:10'),(494,50,'1977-05-09 19:16:17','1978-12-19 06:24:20'),(495,179,'1993-08-25 11:48:32','1973-11-12 02:46:38'),(496,33,'2001-11-23 08:51:54','2004-03-07 20:45:06'),(497,119,'2004-08-27 09:08:04','2010-10-20 01:55:48'),(498,68,'1989-12-30 06:09:41','1982-08-01 06:19:21'),(499,92,'1975-01-07 00:10:40','1987-08-01 18:27:24'),(500,12,'1984-08-02 23:49:38','2009-03-18 07:06:06');
/*!40000 ALTER TABLE `orders` ENABLE KEYS */;
UNLOCK TABLES;

--
-- Table structure for table `orders_books`
--

DROP TABLE IF EXISTS `orders_books`;
/*!40101 SET @saved_cs_client     = @@character_set_client */;
/*!50503 SET character_set_client = utf8mb4 */;
CREATE TABLE `orders_books` (
  `order_id` int unsigned NOT NULL,
  `book_id` int unsigned NOT NULL,
  `created_at` datetime DEFAULT CURRENT_TIMESTAMP,
  `updated_at` datetime DEFAULT CURRENT_TIMESTAMP ON UPDATE CURRENT_TIMESTAMP,
  KEY `orders_books_book_id_fk` (`book_id`),
  KEY `orders_books_order_id_idx` (`order_id`),
  CONSTRAINT `orders_books_book_id_fk` FOREIGN KEY (`book_id`) REFERENCES `books` (`id`) ON DELETE CASCADE,
  CONSTRAINT `orders_books_order_id_fk` FOREIGN KEY (`order_id`) REFERENCES `orders` (`number_order`) ON DELETE CASCADE
) ENGINE=InnoDB DEFAULT CHARSET=utf8 COLLATE=utf8_unicode_ci;
/*!40101 SET character_set_client = @saved_cs_client */;

--
-- Dumping data for table `orders_books`
--

LOCK TABLES `orders_books` WRITE;
/*!40000 ALTER TABLE `orders_books` DISABLE KEYS */;
INSERT INTO `orders_books` VALUES (61,373,'2018-06-30 15:21:27','1989-04-04 12:52:36'),(283,262,'1995-08-11 14:26:53','2018-03-03 04:41:44'),(278,76,'1979-02-16 20:57:55','1996-02-14 10:44:38'),(58,445,'1987-08-16 20:39:05','1972-04-06 02:19:50'),(63,66,'2018-03-16 02:29:50','2007-01-15 18:31:59'),(355,307,'1988-01-05 02:07:38','2020-01-14 18:00:35'),(499,268,'2008-04-01 20:18:51','2006-09-13 12:09:45'),(79,443,'1973-05-05 09:36:50','1979-10-24 16:14:15'),(425,232,'2018-01-14 13:57:19','1981-11-04 14:07:44'),(296,177,'1994-07-02 03:00:30','2005-08-20 19:35:28'),(463,354,'1992-03-14 12:41:27','2019-05-13 16:12:38'),(339,265,'1981-12-22 21:21:53','1999-05-09 03:45:49'),(116,263,'2014-07-27 04:25:56','2009-07-27 09:35:24'),(358,232,'1981-06-28 15:31:54','2017-03-16 18:23:19'),(122,107,'2015-01-21 10:46:33','2013-04-16 18:40:57'),(22,183,'2009-12-23 01:23:26','1974-04-19 15:13:31'),(480,304,'1989-12-09 22:00:49','1997-08-29 23:23:28'),(444,257,'1982-03-07 03:50:53','2001-06-19 07:57:38'),(380,2,'1988-04-04 09:32:38','1997-03-08 18:56:27'),(202,442,'2002-06-12 02:13:16','2005-11-22 14:21:29'),(68,56,'1995-07-21 06:37:49','1973-02-23 19:47:42'),(249,66,'2011-05-13 17:40:34','2017-08-31 12:26:21'),(323,327,'1977-10-02 08:13:25','2019-11-04 17:53:06'),(8,248,'2014-04-19 19:41:57','1974-08-31 09:09:49'),(59,304,'1995-10-04 21:55:10','1993-03-01 11:31:50'),(424,21,'1986-02-24 18:18:21','1989-06-18 19:34:09'),(158,263,'1982-12-28 17:47:34','1998-07-21 20:18:32'),(286,273,'1973-06-14 20:57:01','2008-12-03 03:07:09'),(25,144,'2017-10-07 13:26:51','1971-07-20 21:20:02'),(4,147,'1981-08-15 07:24:53','1986-01-08 18:44:22'),(251,25,'2016-06-27 08:47:12','1975-10-19 23:50:31'),(329,230,'1987-11-20 05:42:12','2009-04-11 17:14:05'),(328,273,'2013-10-17 09:28:14','2004-11-30 19:28:21'),(487,207,'1985-02-24 19:56:31','1999-07-01 02:26:11'),(274,188,'1993-09-14 05:12:52','1972-02-07 10:21:01'),(149,341,'2001-04-02 11:26:01','2003-07-08 23:20:07'),(244,397,'1984-02-14 19:26:42','2002-04-02 23:30:54'),(406,67,'1998-04-15 10:01:00','2019-07-10 09:36:57'),(224,414,'1987-03-04 01:52:57','2002-02-12 14:27:00'),(315,282,'1989-05-26 04:57:00','1981-01-18 11:45:53'),(217,239,'1984-03-24 12:05:29','2019-02-10 05:54:19'),(303,374,'2000-07-03 09:30:57','1978-03-04 02:16:31'),(1,88,'1983-07-21 00:57:07','2015-03-30 05:58:02'),(146,26,'1974-07-24 16:03:11','1972-05-18 14:30:00'),(232,150,'1995-02-20 01:32:49','1972-08-10 13:57:34'),(172,482,'2013-01-09 21:54:26','2009-11-28 18:49:37'),(174,1,'2000-08-12 02:38:07','1991-06-05 19:34:31'),(212,2,'2008-05-15 23:28:41','2011-07-15 20:40:18'),(273,198,'2009-04-24 09:24:48','1980-10-11 19:36:00'),(208,47,'1984-01-08 10:34:54','1970-02-25 16:13:57'),(386,357,'2003-02-07 07:56:41','1975-12-21 10:22:49'),(388,130,'1996-10-20 05:20:04','2006-04-22 20:03:48'),(254,293,'1976-06-03 10:23:41','1979-05-30 06:24:10'),(197,477,'1998-02-03 07:32:28','1970-06-04 07:36:29'),(207,11,'2010-03-09 09:24:16','1971-11-27 23:24:17'),(259,423,'2000-07-14 16:13:40','1996-10-19 04:56:23'),(249,61,'2002-03-14 18:19:37','2019-12-27 04:24:03'),(297,249,'1996-09-05 02:54:20','2017-05-16 19:35:29'),(149,443,'1996-11-07 03:39:17','2001-01-19 01:16:34'),(274,381,'2015-02-05 08:51:13','1977-07-11 23:09:44'),(92,446,'2003-07-01 14:46:15','1973-11-16 04:42:28'),(362,265,'1972-03-17 04:07:18','2013-12-12 16:26:54'),(446,73,'1981-06-07 19:53:24','2001-02-12 03:37:59'),(266,219,'1997-11-03 20:14:41','1992-03-23 11:22:57'),(271,474,'1983-08-06 15:54:27','1985-03-18 06:02:01'),(265,157,'1994-02-07 22:22:19','2001-04-16 09:17:21'),(331,152,'1992-11-02 04:07:20','2003-09-03 08:15:23'),(286,84,'1995-08-27 05:56:35','1979-03-28 05:36:08'),(445,483,'1973-09-01 22:45:52','2009-05-11 08:58:54'),(60,152,'1996-01-28 22:42:54','1974-04-20 19:20:45'),(493,319,'1980-02-23 06:48:36','1970-01-09 05:35:03'),(75,242,'1999-12-29 18:58:12','1981-10-14 12:11:14'),(380,371,'2008-07-17 19:28:14','2016-04-12 00:51:47'),(490,28,'1979-05-18 19:33:00','1989-05-20 07:13:32'),(314,264,'1989-03-26 11:08:46','2009-11-17 13:04:01'),(408,405,'2002-09-16 18:15:48','1987-05-20 12:45:28'),(209,270,'1994-10-17 11:29:44','2005-05-31 00:16:26'),(170,155,'1983-10-14 20:05:06','1974-08-14 02:39:37'),(343,436,'1994-01-27 04:08:14','2013-05-05 07:03:45'),(374,113,'1985-06-28 17:32:00','2010-09-08 15:26:03'),(410,139,'1971-07-22 01:35:19','1978-03-11 17:07:53'),(270,240,'1972-07-28 22:28:19','1972-04-26 02:48:27'),(291,56,'1988-06-24 03:30:08','1980-10-02 09:05:28'),(323,235,'1973-09-14 03:55:55','1987-12-10 00:28:53'),(38,383,'1975-06-27 09:40:38','1993-06-30 15:07:35'),(387,30,'1997-04-29 13:13:14','2000-04-22 14:02:24'),(201,461,'2004-05-27 11:29:09','1984-01-28 19:49:02'),(272,80,'1989-09-15 15:15:49','1984-10-07 09:23:36'),(332,262,'1972-12-12 01:50:18','2018-08-19 11:18:12'),(108,145,'1976-09-21 09:33:14','1979-08-03 07:47:45'),(25,16,'1993-06-29 19:09:58','1971-03-07 18:13:31'),(50,234,'2011-05-08 19:31:10','1993-06-09 08:45:28'),(285,219,'2009-03-01 01:25:31','2015-10-22 16:43:07'),(389,127,'1987-05-23 11:14:18','1973-01-18 00:16:37'),(155,262,'1973-01-24 00:09:44','1971-06-24 18:21:06'),(240,64,'2005-04-18 18:26:24','1997-04-27 01:38:12'),(400,9,'1998-02-07 19:31:09','1978-02-02 20:52:10'),(304,190,'2011-08-29 06:46:34','2005-03-21 03:08:20'),(64,126,'1997-09-17 23:08:38','2013-05-24 07:05:17'),(425,101,'1988-08-18 23:01:57','1978-11-30 02:55:10'),(8,311,'2010-04-10 17:21:31','1988-08-20 02:03:11'),(131,209,'2018-01-28 06:36:37','1996-06-24 07:10:15'),(272,402,'2018-02-18 22:02:04','2016-05-14 22:08:39'),(288,103,'1980-01-17 01:48:25','2013-08-01 15:47:23'),(163,395,'1971-08-10 20:52:08','2016-10-15 01:27:59'),(247,188,'1983-05-03 15:19:53','1993-08-11 21:59:30'),(411,296,'1991-12-04 00:18:12','1996-03-12 13:35:46'),(422,196,'1992-03-09 19:42:10','1985-02-02 04:38:20'),(15,310,'1973-04-19 21:50:44','2003-11-25 19:35:33'),(323,170,'1985-07-14 11:04:45','1975-10-09 09:49:48'),(71,62,'2016-05-25 04:20:01','1984-09-02 13:22:41'),(234,471,'1980-09-16 06:55:11','2009-01-28 14:03:33'),(71,37,'2007-10-31 05:48:13','2016-06-20 09:04:27'),(160,135,'1994-06-14 09:41:52','2001-06-16 21:53:09'),(162,84,'2000-09-21 12:39:51','2017-10-08 06:21:58'),(236,170,'2017-11-09 14:49:42','2019-01-28 06:07:09'),(395,367,'1992-05-04 03:13:16','1978-10-05 00:29:35'),(378,166,'1993-12-02 16:39:40','2002-01-16 13:05:34'),(268,165,'1978-08-06 05:37:11','2007-07-04 11:59:00'),(268,431,'1976-11-19 17:37:19','1993-02-26 23:13:36'),(60,15,'1977-07-29 13:29:04','2018-03-08 16:56:50'),(119,470,'2002-05-19 08:47:57','2016-04-29 03:58:18'),(311,40,'1972-11-16 01:29:20','2011-05-01 05:05:54'),(165,326,'1992-05-16 15:43:13','1977-06-10 19:43:42'),(349,488,'2011-03-03 22:29:15','1987-01-03 15:04:04'),(495,420,'2017-09-11 02:03:32','2019-08-19 10:54:43'),(49,228,'1995-10-16 23:38:14','1988-12-27 07:40:46'),(390,120,'1991-08-30 08:36:42','2011-01-27 16:41:45'),(264,49,'2003-07-10 06:19:32','1999-12-10 06:28:33'),(254,426,'1989-10-07 15:30:59','1991-06-08 02:09:06'),(133,490,'2011-12-21 17:12:02','2008-01-21 10:19:03'),(95,27,'1993-09-12 21:51:54','2013-08-26 13:39:00'),(356,472,'1986-09-23 12:16:29','1975-03-01 07:12:12'),(193,124,'2003-08-05 15:29:25','2017-04-24 04:26:20'),(137,461,'1989-03-06 16:24:17','2006-04-01 15:06:50'),(54,196,'1994-07-15 13:26:27','1978-06-12 11:44:55'),(475,173,'2007-09-13 03:58:04','1988-06-08 23:30:23'),(166,285,'2000-05-16 15:38:07','1980-04-08 12:50:08'),(212,331,'1998-09-12 08:04:41','2011-06-02 14:12:09'),(110,60,'1996-10-26 23:12:41','1985-04-04 11:31:28'),(318,105,'1998-08-22 02:17:12','2004-01-08 23:01:03'),(480,367,'1993-09-06 08:44:03','1989-05-04 19:53:51'),(332,369,'2020-03-04 00:37:11','1972-01-02 10:10:19'),(487,96,'1986-11-06 05:38:25','1984-01-10 08:26:04'),(418,240,'1983-03-01 12:45:34','1981-05-18 08:45:10'),(21,50,'1973-10-02 08:53:23','2006-10-27 05:22:10'),(230,115,'2014-10-20 04:39:05','2012-08-04 06:46:23'),(77,85,'2015-07-04 19:55:24','1979-01-26 21:24:53'),(86,270,'1976-09-02 14:02:24','2012-08-05 11:37:35'),(208,223,'2020-02-10 11:10:23','1984-10-14 13:44:58'),(230,262,'1980-08-30 11:04:57','2012-09-03 03:40:03'),(419,204,'1972-08-13 08:17:17','1987-01-21 23:48:37'),(434,85,'1993-07-01 14:50:45','1985-02-23 07:10:57'),(489,145,'1989-01-22 10:49:07','2018-07-28 18:23:25'),(415,99,'1983-07-27 07:38:14','1986-06-30 17:55:17'),(205,233,'2019-08-31 03:00:02','1994-03-22 21:50:41'),(203,184,'1997-04-03 07:44:43','1983-03-27 18:17:08'),(100,34,'1975-12-25 17:29:09','2001-05-15 20:43:23'),(53,86,'1996-09-12 19:57:55','2018-06-11 17:25:16'),(129,470,'2009-04-10 16:06:14','1990-09-07 07:09:40'),(326,150,'1983-07-03 03:26:00','1973-07-14 05:24:09'),(20,55,'1994-12-23 08:14:40','2012-04-11 01:27:20'),(264,97,'2020-04-16 17:19:53','2002-01-13 04:39:28'),(140,350,'1977-05-17 05:20:03','2017-07-18 05:18:37'),(366,347,'1996-04-16 01:47:10','1970-04-26 15:03:49'),(72,96,'2015-01-12 05:47:54','2004-07-23 16:32:51'),(108,491,'2017-08-11 11:06:17','2018-03-11 12:02:05'),(299,41,'1991-03-11 12:54:03','2010-10-25 19:54:08'),(75,287,'2013-11-19 18:52:12','1978-09-19 10:53:23'),(185,490,'2005-09-25 07:13:45','1975-07-22 19:55:27'),(385,390,'1974-02-19 00:31:39','1988-07-23 06:57:42'),(223,88,'1973-06-20 13:38:59','1996-08-14 17:40:45'),(73,322,'1973-01-27 01:14:45','1985-09-12 14:52:33'),(121,125,'2000-07-11 08:03:40','1980-07-16 12:24:06'),(408,250,'1993-12-14 14:53:49','2005-10-23 06:56:36'),(95,234,'1976-10-11 09:24:50','1992-01-12 02:24:05'),(399,114,'1977-04-28 02:14:01','2017-04-03 20:04:50'),(289,163,'2001-07-29 20:37:56','1979-11-25 17:58:05'),(211,428,'2012-05-22 18:07:14','1981-02-08 03:21:15'),(13,77,'2012-03-08 15:48:14','2002-07-31 14:03:38'),(274,84,'1984-05-17 11:57:11','2010-02-19 00:53:31'),(172,381,'1986-08-07 06:21:15','2002-10-29 08:36:57'),(75,470,'1979-10-30 02:13:01','1993-03-31 08:56:45'),(422,149,'1977-10-08 12:00:28','2009-04-18 15:43:55'),(257,107,'1982-05-12 10:18:27','2018-02-23 03:21:55'),(138,142,'1996-01-12 20:06:29','1980-12-15 04:09:14'),(496,360,'2015-06-10 09:34:45','1983-11-25 18:04:08'),(229,68,'1979-11-03 03:13:52','1990-03-29 18:54:43'),(182,350,'1972-11-04 13:25:13','1974-12-20 15:43:34'),(193,90,'2015-01-19 05:36:17','2002-07-17 19:50:48'),(100,288,'2002-05-25 10:45:44','1997-08-18 15:25:28'),(323,499,'2017-01-18 22:50:02','1997-12-13 12:50:30'),(402,111,'2008-08-26 19:56:20','1988-08-21 06:47:58'),(162,112,'1996-12-31 19:36:06','1990-07-04 04:05:26'),(38,174,'2009-02-12 19:11:21','1982-06-16 19:09:57'),(188,312,'1985-10-08 02:52:39','1972-12-19 14:00:18'),(258,359,'1990-03-02 06:51:31','2001-10-23 19:42:15'),(193,332,'2018-11-26 02:22:39','1975-03-04 19:29:58'),(329,114,'1994-08-17 19:26:28','2013-08-29 08:12:06'),(480,86,'1980-11-03 14:13:30','1994-03-13 22:03:35'),(221,118,'1985-11-26 22:38:47','2007-05-24 09:32:56'),(227,216,'1979-08-30 06:40:20','1992-10-05 13:47:24'),(477,456,'1974-04-18 18:35:33','1998-02-24 18:17:19'),(284,159,'1977-01-22 15:03:04','1999-01-22 12:37:53'),(306,477,'2013-11-02 06:22:28','2007-04-19 22:25:53'),(248,405,'2006-12-14 14:37:01','1982-08-05 02:55:59'),(264,70,'2008-06-13 09:03:26','1986-03-16 03:44:35'),(404,165,'1978-09-09 15:27:39','2019-05-14 01:29:43'),(181,65,'1978-10-31 21:04:25','1987-03-19 04:51:04'),(277,219,'2016-10-06 16:14:52','2004-03-03 11:48:57'),(238,465,'1998-08-05 03:26:37','1985-08-20 10:48:50'),(30,495,'1994-06-23 06:41:15','1972-04-02 17:14:19'),(323,223,'1971-08-10 12:22:09','2016-03-11 12:03:08'),(326,152,'2010-11-20 11:33:16','2001-07-28 07:44:58'),(337,306,'1993-07-23 01:06:50','1985-10-17 01:13:38'),(237,57,'1974-02-24 10:35:31','1978-04-29 13:09:44'),(423,464,'1992-08-25 06:47:44','2016-03-21 13:04:28'),(272,400,'1989-05-22 19:59:28','2014-12-21 22:12:05'),(419,55,'1977-10-29 20:17:53','1997-06-16 17:04:55'),(58,224,'1986-01-30 08:10:02','1971-03-23 12:32:52'),(31,305,'1994-11-08 09:11:31','2012-07-20 16:38:01'),(129,295,'2001-06-17 06:55:44','1993-02-11 08:54:58'),(375,32,'1991-08-21 14:34:47','2006-01-07 05:28:15'),(459,55,'2002-10-26 09:30:29','2009-09-24 01:13:22'),(97,236,'1997-08-01 15:28:38','1973-10-10 13:42:10'),(273,334,'1981-06-06 19:04:46','1970-11-01 11:51:50'),(200,303,'2001-06-21 06:34:44','1993-04-16 08:00:32'),(329,23,'2012-01-10 15:30:19','2001-05-12 06:19:48'),(26,154,'2010-08-07 07:53:06','1976-05-25 13:28:42'),(174,362,'1980-09-30 14:17:02','1980-07-17 10:12:33'),(460,411,'1983-01-21 23:36:11','1982-05-25 19:22:15'),(419,382,'1998-12-22 22:03:48','1987-11-19 00:28:08'),(374,190,'1983-02-25 15:59:51','1977-08-08 21:03:11'),(281,293,'2011-08-20 07:11:51','1976-09-21 08:17:25'),(245,338,'2005-09-06 06:03:15','2010-10-08 17:37:56'),(17,276,'1974-01-11 19:11:46','2007-12-14 14:40:50'),(143,145,'1995-01-31 16:23:54','1992-07-27 15:21:37'),(70,17,'2006-09-16 05:53:39','1983-12-10 08:56:23'),(177,29,'2004-12-14 21:47:46','1997-02-20 16:23:01'),(71,273,'2016-12-14 06:02:05','2010-03-30 13:54:00'),(265,344,'1979-10-29 23:48:36','2012-05-28 00:56:33'),(107,464,'2017-12-02 19:55:31','1993-02-17 00:56:34'),(147,435,'1974-01-23 19:16:18','1973-05-31 16:10:06'),(486,173,'1977-07-18 16:09:09','1986-08-18 15:16:50'),(89,160,'1976-05-24 09:53:58','1986-03-16 03:31:44'),(34,48,'2008-02-10 03:14:27','2016-10-05 10:57:32'),(70,453,'2018-02-15 11:51:07','1983-04-01 04:54:00'),(430,444,'1986-08-17 12:56:57','1982-12-16 14:32:32'),(143,210,'2012-08-09 23:04:46','2020-02-10 08:07:46'),(236,387,'1972-05-09 23:22:17','1997-10-01 11:35:31'),(48,252,'1995-05-26 17:17:11','2005-06-25 14:05:07'),(163,191,'1979-06-22 08:39:21','2002-06-20 22:30:50'),(397,233,'2011-08-24 10:30:20','2001-08-22 22:04:04'),(207,73,'1989-10-01 12:35:56','2006-10-18 19:30:19'),(262,278,'2015-04-11 02:59:02','2010-09-14 01:38:50'),(346,26,'2008-07-25 06:04:36','1984-03-02 02:58:26'),(122,452,'1970-09-02 00:03:02','1991-11-06 21:17:36'),(490,268,'1989-11-27 16:49:49','1972-11-08 10:50:37'),(386,475,'1997-08-27 17:26:56','1982-11-29 04:14:19'),(441,474,'2019-10-11 02:12:29','2017-02-23 00:04:48'),(135,474,'1986-08-02 12:59:36','2007-06-18 12:44:56'),(21,205,'1981-07-31 03:10:27','1974-03-02 17:10:41'),(427,451,'1994-03-12 20:03:24','1981-08-02 23:03:05'),(148,69,'1985-05-22 23:14:17','2017-07-17 11:30:39'),(160,383,'2015-11-09 16:34:58','2009-12-11 18:44:04'),(456,208,'2009-05-20 22:32:19','1977-03-10 20:06:54'),(134,118,'1992-10-10 16:44:30','1987-02-12 23:42:47'),(398,30,'1971-06-06 08:41:25','1991-11-09 13:33:47'),(351,105,'2003-07-06 19:53:10','2009-12-10 20:25:29'),(103,112,'2004-12-07 12:40:44','1997-09-08 04:38:39'),(382,448,'2012-09-01 00:12:04','1989-11-22 17:05:55'),(138,3,'2014-06-03 11:18:18','1986-10-12 10:31:23'),(399,127,'2014-11-16 07:54:34','1977-06-21 14:58:17'),(271,284,'1975-11-10 19:59:27','2014-01-02 19:41:51'),(102,211,'1971-08-05 16:06:11','2016-09-17 03:07:32'),(258,236,'1992-01-08 17:24:02','2019-05-26 09:24:21'),(185,279,'2008-01-08 02:59:39','1973-12-19 03:42:14'),(440,111,'1970-02-25 00:00:50','2018-12-01 21:45:24'),(229,88,'2017-07-06 19:21:42','2004-05-02 02:56:10'),(179,389,'1973-08-02 12:48:16','2014-11-11 06:13:40'),(470,135,'2020-01-19 20:48:32','2012-06-13 16:53:09'),(96,104,'1993-04-01 17:48:49','1974-07-06 04:25:56'),(252,494,'2010-01-16 10:11:52','1974-02-07 18:36:27'),(134,103,'2016-11-19 04:08:44','1971-06-28 14:50:25'),(98,237,'1974-01-12 15:11:18','2012-05-09 03:57:43'),(214,480,'1981-01-04 20:20:31','1999-08-23 16:59:44'),(184,351,'2020-03-18 15:35:20','1978-04-18 16:38:36'),(482,82,'1972-04-07 23:55:50','2013-11-08 01:48:20'),(478,253,'2006-05-30 22:42:57','1978-07-20 10:39:37'),(366,79,'1975-05-03 23:11:32','2005-01-17 02:23:30'),(464,124,'2003-08-28 07:10:44','2009-06-30 11:12:15'),(315,149,'1974-06-10 23:11:36','1990-11-16 01:19:36'),(402,255,'2004-01-26 05:08:47','1986-03-03 22:02:56'),(259,130,'2010-03-03 12:11:02','2012-07-09 06:26:23'),(342,438,'2016-05-05 02:19:00','2005-01-08 03:35:06'),(19,312,'2000-11-26 05:31:37','1999-01-23 17:34:15'),(72,115,'2017-04-11 22:33:04','2003-02-18 10:55:22'),(416,324,'2016-04-26 01:13:06','1993-06-04 02:17:04'),(108,49,'1989-10-16 03:34:31','2006-07-28 06:19:03'),(426,206,'1980-05-24 05:53:09','1985-10-22 15:54:27'),(285,140,'2008-03-08 15:51:25','1995-08-21 01:43:13'),(185,469,'1992-02-19 06:52:03','2008-02-16 19:54:19'),(491,167,'2008-08-25 19:44:57','2007-01-16 13:22:52'),(51,468,'1972-02-27 23:13:31','1997-07-15 17:25:37'),(419,417,'1997-07-07 08:49:08','1993-05-23 10:26:10'),(47,383,'1990-01-29 19:14:51','2002-12-05 04:57:13'),(40,361,'1976-06-26 23:48:55','1970-11-03 12:54:54'),(31,441,'2001-07-27 01:03:02','1991-04-08 07:59:37'),(116,290,'1980-07-03 13:17:52','2016-04-28 02:19:00'),(71,457,'1975-11-26 04:15:53','2007-02-16 09:05:56'),(227,89,'1998-08-07 00:55:41','1982-08-04 23:17:49'),(269,299,'1988-08-19 08:48:08','2006-04-15 21:10:32'),(204,184,'2007-10-15 13:21:32','2013-06-09 11:46:39'),(123,311,'1977-09-21 06:50:03','2009-02-27 20:30:16'),(232,48,'2017-03-31 22:40:57','1991-05-05 05:05:14'),(16,17,'1978-07-06 14:25:33','1998-11-30 11:14:17'),(188,201,'1983-04-27 16:04:57','2010-08-25 16:05:10'),(485,178,'1970-03-19 09:31:13','2019-12-11 18:22:24'),(367,36,'2009-08-11 14:12:57','1972-09-02 06:45:57'),(146,286,'1986-05-27 01:15:32','1989-10-07 01:56:16'),(452,192,'2019-04-17 23:11:08','1992-02-04 09:45:42'),(168,491,'1982-11-20 03:00:30','1972-10-03 08:38:47'),(53,198,'2017-11-26 23:41:25','1997-08-13 18:39:29'),(431,168,'2014-12-13 14:25:00','1972-02-18 21:36:14'),(487,2,'1985-11-03 06:36:39','1976-04-13 10:34:08'),(125,214,'2018-10-20 07:40:50','2016-04-01 12:17:55'),(91,393,'1996-06-11 09:33:50','2018-09-15 06:56:32'),(13,294,'2009-10-10 01:52:55','1974-10-21 21:08:55'),(76,135,'1989-05-16 12:50:19','1994-04-07 07:05:53'),(105,308,'2007-01-15 09:15:56','2005-06-29 09:39:17'),(183,121,'1976-03-01 09:37:53','1995-05-12 04:11:37'),(325,370,'2017-05-18 21:14:33','1973-05-29 08:28:51'),(321,309,'1986-09-07 22:20:00','1979-09-17 08:06:18'),(48,188,'1981-12-05 10:13:38','2009-01-04 16:23:10'),(344,193,'2008-10-09 19:44:22','1989-01-15 23:31:05'),(473,296,'2009-01-10 09:02:46','1997-10-03 15:51:32'),(385,140,'2012-01-03 01:16:09','1995-02-12 23:43:58'),(286,437,'1997-10-26 05:35:54','2000-08-20 02:12:19'),(338,217,'1987-01-17 13:29:20','1972-02-03 02:17:52'),(105,325,'1980-11-06 08:59:11','1987-05-17 11:29:22'),(218,229,'2000-01-06 06:23:53','1990-01-11 01:31:45'),(39,309,'2017-05-08 04:55:01','1976-07-31 11:21:43'),(121,51,'1992-12-10 20:36:29','2010-02-12 01:30:11'),(103,197,'1974-01-14 08:33:09','2018-03-13 11:44:32'),(186,207,'2012-03-02 22:23:07','2008-11-04 17:25:33'),(4,368,'2014-08-17 02:23:43','1991-03-23 03:46:11'),(328,328,'1976-01-25 20:15:04','1980-09-02 12:47:27'),(237,148,'1996-01-30 02:30:43','2009-11-04 14:56:27'),(137,284,'1983-10-14 23:08:45','2004-03-11 14:52:39'),(335,481,'1987-09-13 18:50:30','1987-01-27 03:13:05'),(477,308,'1978-12-06 04:25:52','1975-09-29 21:10:33'),(276,361,'2005-10-03 23:02:38','2019-08-12 20:09:34'),(448,62,'1971-11-13 13:05:12','1998-04-17 23:00:22'),(298,285,'1984-09-18 16:52:29','1992-03-16 17:16:21'),(278,403,'1988-09-13 17:47:11','1996-10-21 02:22:26'),(110,496,'1985-04-24 20:46:30','1985-06-27 08:12:57'),(131,149,'1988-04-06 05:13:28','1978-11-12 05:42:19'),(305,252,'1973-09-03 00:48:32','1979-06-13 10:53:49'),(200,407,'1973-09-02 20:42:20','1974-10-24 15:04:54'),(448,385,'1971-11-06 18:52:39','2018-03-28 21:07:50'),(113,452,'1975-10-28 11:02:42','1977-08-10 06:27:24'),(252,440,'1978-12-08 20:53:40','2010-09-15 12:37:12'),(280,489,'1990-04-23 13:24:08','2002-02-14 23:25:39'),(88,417,'1983-06-16 18:08:11','2013-03-01 06:49:14'),(273,423,'2016-05-25 03:11:50','1973-06-07 19:26:53'),(398,249,'2017-12-05 13:37:20','2019-12-07 08:40:21'),(230,174,'1982-07-23 10:18:12','2019-07-09 20:18:41'),(110,177,'1993-06-19 09:43:54','1988-05-28 08:25:42'),(235,408,'2013-10-25 17:21:04','1998-07-07 04:44:28'),(462,13,'1979-11-08 14:18:11','2015-08-28 01:19:22'),(310,72,'1990-01-13 19:38:20','2015-09-11 08:26:59'),(8,441,'1980-11-06 19:18:59','2010-01-06 19:35:38'),(220,312,'1992-04-17 14:46:55','2015-12-10 03:09:40'),(192,419,'2019-07-17 19:56:14','1995-10-17 00:40:53'),(219,140,'2011-03-22 19:43:36','2009-04-24 17:22:02'),(304,332,'1994-10-21 22:18:17','1990-08-27 14:31:08'),(91,55,'1985-07-29 05:04:03','1974-01-11 09:18:33'),(271,371,'1995-03-24 07:25:37','1982-05-03 21:01:36'),(44,359,'1991-07-22 18:30:59','1978-05-08 20:31:52'),(287,316,'2014-10-03 09:24:24','1971-02-11 07:10:58'),(281,185,'2002-01-25 04:35:26','2006-11-15 17:53:37'),(65,11,'1986-11-26 12:19:35','1995-12-27 19:21:30'),(358,175,'1985-03-15 16:16:11','2018-08-08 17:20:11'),(187,92,'1983-04-25 20:31:08','1997-08-16 23:53:52'),(82,149,'1990-10-06 22:04:15','1971-12-04 10:42:23'),(105,392,'1995-03-08 17:32:10','1993-07-12 06:40:41'),(220,112,'2003-12-13 00:31:26','2004-06-15 08:56:19'),(332,440,'2003-10-19 08:11:23','1991-11-06 09:56:01'),(424,23,'2013-12-26 10:23:21','2003-07-17 17:06:51'),(359,142,'2015-06-09 14:10:39','2006-03-11 15:15:53'),(163,162,'2016-11-15 18:34:10','1995-05-03 03:47:19'),(473,253,'2007-07-24 12:05:11','2005-03-09 17:59:43'),(217,244,'1979-09-09 02:48:59','1975-05-06 05:52:09'),(124,260,'1991-04-29 02:27:37','1987-11-13 04:41:16'),(103,411,'2010-05-18 12:16:16','2011-11-22 21:41:05'),(76,383,'2011-09-27 09:51:40','2010-04-11 07:25:46'),(95,140,'2009-12-29 11:05:16','2008-07-16 04:33:18'),(394,452,'1977-06-18 07:01:50','1998-08-06 09:26:44'),(314,80,'2014-06-04 20:00:52','2003-09-08 05:30:58'),(44,396,'2014-02-24 23:37:09','2008-11-20 02:22:00'),(229,148,'2006-06-29 06:43:06','1973-12-18 02:56:58'),(287,448,'1996-10-28 23:21:39','1970-07-16 15:11:34'),(260,119,'2000-05-01 00:44:28','1971-10-12 22:16:14'),(388,183,'2001-08-01 19:39:58','2005-09-21 06:33:34'),(142,246,'1974-05-10 21:37:16','1986-08-05 13:58:33'),(325,304,'1984-06-01 07:57:17','1994-01-24 15:31:25'),(408,298,'2009-06-20 16:48:27','2007-09-27 15:22:13'),(57,124,'1995-07-13 15:26:13','1991-06-02 23:56:25'),(41,180,'2006-11-01 22:20:34','1996-05-17 19:12:26'),(384,143,'2018-03-02 13:08:29','2005-04-18 14:46:28'),(90,459,'2015-07-28 14:58:17','2011-05-26 23:10:37'),(26,184,'1998-08-19 22:02:48','1993-01-11 03:49:54'),(98,419,'1994-01-13 15:13:30','1970-03-27 01:11:35'),(136,412,'2001-04-11 12:05:27','1974-02-23 05:55:53'),(499,180,'2003-06-27 11:15:06','2005-12-12 05:01:16'),(308,228,'1990-07-02 04:21:41','1977-05-02 21:36:09'),(327,95,'1981-03-09 18:13:36','1994-03-20 11:52:44'),(176,87,'2009-06-10 23:17:47','1972-10-06 11:15:49'),(213,63,'1991-05-19 21:24:28','1979-06-14 12:14:42'),(270,354,'1987-08-07 21:15:17','1974-08-24 15:22:38'),(308,94,'2017-01-30 11:18:40','2006-08-27 17:13:30'),(157,215,'1990-01-23 18:11:38','2015-05-30 11:02:30'),(391,213,'2010-08-04 07:52:44','1997-08-09 06:46:07'),(339,432,'2004-02-09 00:16:04','2018-08-10 05:26:58'),(393,222,'1982-02-18 22:15:53','1995-07-11 02:12:26'),(75,482,'2013-09-12 06:43:51','1987-05-31 12:13:33'),(180,100,'1989-09-03 20:45:20','2017-04-23 15:19:05'),(166,278,'2015-11-13 19:55:51','2004-03-15 14:21:23'),(19,301,'1978-10-15 07:08:50','1995-09-30 00:47:44'),(190,18,'1971-12-10 23:29:17','1988-08-03 04:17:32'),(480,497,'2019-02-22 16:14:13','2012-10-01 14:45:59'),(245,307,'1980-11-28 08:00:46','1983-07-16 05:57:51'),(91,420,'1981-03-04 17:44:23','2005-04-18 07:12:03'),(393,304,'2011-07-13 13:29:05','2016-04-18 19:05:36'),(482,162,'1996-09-14 12:11:36','1975-03-25 20:27:50'),(157,290,'1995-04-20 12:21:10','1982-09-03 14:36:45'),(256,314,'1994-12-21 01:54:49','2013-03-11 10:39:13'),(5,147,'2003-04-07 20:53:09','1986-05-23 13:53:39'),(27,344,'2020-02-01 11:03:06','1986-02-15 04:17:01'),(78,419,'2006-08-06 04:04:35','1981-05-11 05:21:20'),(65,152,'1982-11-23 07:50:49','1984-10-01 23:44:21'),(400,245,'2009-08-22 00:09:07','1977-08-12 15:08:18'),(252,66,'1980-01-05 15:20:55','1975-04-20 14:26:32'),(23,270,'2003-11-29 22:32:15','2002-03-18 19:36:13'),(366,212,'2002-12-16 13:11:03','2016-02-15 05:13:05'),(288,346,'1971-01-28 09:49:59','1971-10-22 22:18:21'),(209,32,'1972-11-30 02:41:55','2002-03-12 00:41:57'),(152,299,'1998-12-30 17:07:33','1971-06-13 09:43:24'),(452,45,'1991-03-07 09:30:58','1982-11-04 01:59:48'),(103,434,'2007-08-18 08:19:58','2005-05-20 14:59:06'),(207,259,'2002-07-08 16:22:26','1990-10-07 08:43:47'),(223,462,'1997-11-13 06:27:16','1988-12-13 15:46:32'),(72,228,'1997-07-01 13:22:16','2018-10-28 03:40:41'),(108,98,'2012-04-15 07:13:18','2008-06-11 04:39:25'),(71,186,'1992-03-21 14:51:25','2006-05-19 12:36:04'),(16,135,'1996-09-18 01:24:15','2008-10-14 09:13:02'),(337,416,'1987-09-12 04:38:50','1973-07-03 21:05:47'),(380,88,'1988-03-28 04:21:01','1975-06-22 18:59:56'),(481,402,'1996-09-19 11:43:22','1975-02-04 18:19:52'),(358,347,'2015-10-03 22:33:08','1998-01-24 12:03:41'),(113,145,'2010-12-11 04:38:37','2011-11-30 09:19:20'),(192,321,'1973-11-14 12:08:34','1982-01-20 11:02:03'),(177,344,'2017-02-13 02:16:11','2001-08-21 20:25:17'),(120,128,'1996-01-20 13:35:38','2005-12-19 10:48:43'),(389,222,'1993-01-16 14:29:38','2003-02-26 19:35:59'),(61,95,'1972-07-19 04:56:10','2015-07-31 13:13:47'),(481,284,'1995-11-27 20:44:07','1976-09-05 21:12:01'),(56,53,'2014-06-02 19:47:38','1981-05-18 19:22:16'),(11,164,'1988-08-26 07:57:38','1995-05-03 21:09:12'),(151,82,'1978-04-30 10:18:21','2014-10-27 09:36:27'),(349,167,'1979-12-13 10:07:34','1991-08-18 14:37:50'),(217,186,'2017-09-16 07:39:06','2013-08-31 21:04:42'),(82,96,'2000-06-28 02:33:16','1999-01-29 03:37:03'),(274,63,'2009-09-04 08:15:11','2009-02-05 00:40:06'),(497,132,'2009-02-05 10:57:30','1972-07-05 09:33:37'),(410,110,'1988-06-07 21:53:53','2014-09-04 18:22:46'),(277,101,'2012-07-31 19:20:25','2016-05-24 08:43:34'),(431,453,'1978-08-27 19:08:50','2016-11-07 08:10:40'),(445,51,'2000-10-03 20:34:53','2016-10-26 18:43:40'),(81,333,'2004-07-05 16:46:06','2000-10-12 21:24:36'),(272,142,'1974-10-04 18:08:15','1988-09-09 10:01:27'),(428,253,'1996-02-02 10:50:06','2010-09-17 12:11:05'),(425,484,'2001-08-11 04:09:34','1998-08-19 07:16:32'),(305,436,'2017-12-08 20:54:31','1986-09-12 19:06:38'),(147,455,'2004-04-17 07:12:50','2016-09-29 01:58:40'),(17,496,'2016-08-09 20:54:39','1989-04-12 14:34:02'),(122,233,'1986-07-14 21:34:55','2016-09-22 14:36:04'),(182,203,'2005-10-15 23:54:08','1996-02-23 17:54:01'),(329,456,'1977-02-10 16:25:38','2018-05-25 07:23:11'),(266,325,'2008-04-12 12:20:33','2009-01-11 11:33:56'),(87,175,'2016-07-23 08:28:39','1979-01-06 14:59:23'),(435,363,'1979-07-27 00:29:27','2003-07-03 02:35:27'),(276,365,'2007-11-13 04:17:28','1975-06-17 02:08:44'),(316,221,'2000-12-24 14:42:36','1990-05-13 02:42:52'),(415,397,'2004-09-15 19:29:57','1996-03-03 21:07:21'),(53,187,'2018-04-13 13:50:51','1997-09-18 19:53:39'),(38,480,'2009-07-13 18:03:05','2019-11-18 22:39:49'),(439,463,'2011-07-17 07:55:48','1984-10-28 20:12:40'),(463,244,'1994-10-15 17:46:36','2013-02-25 21:20:16'),(399,110,'1997-06-17 03:40:27','1996-01-02 23:43:41'),(199,416,'2009-10-12 16:43:13','1987-05-07 23:33:28'),(106,320,'1999-06-12 13:03:15','1992-11-23 00:16:38'),(149,287,'1977-06-28 22:58:34','1978-09-20 01:18:03'),(23,477,'1973-12-27 09:04:57','2008-05-25 07:42:35'),(243,288,'1988-11-08 01:54:16','2012-06-24 23:58:54'),(302,329,'1993-11-09 07:50:44','2014-01-31 16:42:20'),(463,236,'2001-08-01 11:08:39','1986-12-19 05:42:54'),(192,238,'1989-11-28 08:52:28','1998-11-22 12:12:22'),(100,8,'2011-03-04 10:38:00','1978-11-17 20:41:47'),(458,15,'1976-07-05 02:25:47','1989-11-04 16:15:09'),(404,11,'1983-12-04 09:16:55','2020-01-17 05:27:29'),(201,442,'1996-12-22 19:15:44','2010-09-19 10:14:13'),(491,139,'1990-11-09 20:09:01','2001-07-01 06:42:27'),(405,454,'2015-04-19 05:37:08','1990-09-28 20:28:36'),(383,303,'2017-07-21 20:05:00','1975-11-07 13:59:59'),(63,81,'1984-03-12 12:54:40','1995-03-18 04:13:45'),(218,169,'1971-10-20 12:39:58','2014-03-04 21:57:25'),(400,367,'1976-10-13 14:58:16','1980-03-27 00:35:03'),(456,423,'2011-07-17 00:10:58','2009-10-01 10:37:27'),(343,198,'1996-08-06 16:56:59','2004-07-22 02:38:14'),(210,145,'1992-12-26 03:44:50','1992-08-05 23:37:54'),(26,173,'2002-09-16 20:04:29','1982-05-17 06:13:57'),(380,218,'1981-02-13 14:41:26','2011-06-24 06:31:23'),(410,480,'1980-10-10 01:44:22','1981-07-14 11:09:29'),(225,368,'2018-06-02 22:04:04','2019-07-01 20:26:54'),(494,129,'1983-11-27 14:04:40','2000-08-13 19:26:11'),(378,194,'2020-04-10 06:36:49','1973-06-03 17:38:18'),(70,369,'1986-02-07 09:05:00','1991-10-17 20:50:50'),(333,474,'1977-10-24 17:59:26','1993-06-04 12:48:11'),(322,215,'2002-10-24 18:50:04','1983-10-03 01:34:23'),(277,385,'1986-07-02 07:39:01','2008-03-10 05:22:54'),(296,494,'1976-10-10 03:07:10','1974-09-29 04:01:53'),(53,196,'1986-02-11 01:57:41','2009-12-11 10:32:09'),(361,8,'1982-03-10 10:20:06','1979-02-20 16:21:52'),(118,203,'1976-02-12 06:12:42','1975-02-01 11:22:38'),(205,328,'1981-10-29 22:13:21','1995-01-06 12:46:33'),(348,231,'2000-12-14 11:58:28','1989-08-08 14:15:22'),(500,227,'1987-08-12 18:53:32','1981-09-21 11:38:37'),(448,409,'2013-10-05 13:24:33','2005-09-28 17:25:08'),(206,172,'2006-01-28 12:12:27','2016-10-04 03:32:44'),(277,200,'2011-04-06 08:35:25','2008-04-14 12:32:52'),(301,155,'1975-08-19 17:51:20','1975-12-07 08:38:16'),(393,370,'1996-01-01 20:54:02','1982-03-04 07:16:13'),(23,225,'1979-10-28 21:22:51','2014-06-05 09:34:46'),(344,345,'2005-02-05 21:33:26','1976-12-16 09:54:55'),(440,120,'1999-03-08 08:40:06','2013-02-26 21:57:34'),(229,236,'1990-09-02 00:06:27','1998-12-18 06:49:09'),(114,281,'1992-10-17 18:31:39','1996-10-07 01:50:48'),(431,474,'1982-06-04 23:49:41','2004-10-13 13:35:32'),(289,48,'2017-09-09 09:28:05','1989-08-16 17:28:17'),(177,493,'1984-10-03 17:17:46','1983-05-31 10:40:21'),(375,24,'2016-09-28 08:02:50','2013-07-05 14:31:11'),(223,375,'1998-02-23 05:04:52','1998-08-24 08:36:21'),(251,171,'1988-10-08 05:27:18','2005-02-18 05:23:21'),(284,457,'2010-04-18 02:56:17','2012-10-11 03:10:42'),(343,60,'1998-01-18 20:32:19','2006-09-06 03:54:13'),(156,143,'1998-12-24 10:24:17','2001-09-07 16:43:58'),(214,48,'2016-04-20 17:43:38','1982-06-26 10:44:33'),(12,237,'2019-03-16 16:33:05','2017-06-03 20:22:46'),(273,355,'2003-11-24 20:22:19','1977-06-22 07:39:54'),(81,213,'2001-09-09 12:27:03','1983-04-13 17:01:34'),(475,310,'2006-04-05 00:18:48','2012-07-25 05:26:15'),(448,88,'1997-01-24 13:54:49','1998-01-14 02:55:00'),(91,378,'1972-11-27 09:21:57','1978-04-07 20:22:52'),(62,379,'2012-09-30 06:21:06','2003-08-05 17:21:57'),(426,238,'1998-02-26 10:45:13','1994-02-21 03:18:13'),(372,301,'1983-11-03 16:27:25','1981-07-31 23:15:21'),(262,94,'1994-11-20 04:32:42','1997-09-27 17:44:38'),(175,12,'1991-03-17 19:46:40','1980-03-19 22:12:47'),(265,458,'1999-08-27 19:17:47','1983-09-28 13:50:23'),(468,107,'1992-07-22 08:10:24','1979-04-30 18:12:07'),(17,123,'2001-06-18 15:38:11','1975-12-23 04:20:55'),(249,231,'1986-05-25 11:11:27','1993-12-18 12:45:13'),(171,260,'2003-04-05 17:33:50','2003-10-02 10:37:13'),(468,444,'2017-05-01 01:30:56','1999-12-22 21:16:50'),(115,49,'2001-10-16 06:50:01','1980-10-06 18:48:52'),(156,90,'1976-11-14 20:14:35','2003-11-02 19:00:47'),(358,104,'1995-01-29 08:08:11','2011-07-27 03:36:55'),(177,449,'1999-12-05 02:09:29','1998-04-15 07:28:54'),(481,238,'2000-02-18 12:44:49','1971-11-30 05:22:47'),(327,407,'1983-09-04 00:16:56','2010-01-15 01:12:51'),(476,198,'1994-03-23 22:54:40','2008-06-20 00:31:19'),(207,237,'2015-12-16 07:06:52','1999-07-03 07:40:17'),(292,381,'1981-03-08 05:10:04','2014-05-01 15:18:36'),(248,56,'2008-08-13 16:23:12','1989-01-01 05:13:35'),(338,216,'1976-11-18 10:22:59','2014-05-10 23:30:39'),(162,355,'2004-01-13 16:50:27','2016-03-13 06:57:13'),(339,410,'1989-08-11 02:01:13','1974-05-25 14:38:30'),(86,10,'1980-09-20 14:29:21','1978-08-28 18:27:20'),(170,53,'2011-02-05 08:02:07','2015-05-19 15:53:00'),(453,285,'1998-12-14 11:14:20','1997-07-11 02:08:35'),(102,109,'1986-11-12 13:12:33','1991-11-21 02:02:51'),(374,460,'1997-06-18 04:22:28','1997-01-15 01:35:27'),(212,51,'1981-04-23 15:42:18','2008-01-29 17:50:01'),(408,193,'2004-10-06 16:04:42','1997-10-12 09:58:11'),(289,234,'1990-03-08 23:48:46','1971-10-26 10:55:27'),(99,264,'1991-03-13 14:07:48','1975-09-17 22:55:14'),(432,305,'1973-07-31 06:58:02','1981-02-07 15:51:58'),(500,223,'2008-01-05 09:24:47','1977-08-08 21:46:01'),(186,248,'1984-01-05 05:08:33','1983-07-08 05:17:53'),(279,24,'2002-11-12 23:27:29','1977-06-26 18:25:13'),(464,440,'1997-04-14 09:38:13','1988-03-18 22:52:52'),(378,302,'1985-12-15 14:55:13','2000-03-27 00:59:03'),(350,464,'1996-05-16 21:56:19','2009-09-27 20:40:20'),(311,20,'1989-11-05 11:03:53','1996-09-12 14:40:33'),(17,264,'1996-03-15 15:55:25','1993-12-30 01:11:15'),(304,118,'1994-09-20 16:09:39','2006-02-23 07:55:04'),(372,178,'1987-02-08 11:29:48','1987-04-08 07:48:26'),(77,83,'1977-08-10 18:24:33','1989-07-23 12:04:00'),(229,485,'1999-02-04 04:19:22','1984-03-07 00:20:00'),(275,17,'2000-07-27 15:03:45','1994-02-11 17:10:59'),(218,374,'2001-01-15 08:10:14','2006-04-15 20:25:51'),(280,150,'1998-09-17 19:15:44','2002-12-03 23:20:08'),(178,280,'2008-07-05 17:22:41','1971-05-29 05:05:45'),(372,364,'2006-03-16 15:11:30','1972-04-10 00:14:53'),(28,150,'1990-05-07 22:29:05','1981-05-21 12:16:07'),(387,491,'2019-03-15 19:06:42','1991-02-04 04:42:17'),(90,265,'1971-05-26 06:32:46','2005-09-08 17:40:37'),(293,439,'1999-04-05 01:26:53','1999-04-27 04:17:53'),(228,104,'1975-12-07 21:36:40','2016-10-05 19:37:03'),(459,244,'1989-11-19 09:41:44','1987-01-09 05:55:45'),(367,262,'1990-02-24 07:13:43','1980-10-03 14:46:45'),(362,239,'1995-01-29 17:46:41','1979-09-23 05:57:41'),(440,439,'1977-05-30 14:24:37','1996-10-01 20:16:17'),(322,168,'2004-09-11 19:06:15','1977-04-16 12:36:50'),(423,96,'2003-03-02 21:04:44','1986-12-24 13:58:46'),(185,141,'2019-05-01 21:22:45','1982-10-28 18:15:32'),(470,464,'1988-09-02 04:39:28','1970-04-22 03:52:08'),(290,148,'1994-01-07 22:16:03','1988-07-15 22:01:28'),(244,162,'1994-04-01 02:00:00','1977-12-29 19:17:32'),(11,272,'1975-08-28 16:45:35','1970-03-21 07:22:43'),(312,397,'2014-01-12 11:34:25','2019-04-22 10:46:48'),(262,402,'1996-01-14 15:48:00','1975-10-06 04:33:02'),(162,55,'2018-08-02 15:39:22','1972-01-26 05:59:58'),(341,390,'1974-01-28 08:04:46','2009-06-11 08:10:38'),(159,299,'1981-01-08 17:43:23','1970-03-03 21:46:27'),(134,26,'1971-05-12 22:35:30','1991-05-31 15:59:17'),(61,495,'2014-11-06 04:46:09','1975-12-29 23:57:42'),(264,1,'1998-11-18 21:00:00','1997-04-04 20:02:07'),(433,85,'1999-07-22 03:02:03','2019-07-08 21:03:08'),(168,356,'2001-02-20 05:18:24','1976-02-24 02:19:40'),(181,352,'2013-05-03 13:58:58','2009-11-17 18:52:32'),(497,151,'1988-02-12 12:46:01','2006-03-17 14:09:19'),(316,286,'1971-05-25 23:38:01','1978-03-24 19:30:25'),(298,60,'1979-03-23 16:15:28','1999-04-17 08:45:38'),(448,308,'1997-03-25 22:47:58','1994-02-02 08:02:07'),(331,260,'2010-08-22 21:02:15','1997-04-10 04:53:08'),(205,93,'2020-01-25 11:43:19','2007-01-20 18:14:50'),(161,367,'2007-08-04 20:03:32','1987-04-28 04:04:11'),(147,2,'2009-07-23 03:20:13','1993-01-24 03:53:51'),(256,306,'1985-03-21 19:03:40','2005-10-29 02:57:11'),(300,389,'2000-01-29 07:10:09','1989-02-19 19:28:40'),(331,360,'1970-01-22 22:12:33','1980-10-26 16:56:37'),(383,95,'1996-08-19 14:31:23','1985-07-09 07:23:07'),(360,316,'2016-09-15 13:35:26','1978-10-25 15:57:49'),(180,28,'2003-06-30 14:26:16','1984-01-05 06:50:06'),(172,361,'2005-07-19 02:09:26','1984-08-25 17:45:44'),(380,168,'1985-12-21 10:40:21','1984-10-07 15:32:39'),(11,196,'2012-09-07 06:27:30','2013-08-01 09:50:26'),(454,308,'1982-05-03 05:38:52','2002-07-19 15:40:01'),(255,401,'1975-11-16 19:21:09','1970-10-31 22:35:21'),(116,85,'2015-06-03 03:50:02','1977-09-29 07:10:53'),(161,320,'1979-07-22 14:20:42','2008-12-18 10:12:59'),(177,322,'1994-04-10 03:41:07','1980-09-07 23:05:53'),(186,324,'1980-01-19 20:50:15','2014-12-07 03:53:06'),(323,441,'1995-07-29 17:00:24','2015-03-13 11:16:46'),(129,122,'2009-11-05 00:12:36','1988-09-12 22:36:34'),(330,460,'1979-05-10 23:55:47','1981-07-19 17:34:25'),(482,212,'2011-06-28 03:12:16','1972-10-13 05:25:32'),(54,342,'2013-03-25 02:00:26','1982-01-31 11:13:22'),(28,233,'1981-10-17 07:27:48','1973-04-29 02:05:58'),(369,199,'2013-08-28 08:13:38','2004-05-13 17:19:53'),(93,249,'1992-08-16 15:38:00','1992-11-04 08:54:46'),(367,104,'1988-02-14 20:45:16','2000-10-12 07:30:16'),(444,320,'1995-10-08 16:29:56','1983-06-26 14:54:43'),(411,198,'2006-12-21 16:21:32','1977-10-21 20:55:57'),(221,26,'2019-06-03 17:12:51','2019-06-16 02:18:43'),(282,381,'2003-01-23 07:00:42','1998-07-23 07:16:41'),(346,459,'1987-10-20 15:55:08','2005-11-20 03:56:48'),(202,32,'2000-10-14 19:53:40','1992-06-15 11:20:16'),(282,24,'1991-09-09 14:10:04','2009-02-28 09:50:47'),(473,411,'1987-10-03 03:17:52','2014-04-01 08:58:34'),(145,302,'1971-09-19 23:28:51','1970-05-26 07:24:54'),(370,127,'1996-08-06 20:28:10','1986-04-25 22:35:01'),(14,423,'2017-01-30 12:45:34','2018-05-31 22:39:40'),(468,41,'2009-09-11 14:39:58','2020-02-09 20:44:55'),(156,337,'2002-09-19 13:10:51','1986-02-15 07:05:52'),(240,249,'2007-06-02 04:43:41','2011-10-26 22:34:53'),(85,106,'1989-03-07 10:29:52','1992-06-04 16:06:38'),(352,28,'2015-11-24 19:07:00','1977-08-30 10:08:40'),(426,262,'2015-12-19 01:05:57','2014-09-13 04:48:47'),(226,146,'1972-05-24 21:50:58','1996-09-28 19:42:56'),(288,7,'2002-06-07 21:53:26','1993-03-11 10:22:17'),(26,133,'1986-08-18 23:13:32','2011-06-23 14:29:11'),(466,227,'1980-10-11 01:32:28','2016-08-09 16:49:57'),(164,247,'2002-02-11 17:23:52','2012-11-15 19:44:29'),(251,136,'1982-05-09 16:25:02','1986-05-28 20:35:14'),(157,396,'1970-09-04 19:41:32','1981-11-17 15:02:32'),(437,27,'2005-05-10 03:50:27','1974-11-09 14:54:49'),(22,451,'2007-02-13 06:54:51','2011-01-05 14:12:54'),(449,489,'2000-08-08 06:59:10','2009-12-29 09:14:13'),(492,105,'2014-09-24 22:03:05','1998-07-11 13:22:07'),(325,231,'2002-04-30 23:59:49','1990-08-19 23:27:14'),(353,410,'2013-03-20 20:30:19','2009-04-30 00:11:08'),(337,204,'2019-10-24 02:56:02','1970-08-31 05:33:18'),(437,262,'1985-05-05 19:01:10','2018-08-05 12:38:08'),(466,163,'1985-09-27 02:21:59','2000-10-03 07:44:32'),(407,253,'1986-10-27 19:52:43','2011-03-06 23:56:07'),(170,433,'2005-01-03 18:57:40','2005-11-25 13:27:57'),(386,135,'2014-10-18 05:41:29','1992-07-04 04:28:46'),(160,50,'2012-10-31 10:01:34','1980-01-24 04:06:21'),(382,410,'2002-05-03 19:22:16','2006-03-04 14:01:31'),(185,38,'2000-08-27 13:37:57','1992-06-17 22:04:32'),(305,122,'1992-02-01 07:00:17','2010-11-30 15:29:30'),(65,326,'1970-03-23 22:20:16','1972-08-27 08:46:15'),(72,13,'1983-06-10 14:00:35','1991-07-22 01:32:02'),(314,64,'1986-12-07 06:44:52','2013-07-19 07:21:25'),(117,139,'2006-08-17 12:09:21','2015-10-14 21:17:16'),(294,470,'2018-07-07 08:42:33','2017-07-03 15:50:10'),(48,131,'2004-12-14 19:14:12','2015-10-24 23:31:39'),(174,485,'2001-10-10 19:56:51','2002-07-16 14:10:57'),(393,139,'1981-08-30 23:05:35','1975-09-12 08:11:23'),(148,300,'1995-02-02 21:06:48','1990-12-06 07:54:56'),(392,317,'2007-11-04 15:53:42','1978-09-03 22:23:40'),(232,277,'2009-07-02 12:59:10','1994-09-04 14:16:09'),(451,391,'2004-06-02 19:37:07','2009-05-20 18:20:35'),(327,332,'1976-08-25 04:43:43','2016-03-07 09:55:21'),(300,11,'2015-12-10 21:40:16','1972-03-19 01:42:27'),(370,104,'2003-04-24 00:21:11','1974-01-07 09:18:21'),(133,434,'2007-10-24 13:00:36','1988-02-12 22:36:05'),(430,205,'2003-09-07 22:44:06','1987-06-25 02:47:27'),(447,244,'1988-12-13 11:56:25','1990-02-16 10:44:10'),(268,64,'1997-08-25 11:16:51','2014-08-10 02:19:38'),(382,62,'2004-07-05 22:22:37','1999-09-05 03:59:25'),(33,430,'1997-07-07 00:55:44','2006-05-07 10:29:03'),(192,206,'2012-02-17 15:04:24','2010-07-28 06:57:33'),(415,85,'1974-03-24 06:09:20','2008-03-03 07:38:22'),(345,62,'1998-07-12 09:45:04','1971-09-17 01:09:23'),(384,236,'1996-05-10 04:42:34','1972-08-17 20:26:21'),(378,115,'1979-08-14 19:04:42','1971-05-28 08:20:16'),(13,329,'1990-10-15 13:12:36','1984-04-29 09:25:02'),(6,339,'1990-05-24 11:32:51','2008-02-24 06:06:16'),(160,305,'2010-03-19 15:56:21','2014-05-18 11:10:38'),(350,30,'2001-01-18 18:58:49','1989-02-05 04:13:23'),(409,483,'1972-10-07 04:53:15','2013-05-31 19:10:58'),(464,338,'2000-09-29 20:41:57','1991-03-24 11:11:18'),(187,410,'1986-08-09 20:15:02','1974-08-20 15:00:35'),(81,455,'1994-02-26 03:39:17','1979-10-24 11:18:19'),(473,463,'2015-04-06 18:26:47','2018-05-08 23:50:22'),(16,6,'1996-05-12 07:38:42','2016-02-19 21:56:44'),(393,208,'2010-04-28 03:11:07','1972-12-06 11:43:28'),(212,308,'1998-05-09 10:15:14','1999-04-16 02:40:45'),(292,56,'1987-08-10 06:02:13','2017-11-19 10:12:56'),(370,176,'1991-09-14 22:41:48','2020-02-23 10:00:58'),(292,248,'2005-08-06 20:46:10','1982-11-22 19:40:01'),(290,305,'2004-01-10 17:01:25','2015-09-25 22:01:46'),(76,295,'1986-10-16 09:35:21','1989-04-04 07:21:41'),(143,236,'1987-01-20 23:50:04','2006-10-06 07:34:00'),(100,493,'1985-03-25 14:44:52','2018-05-11 19:18:21'),(265,8,'2016-09-12 01:08:28','1993-03-16 19:17:43'),(475,228,'1993-04-22 06:38:22','1999-11-09 10:31:07'),(346,162,'1977-08-10 05:49:00','1996-05-25 10:25:20'),(138,427,'1992-02-27 17:10:02','1981-02-16 11:23:53'),(116,111,'2005-01-03 09:45:04','1991-04-10 23:25:06'),(390,132,'1994-03-24 11:00:23','2014-06-14 10:06:43'),(116,283,'1994-04-07 18:36:18','1970-07-19 04:46:27'),(340,327,'1986-01-19 18:18:36','1970-05-10 15:48:39'),(90,131,'1996-07-02 07:54:48','2007-01-15 11:59:03'),(383,459,'1994-06-12 05:08:49','1974-07-22 01:36:33'),(306,174,'2006-11-09 22:51:23','1998-04-11 15:19:06'),(206,96,'1980-07-26 06:48:27','1982-09-19 09:55:22'),(478,282,'1973-11-03 00:20:33','1989-04-20 12:51:09'),(391,121,'1987-06-09 00:17:55','2011-04-18 17:46:14'),(17,490,'1973-08-09 00:42:58','2012-10-25 10:06:23'),(114,282,'1995-09-25 11:08:11','1991-03-30 11:45:26'),(498,89,'1982-04-16 05:09:55','2007-10-29 02:49:08'),(9,344,'2007-02-24 01:00:28','1997-05-21 18:40:06'),(250,147,'2009-09-26 01:33:35','1989-03-06 23:23:04'),(271,366,'2020-05-06 22:18:09','1982-09-14 04:04:59'),(257,160,'1993-03-17 10:47:56','1974-01-06 09:05:44'),(498,372,'2007-01-10 21:06:02','2006-04-13 20:24:34'),(442,337,'1984-01-10 23:05:59','1986-05-23 15:02:02'),(199,32,'1989-06-26 03:58:58','2010-08-10 21:20:18'),(468,81,'2008-09-17 06:19:10','1980-03-21 11:00:22'),(491,273,'1976-06-23 20:48:39','2005-07-09 18:27:38'),(254,196,'1975-07-10 23:46:26','1986-12-21 07:50:40'),(369,232,'1983-07-10 15:54:57','2010-01-03 09:27:43'),(477,259,'1972-01-12 14:51:26','1990-01-20 11:38:47'),(353,494,'2015-06-02 15:54:47','2002-10-24 10:51:53'),(249,466,'2019-11-19 04:59:47','2010-03-30 00:19:22'),(275,247,'1989-04-20 04:47:31','2019-12-20 16:22:42'),(54,284,'1980-04-20 03:19:00','2009-01-13 23:00:12'),(91,304,'1997-10-18 16:59:42','2001-05-31 01:27:01'),(430,361,'2011-06-18 18:01:52','2008-07-16 23:25:58'),(170,186,'2011-05-14 14:16:17','2004-10-26 00:54:35'),(20,167,'2018-10-13 14:46:05','1997-03-30 08:39:01'),(57,462,'2006-04-19 19:12:34','1972-02-21 19:57:56'),(3,256,'1987-04-26 17:02:04','2019-09-17 00:55:13'),(493,470,'1997-05-25 00:20:44','1999-04-10 18:26:46'),(336,483,'1988-06-21 07:07:09','2015-07-17 03:19:42'),(243,90,'2006-02-08 10:54:50','1984-05-18 15:36:59'),(179,111,'1999-05-16 13:41:51','1972-05-27 14:09:32'),(322,156,'1972-10-25 17:11:49','2008-04-15 19:38:07'),(370,174,'1997-07-31 03:23:40','2017-10-06 08:12:56'),(149,119,'1982-05-25 22:32:10','1992-01-26 17:11:18'),(139,423,'2020-03-02 21:25:48','1997-08-12 08:59:40'),(366,193,'1992-05-05 00:19:40','1997-04-05 09:53:38'),(206,456,'2020-05-16 01:25:58','2010-02-22 12:14:08'),(496,135,'2008-10-17 20:49:10','1987-03-07 01:33:40'),(316,165,'2004-10-27 10:25:55','1981-12-31 06:34:11'),(321,335,'1990-01-01 11:22:55','1981-01-06 14:44:45'),(331,378,'1977-05-13 11:58:28','1977-07-14 21:45:00'),(297,334,'1973-02-07 11:51:57','1997-01-01 20:23:41'),(133,289,'2005-05-22 21:47:37','1985-06-08 16:58:37'),(303,469,'1984-02-19 18:00:34','2015-02-05 19:17:18'),(272,46,'1998-06-15 16:57:53','2005-11-25 19:14:07'),(58,450,'2017-01-25 10:37:06','1983-11-05 15:42:33'),(157,379,'1999-11-24 12:35:47','1975-11-06 10:12:21'),(105,26,'2012-11-02 09:24:28','1976-10-30 02:27:59'),(53,253,'2001-07-23 17:16:27','1994-09-16 03:45:05'),(145,191,'1970-06-22 00:38:49','1999-09-17 04:36:49'),(176,11,'2009-07-27 01:05:07','1973-01-25 14:05:46'),(383,381,'1984-10-17 17:29:54','1998-05-23 09:10:09'),(466,378,'2008-02-27 13:59:48','2000-03-31 03:51:05'),(16,281,'2014-04-10 04:51:30','1991-10-01 04:21:45'),(43,336,'1986-08-09 20:25:32','1982-10-28 09:11:58'),(116,373,'1983-11-24 20:06:48','1999-06-03 05:52:52'),(213,412,'1974-09-30 05:14:28','1995-11-22 08:50:34'),(206,346,'1997-04-01 18:56:51','2015-05-17 07:12:45'),(201,9,'1980-05-14 19:18:45','2007-02-01 01:54:42'),(314,472,'1994-01-30 03:25:45','1981-06-18 03:33:25'),(54,372,'2006-03-01 02:07:59','1993-07-31 05:39:58'),(421,210,'1993-07-30 22:59:17','1975-08-28 06:05:58'),(250,26,'1996-12-07 23:47:36','1994-11-27 01:34:31'),(236,302,'1999-02-12 03:30:32','2000-12-03 14:46:12'),(278,381,'2015-01-15 08:39:07','1983-07-09 18:06:38'),(493,453,'1974-06-12 04:19:54','1997-04-30 03:02:09'),(391,375,'1977-06-04 22:41:02','1995-02-15 07:17:06'),(334,356,'2008-11-26 02:33:39','2005-08-04 00:24:42'),(253,350,'1985-08-02 15:02:03','2002-06-01 20:15:10'),(137,296,'2011-11-16 11:04:55','1990-09-04 07:54:13'),(186,253,'1971-05-25 09:45:45','1976-11-12 14:56:22'),(169,398,'1990-01-11 06:06:57','2012-12-05 09:14:37'),(164,375,'2013-09-28 11:05:29','1990-03-19 01:50:45'),(244,365,'1971-08-21 16:34:34','1983-11-20 06:51:09'),(383,57,'1984-09-02 18:43:20','1980-10-04 00:17:35'),(336,437,'1992-02-01 11:44:31','1993-09-27 09:47:08'),(428,257,'1993-10-25 10:03:32','1987-07-31 10:14:13'),(146,178,'1986-11-23 01:59:16','1981-07-13 07:27:58'),(282,382,'2013-12-09 05:27:05','2004-09-15 07:39:54'),(480,60,'2007-09-08 12:31:46','1985-05-22 03:35:32'),(262,472,'1996-11-16 07:00:30','1977-12-30 14:30:16'),(13,152,'2018-01-16 05:53:37','1978-06-06 10:38:57'),(347,347,'1982-09-05 18:40:00','2017-08-02 11:44:06'),(8,100,'2017-10-01 14:50:05','1980-08-25 12:00:23'),(196,144,'1996-11-15 14:06:07','2011-02-05 22:45:07'),(395,381,'2012-11-22 05:42:47','2011-06-11 18:03:17'),(396,63,'1984-06-07 23:55:19','1983-12-17 00:31:21'),(279,60,'1976-11-28 02:07:47','2012-10-26 12:43:57'),(437,23,'1979-11-25 13:59:19','1977-10-12 03:54:26'),(425,320,'1970-10-07 12:54:49','1996-03-07 20:08:19'),(79,261,'2009-05-09 23:42:15','1997-11-14 15:19:43'),(256,7,'2003-08-03 22:24:46','2011-01-21 04:44:20'),(17,402,'1991-02-02 00:09:31','1987-09-12 03:04:45'),(184,299,'2001-01-03 03:46:06','1974-06-18 02:40:49'),(283,164,'2015-10-06 03:43:47','1984-12-09 03:34:46'),(359,44,'2015-09-11 14:59:50','2000-12-13 16:40:46'),(135,372,'2020-02-01 14:09:12','2006-09-28 01:27:34'),(196,482,'2012-07-15 15:30:54','1985-12-18 15:58:20'),(218,203,'1992-04-21 14:46:21','2017-12-25 08:36:08'),(82,414,'2009-07-23 07:44:48','2000-12-07 06:09:12'),(347,477,'2000-06-01 19:45:46','1983-06-02 00:36:57'),(295,243,'2014-01-10 12:11:52','2006-03-13 19:24:36'),(40,74,'2007-09-07 11:38:59','1990-05-18 07:41:47'),(302,477,'2004-03-17 14:24:35','2017-06-14 07:51:56'),(96,227,'2018-04-15 06:58:42','2010-05-16 21:12:11'),(296,174,'1985-12-09 17:34:21','2001-02-01 09:37:48'),(487,52,'1990-12-03 12:26:46','1985-05-10 14:09:34'),(180,4,'1992-03-06 14:30:59','2014-04-17 23:15:40'),(453,364,'1995-06-12 20:07:39','2007-12-30 19:32:08'),(302,236,'2005-11-24 16:58:29','1985-12-05 08:28:47'),(27,161,'2019-06-01 18:11:16','1996-06-08 21:33:16'),(280,162,'1974-03-07 00:41:16','1976-06-25 21:02:33'),(32,475,'1970-03-07 03:03:33','1992-08-18 16:15:36'),(144,250,'1983-04-01 00:06:31','1973-07-30 07:19:27'),(178,225,'1984-02-02 12:41:55','1984-08-31 06:59:16'),(163,25,'1982-03-09 22:24:01','1979-09-15 14:22:35'),(202,457,'1999-02-25 21:42:55','2012-07-25 21:44:03'),(267,241,'2013-02-23 11:01:22','2008-04-23 13:18:51'),(31,69,'2016-08-30 00:15:30','2014-05-12 15:35:18'),(217,126,'2005-11-21 10:34:30','1983-06-22 23:45:55'),(295,13,'2017-12-02 21:59:52','1970-04-30 17:27:20'),(299,281,'2008-03-21 04:41:05','2017-04-03 07:25:06'),(65,479,'1981-02-17 17:06:05','1982-11-10 15:19:34'),(284,17,'1987-12-17 17:24:30','1973-09-11 16:25:39'),(343,86,'2000-11-23 17:58:10','2017-11-06 16:32:50'),(252,370,'1983-07-26 16:26:43','2007-03-28 07:34:42'),(247,32,'2013-02-10 15:35:34','1985-06-17 06:12:52'),(31,278,'2002-07-12 20:02:26','2003-02-21 10:57:21'),(6,174,'1977-01-25 05:51:06','1975-10-18 08:16:02'),(27,184,'2014-02-09 07:04:43','2016-01-22 21:10:39'),(399,190,'2015-03-10 08:06:23','2002-07-31 13:50:27'),(208,101,'1970-10-24 05:51:42','2001-03-23 11:33:32'),(147,474,'1983-08-14 20:50:17','1992-06-26 12:12:47'),(341,177,'1995-05-04 14:43:32','1993-08-27 20:48:00'),(42,58,'1970-06-05 17:30:15','2001-02-24 02:50:27'),(302,337,'1970-02-18 10:21:28','1993-07-06 02:43:05'),(71,101,'2003-08-23 02:27:18','2015-12-04 16:08:49'),(117,135,'1980-06-28 01:28:49','1995-04-15 10:36:14'),(80,401,'1991-03-09 09:31:59','1997-12-06 13:59:36'),(152,422,'1987-05-15 04:47:50','1986-12-04 04:37:34'),(487,403,'2002-12-28 23:13:31','1987-11-24 20:12:53'),(291,233,'2002-03-03 18:39:07','2017-09-22 09:35:05'),(434,322,'2013-08-05 16:58:45','1971-06-14 19:54:23'),(11,440,'1995-10-02 22:45:15','2010-09-14 22:40:01'),(496,37,'1977-12-21 06:40:15','1971-06-13 18:41:08'),(124,395,'1975-06-29 02:26:58','1988-10-06 03:42:51'),(227,331,'1970-10-18 14:44:53','2012-09-12 00:37:59'),(495,373,'1996-12-12 05:07:06','2006-12-05 07:04:51'),(305,335,'2010-02-02 03:56:12','1973-09-24 06:48:14'),(49,346,'1979-12-19 11:02:03','1978-12-11 00:11:23'),(393,351,'1976-12-24 03:55:27','1997-01-06 19:41:55'),(183,463,'1998-04-25 11:07:48','1993-08-08 15:17:58'),(451,299,'2008-01-29 16:25:18','1985-05-03 02:33:29'),(98,30,'1992-12-12 05:02:58','1970-11-17 08:10:33'),(200,249,'1973-03-20 14:59:32','1986-10-10 13:46:17'),(452,186,'1982-10-19 03:21:52','2016-06-30 18:10:07'),(152,243,'1999-08-13 00:04:01','2013-03-06 00:20:50'),(418,86,'1985-04-30 11:01:20','2010-02-15 23:39:14'),(64,428,'1974-09-18 18:28:02','2015-04-03 04:16:59'),(25,59,'1992-07-03 09:20:25','1989-11-02 18:23:35'),(465,148,'1981-04-19 06:55:56','1983-07-28 14:41:49'),(453,191,'1975-11-02 21:37:20','1976-09-29 13:21:42'),(479,448,'1975-01-21 13:17:40','2003-04-14 20:16:39'),(64,283,'2013-04-28 17:15:47','2012-07-05 14:05:17'),(283,113,'1999-08-26 10:50:50','2006-04-14 01:55:38'),(129,175,'2004-12-14 01:14:00','1985-03-04 14:28:22'),(463,311,'2013-06-29 11:28:41','1989-02-01 20:28:56'),(138,413,'2014-04-05 14:31:46','2010-06-02 16:13:24'),(110,236,'1994-11-22 00:34:51','1972-02-10 12:30:29'),(443,309,'1993-06-29 12:38:56','1998-04-24 21:27:33'),(484,395,'2003-02-20 09:23:12','1985-06-26 09:15:58'),(494,135,'1984-04-27 04:28:33','1988-03-13 07:24:35'),(137,412,'2007-02-23 18:12:27','1977-01-02 20:39:36'),(220,201,'1994-04-23 15:05:45','1979-03-04 23:20:45'),(339,245,'2015-08-31 19:12:11','1980-08-21 03:11:29'),(260,304,'1986-03-07 12:07:49','1988-05-27 20:05:05'),(393,213,'1973-09-11 12:51:39','1977-06-11 13:03:26'),(494,371,'1976-07-10 18:40:11','2006-08-31 19:59:10'),(160,58,'2007-02-01 19:14:34','2012-04-11 02:12:21'),(154,442,'1977-06-16 18:42:10','1980-10-21 12:02:46'),(170,282,'1988-12-08 03:44:19','1991-09-08 09:20:13'),(117,132,'2003-11-16 13:05:13','2001-09-20 09:45:40'),(93,255,'1985-01-01 02:15:50','1990-07-20 02:19:20'),(45,202,'1981-05-07 02:35:12','1994-07-12 22:28:06'),(490,488,'2011-10-26 16:37:39','1986-02-08 17:45:59'),(11,473,'2000-08-30 00:21:18','1999-02-14 12:41:57'),(382,4,'1998-04-07 02:57:27','1988-07-30 00:23:40'),(108,19,'1972-04-23 03:40:32','2012-06-11 12:35:01'),(415,328,'1972-08-09 03:45:58','1995-03-05 21:08:17'),(219,254,'1977-08-17 03:16:03','1990-10-19 07:28:07'),(72,478,'2008-08-02 04:35:45','1998-09-12 16:22:01'),(57,465,'1999-09-17 10:42:07','1985-12-07 23:04:54'),(191,51,'1984-06-19 06:45:28','1974-12-11 00:51:29'),(336,350,'1980-09-26 01:18:24','2019-03-04 14:38:32'),(109,489,'2009-05-08 19:05:25','1984-06-12 23:51:47'),(292,278,'1996-10-29 12:07:32','2014-04-27 00:12:56'),(271,408,'2012-11-17 16:19:19','2011-01-24 13:07:45'),(410,363,'1977-08-25 03:52:29','2005-11-29 22:58:53'),(162,454,'2006-02-28 00:55:42','1989-10-31 04:02:33'),(65,152,'1997-11-26 13:36:33','1981-10-16 10:19:37'),(441,75,'1990-07-30 13:19:01','1980-11-17 00:09:26'),(125,323,'2019-04-24 23:59:17','1990-10-03 19:32:38'),(79,232,'1980-02-03 08:29:18','2017-07-14 17:03:22'),(341,494,'1972-01-26 18:04:45','1985-05-17 08:20:09'),(59,60,'2005-11-17 17:03:30','1975-10-13 09:00:17'),(247,131,'1978-01-27 15:37:17','1992-06-30 03:24:08'),(38,304,'1989-11-24 11:47:40','2007-04-16 13:40:07'),(96,228,'1994-12-05 11:21:04','2011-02-02 13:10:57'),(355,431,'2008-12-28 12:46:41','1996-01-18 12:09:34'),(77,463,'2003-02-26 00:14:47','1999-04-07 05:35:16'),(419,369,'1997-09-13 10:09:41','1970-03-07 03:11:34'),(241,190,'1977-04-20 15:19:54','2012-05-20 20:23:52'),(276,150,'2002-06-08 03:29:34','1983-12-03 17:49:55'),(52,438,'1987-11-02 09:46:21','1982-01-14 16:38:15'),(104,117,'1979-09-09 23:45:41','2009-05-04 20:25:53'),(89,45,'2014-11-13 21:31:41','1982-02-28 17:51:12'),(191,214,'2001-01-06 14:25:55','1996-07-12 00:43:49'),(367,269,'2019-02-17 01:27:29','2016-09-10 02:18:56'),(445,208,'1980-07-27 02:13:52','1981-10-31 02:23:05'),(262,4,'2005-07-05 16:36:45','2013-11-26 05:53:09'),(268,9,'1985-05-05 09:44:17','1985-04-27 08:14:45'),(135,305,'1992-02-25 01:00:10','2017-08-15 20:38:01'),(313,230,'1974-07-25 11:10:48','1983-07-18 16:14:08'),(33,167,'2016-08-17 01:40:35','1976-01-11 16:17:17'),(160,110,'2002-04-15 22:17:30','2011-05-21 02:07:29'),(130,79,'1975-10-27 13:47:17','1995-07-08 00:00:33'),(478,371,'1992-12-15 10:24:29','2005-07-01 19:50:36'),(269,254,'1992-12-27 12:35:39','2018-01-13 09:51:36'),(20,321,'1979-06-06 19:05:49','1994-11-11 01:17:41');
/*!40000 ALTER TABLE `orders_books` ENABLE KEYS */;
UNLOCK TABLES;

--
-- Table structure for table `profile_author`
--

DROP TABLE IF EXISTS `profile_author`;
/*!40101 SET @saved_cs_client     = @@character_set_client */;
/*!50503 SET character_set_client = utf8mb4 */;
CREATE TABLE `profile_author` (
  `author_id` int unsigned NOT NULL,
  `gender` char(1) CHARACTER SET utf8 COLLATE utf8_unicode_ci NOT NULL,
  `birthday` date DEFAULT NULL,
  `role_author` varchar(256) CHARACTER SET utf8 COLLATE utf8_unicode_ci DEFAULT NULL,
  `house_number` varchar(10) CHARACTER SET utf8 COLLATE utf8_unicode_ci DEFAULT NULL,
  `street` varchar(100) CHARACTER SET utf8 COLLATE utf8_unicode_ci DEFAULT NULL,
  `city` varchar(100) CHARACTER SET utf8 COLLATE utf8_unicode_ci DEFAULT NULL,
  `country` varchar(100) CHARACTER SET utf8 COLLATE utf8_unicode_ci DEFAULT NULL,
  `about_the_author` text CHARACTER SET utf8 COLLATE utf8_unicode_ci,
  `created_at` datetime DEFAULT CURRENT_TIMESTAMP,
  `updated_at` datetime DEFAULT CURRENT_TIMESTAMP ON UPDATE CURRENT_TIMESTAMP,
  PRIMARY KEY (`author_id`),
  CONSTRAINT `profile_author_author_id_fk` FOREIGN KEY (`author_id`) REFERENCES `author` (`id`) ON DELETE CASCADE
) ENGINE=InnoDB DEFAULT CHARSET=utf8 COLLATE=utf8_unicode_ci;
/*!40101 SET character_set_client = @saved_cs_client */;

--
-- Dumping data for table `profile_author`
--

LOCK TABLES `profile_author` WRITE;
/*!40000 ALTER TABLE `profile_author` DISABLE KEYS */;
INSERT INTO `profile_author` VALUES (1,'m','1982-01-06','8','40772818','Jones Rapids','Pfefferchester','Niue','Quod ipsa sit necessitatibus quae assumenda illo. Et rerum qui eum sed saepe aut. Aperiam sit necessitatibus commodi ex.\nPerspiciatis minus id cupiditate officia delectus. Accusamus et deserunt et.','1984-12-26 11:40:17','1985-12-14 08:01:37'),(2,'w','2004-09-07','13','68735','Lakin Mall','Port Zoie','Russian Federation','Quia aliquid omnis molestias omnis ut est. Cumque omnis quasi dolores accusantium temporibus debitis. A dolorem minus temporibus voluptatem.','1971-05-02 09:13:30','1998-04-10 12:31:24'),(3,'m','1978-06-15','11','976744405','Sallie Views','Matildeborough','Bosnia and Herzegovina','Dolores deserunt quisquam voluptatem repudiandae et placeat. Vero molestiae ducimus nam nobis ipsum perferendis.','1982-08-08 22:22:54','1987-06-16 14:27:14'),(4,'m','2012-03-08','14','115','Bahringer Fords','Reichelberg','Namibia','Nihil ut alias eum esse in. Aut sit modi est beatae. Dicta omnis tenetur commodi nihil molestiae a. Quae corporis suscipit vel non velit vero aliquid.','2009-01-15 02:56:25','1995-12-24 07:12:29'),(5,'m','1983-02-02','9','47','Halvorson Key','Lake Ciaraville','Palestinian Territory','Possimus dolor eos esse beatae eos. Odit id iste non maiores magni sapiente.','1984-04-28 13:11:46','1972-11-09 02:36:34'),(6,'m','1982-07-29','12','666190','Beatty Pass','East Amandaland','Hungary','Eius officia esse velit sapiente asperiores vel. Aut ut odio eaque eum sed. Quod adipisci culpa ipsum suscipit. Alias ut et suscipit dolorem dolorem quod eos.','1975-03-03 16:21:57','1987-11-07 01:10:50'),(7,'w','2012-11-02','14','970645010','Schultz Forks','North Brennan','Uzbekistan','Sed aut quia dolor quibusdam iure. Voluptatibus ex quos ab ipsa asperiores. Ducimus omnis id nostrum beatae quia perferendis dolorem.','1989-06-17 17:07:31','1991-11-19 19:46:44'),(8,'m','2018-07-13','7','','Garland Roads','East Theodorechester','Bolivia','Qui laudantium voluptas repellat aut corporis maiores. Dicta iure eum corporis pariatur quis. Earum voluptatibus aut provident deserunt rem voluptatem ducimus. Quasi laborum nemo temporibus placeat.','2014-12-10 18:55:34','2002-12-01 04:44:36'),(9,'w','1992-02-14','6','204','Sauer Coves','Maiaview','Kuwait','Aut labore reiciendis qui necessitatibus qui velit. Aliquam soluta eligendi est aut aliquam magnam minima. Esse ducimus qui nihil.','2004-12-22 14:37:40','2008-05-11 05:16:49'),(10,'m','1995-03-18','2','4536','Hamill Centers','Lake Roma','Uruguay','Voluptatem exercitationem labore aut nesciunt omnis eum qui. Qui hic et quos. Asperiores at consectetur placeat magni ea modi accusantium. Molestias sit a itaque voluptatem eveniet in.','2013-06-01 20:04:09','2010-07-11 17:23:38'),(11,'w','2002-07-30','3','64648','Eldora Corners','Port Filomenaton','Thailand','Fugit optio ut beatae enim aut eum. Maiores est iusto harum sed quia eos.','2016-04-09 22:53:50','1985-01-29 21:19:46'),(12,'w','1989-04-27','2','7833','Merritt Ramp','Gerlachton','Malta','Aut vero ipsam qui iste dolorem fugiat. Et quibusdam molestiae reiciendis quia sunt libero. Est praesentium repellendus minima delectus rem.','2017-06-18 22:54:40','1992-07-30 15:08:40'),(13,'w','2002-06-02','3','5723704','Jermaine Common','Port Anya','Tanzania','Nihil harum doloribus consectetur adipisci in autem quaerat doloribus. Inventore nulla et eum officia explicabo. Repellat qui ut voluptate quaerat debitis rerum molestias et.','2007-07-21 00:09:07','1983-02-11 12:56:38'),(14,'m','1970-10-05','10','75056','Brian Estate','East Soledadton','Korea','Autem dicta est dolorum unde tempore odio. Veniam mollitia adipisci consequatur quaerat et et. Sit veniam voluptatem minima ut qui ut vero fugiat.','2001-05-01 10:30:33','2003-10-03 15:48:16'),(15,'w','1972-05-31','8','9','Shayne Springs','Justiceview','Turks and Caicos Islands','Aliquid minima id sit dolorum. Et consectetur voluptate doloribus modi recusandae quis reprehenderit. Similique blanditiis odio ut dolores ut. Dolores culpa odit quia nostrum.','1995-02-28 01:05:49','2008-11-21 22:11:15'),(16,'w','1980-12-14','6','65630','Schinner Streets','East Brenna','Saint Vincent and the Grenadines','Est minima id et iste aperiam ullam accusantium. Qui et praesentium fugiat ipsa tempore. Alias officia officiis aperiam sed occaecati. Sit vitae cumque iusto veniam.','1981-12-16 05:04:49','1980-09-08 21:28:09'),(17,'w','1974-08-02','1','54696','Cruickshank Mountains','Jaydentown','Albania','Officiis consequatur quia sint qui atque accusantium nam. Saepe deserunt minima voluptate autem qui sed. Dolores qui in ipsa excepturi corporis.','1977-05-06 20:59:47','1984-05-31 04:43:25'),(18,'w','2000-09-02','6','1','Otto Shoal','South Julia','Myanmar','Qui error eius praesentium veritatis itaque. Consequatur et cumque sit quis est est.','2009-04-20 01:36:59','1997-02-23 01:43:30'),(19,'w','1984-10-23','3','6076150','Cory Forks','Lake Clementina','Djibouti','Dolores optio sit qui et. Quibusdam rem itaque consequuntur est deleniti a. Id blanditiis vel laudantium facere laboriosam praesentium. Deleniti aut necessitatibus sit rerum.','2000-12-11 15:06:32','2009-04-08 13:44:59'),(20,'m','1978-04-12','12','72','Bednar Hollow','Dewitttown','Andorra','Pariatur velit id dicta sed totam iusto perferendis nam. Veniam laudantium vel et expedita expedita quia. Tenetur in eos exercitationem cum. Iure ut nesciunt ut doloremque explicabo.','2018-04-17 05:26:10','2013-03-25 03:24:51'),(21,'m','1979-05-23','1','5165947','Schulist Rapids','Savionside','France','Ea ut et distinctio. Doloribus inventore dolorum blanditiis a et voluptas.','2002-02-28 00:28:09','2018-12-17 11:42:18'),(22,'m','1997-03-18','11','5461242','Abernathy View','Yosthaven','Bahrain','At totam nihil dolorem eos. Ipsum animi delectus id asperiores. Neque odit et assumenda debitis deleniti molestiae atque. Alias sequi soluta voluptatibus hic.','1979-08-22 06:35:11','1987-05-18 16:32:36'),(23,'m','2009-03-26','13','726','Barrows Canyon','West Emely','Zimbabwe','Labore sed aliquam sapiente quisquam dicta sit. Officia dolor quod aut quaerat et. Qui voluptas reiciendis consequatur animi. Labore non aspernatur est.','2018-02-09 08:43:13','1983-03-10 12:42:28'),(24,'m','1970-02-07','1','75528','Bashirian Bridge','New Junior','Malta','Molestiae saepe consectetur quod minus velit eum. Quis sunt laborum dolores ut debitis corporis. Qui nam quaerat excepturi rem et.','1989-07-03 04:17:59','2001-06-15 01:42:47'),(25,'w','1993-06-14','14','8','Luisa Ferry','Franeckiborough','Iran','Explicabo alias perspiciatis aut porro mollitia minus. Vel molestias quia deserunt necessitatibus. Ipsam consequuntur distinctio et distinctio ipsum delectus.','1996-09-03 12:40:17','1973-11-18 11:35:46'),(26,'m','2011-02-27','12','990','Cole Plaza','Kuhlmanburgh','Czech Republic','Sit distinctio at quae iste nihil facilis. Odio est animi ipsam recusandae.','1989-07-31 08:46:03','1975-03-07 12:12:46'),(27,'m','1970-09-06','10','3','Lueilwitz Flats','Fayfort','South Georgia and the South Sandwich Islands','Non at libero velit est. Natus sequi repellendus at. Nemo ab voluptatum voluptatem. Eius cupiditate in delectus ea ut.','1981-09-01 02:29:36','1990-12-14 16:17:51'),(28,'w','1970-08-17','11','2917','Maggie Fork','Sofiashire','Holy See (Vatican City State)','Porro ducimus non iusto nobis aperiam et sint eos. Nulla quis repellat totam nostrum deserunt. In culpa rerum dolores fugit.','1975-11-21 01:16:13','2008-06-23 15:41:32'),(29,'m','1981-07-13','11','896359319','Rahsaan Lakes','West Donato','Yemen','Sunt molestiae molestiae quod libero quis laudantium. Blanditiis omnis voluptatem sed et maxime explicabo corporis consequuntur. Quod repellendus quaerat voluptatibus voluptates omnis.','1970-10-08 15:21:01','2001-08-14 01:09:01'),(30,'m','2008-01-15','6','133','Jimmie Fords','East Adriennestad','Uruguay','Odio est similique iure excepturi eum illum sed voluptas. Impedit nam voluptatem facere quia. Voluptatem tenetur odio ut asperiores.','2008-01-23 18:44:51','1973-09-23 02:21:18'),(31,'m','1998-01-10','4','','Bradtke Trace','Toyview','Hungary','Rerum ex sint eveniet nisi eos similique. Asperiores eum qui corporis voluptas. Laboriosam facilis vero quis officia.','2007-09-24 02:29:48','2018-03-22 04:41:05'),(32,'w','2015-04-08','4','1249','Brant Motorway','New Freida','Vietnam','Eius rerum itaque qui eveniet voluptatum eos doloremque. Eveniet harum iste nesciunt ipsum illo aliquam aut. Explicabo reiciendis beatae iusto.','1983-04-04 18:44:01','1993-10-26 11:38:56'),(33,'m','1975-11-09','5','2','Rodriguez Course','East Afton','Malta','Dolor eos ut occaecati sint sapiente tempore voluptatem vitae. Repudiandae rem velit excepturi saepe magni cum quia ut. Odit asperiores corrupti quos fugit dolor ut voluptatem.','2012-03-25 03:07:13','1995-11-25 08:20:49'),(34,'m','2005-03-02','14','30115590','Mayer Causeway','Alexandraberg','Syrian Arab Republic','Cupiditate et consequatur est eveniet ut iste voluptas qui. Adipisci aut quia qui nam. Perferendis enim et asperiores doloremque quia. Est est qui quibusdam.','1989-10-18 20:42:25','1973-08-26 17:38:13'),(35,'m','2019-03-30','4','6679619','Stehr Inlet','West Stephonmouth','Jordan','Qui vero quas vel omnis. Eos quam voluptas sed sit soluta sit. Modi aut distinctio itaque qui quo maxime pariatur.','2005-11-17 22:10:55','1981-04-20 16:08:30'),(36,'m','1994-04-22','13','1246538','Heathcote Mall','Port Forestview','Micronesia','Asperiores soluta nemo et rerum omnis. Atque ut dolorum dolore voluptas omnis fuga. Amet earum sint vero. Et praesentium exercitationem ut voluptas recusandae impedit voluptatum.','2009-10-16 14:34:38','2013-07-10 09:44:55'),(37,'m','2003-04-13','12','593541520','Angelo Plains','Creminview','Burkina Faso','Enim dicta qui quo. Velit et enim nihil dicta ut deleniti et perferendis. Distinctio reiciendis officia dolorum.','2000-07-17 08:15:04','1993-08-05 06:15:08'),(38,'w','1992-09-23','4','742732901','Mabelle Passage','Walshtown','Aruba','Ab in est quaerat ut nesciunt. Labore minima quibusdam blanditiis cumque. Perspiciatis labore voluptatum delectus autem rerum. Magnam eligendi ut magnam et.','2015-10-09 22:14:42','1981-07-03 10:42:21'),(39,'m','1996-06-13','5','7329971','Bergnaum Street','Lednerchester','Syrian Arab Republic','Odit qui in eos quaerat odit. Occaecati explicabo fuga rerum. Optio nam rerum enim rerum et id.','1999-08-26 10:16:14','1971-07-08 07:59:49'),(40,'w','2008-10-09','3','74','Terry Pines','Volkmanburgh','Solomon Islands','Quia commodi et qui excepturi. Omnis vitae laboriosam repellat ut dignissimos quo dolor. Minus est qui voluptatem vero autem hic. Repellendus et ut magni voluptates.','1995-10-26 08:49:08','2010-06-15 11:57:43'),(41,'m','2003-03-06','5','887039630','Raheem Bypass','Francisport','Palau','Vitae vero consequuntur rerum quis recusandae rerum eaque. Vel ut culpa reprehenderit eaque.','1984-04-30 07:09:39','1987-03-21 18:52:30'),(42,'w','2006-08-30','7','286','Michale Squares','South Della','Afghanistan','Consectetur quia distinctio esse debitis modi error nesciunt. Ipsam totam et libero commodi doloribus dicta et. Sapiente non accusantium odio.','2009-04-12 15:56:05','1995-04-03 08:46:35'),(43,'w','2001-04-13','5','8937301','McKenzie Villages','East Ottis','Jordan','Dolorum quasi sint aliquid est magnam et. Qui aliquid molestias minus impedit quod assumenda. Ipsa corporis iste sint veniam. Et voluptatum veniam enim aliquam autem explicabo dolor.','1991-02-15 20:10:26','2008-01-28 08:10:35'),(44,'m','1985-12-03','7','','Hope Vista','Christiansenberg','Azerbaijan','Pariatur doloribus et non quo sapiente minima est. Ullam sunt ipsa aliquid eius perferendis esse. Rerum ut ut sunt perspiciatis et ea.','2004-04-07 16:38:27','2013-10-14 05:55:07'),(45,'w','2019-03-31','3','6','Unique Canyon','South Lexiemouth','Slovakia (Slovak Republic)','Quae praesentium quia consequatur quos et ut. Voluptatum ex a rerum. Nesciunt accusantium et ut omnis est incidunt.','1974-05-03 15:13:39','2010-06-28 03:27:36'),(46,'w','1991-07-27','12','3','Conn Junctions','Zoefurt','Uganda','Dolorem dolor sint repellendus facilis labore consequatur aut. Provident et consequatur nulla ullam rerum et.','1988-05-13 17:44:18','1999-09-30 00:00:13'),(47,'m','2009-01-28','13','4586','Dejuan Summit','Mayertfurt','Morocco','Corporis soluta ut vero vero soluta. Voluptas voluptas optio accusamus quasi ut rerum. Est necessitatibus maiores corrupti porro quos.\nAmet libero et magnam. Sint deleniti ad voluptatem non aut.','2007-04-08 13:44:46','1970-06-18 05:05:02'),(48,'w','1977-12-10','4','8576536','Hane Port','Hoegerbury','Sweden','Quidem minima quasi quia iure quia et nam. Alias corrupti animi suscipit qui sit blanditiis. Eos sit mollitia velit quia a aut itaque nulla. Aut alias sit laboriosam unde adipisci.','1971-12-23 10:00:13','1981-07-21 15:57:24'),(49,'w','1983-11-21','4','73','Bayer Alley','Pacochaton','Haiti','Voluptates cupiditate nihil nemo porro officia labore. Dolorem saepe fuga ut quod aperiam suscipit. Occaecati sed voluptatem ut eos quo et quae ut.','2013-04-20 07:43:03','1992-12-09 18:40:38'),(50,'m','1990-10-12','1','82','Walter Plaza','Stromanbury','Bosnia and Herzegovina','Aut ea iure repellendus. Quia vero aut sed mollitia suscipit. Suscipit architecto aspernatur aliquam ut suscipit sunt consequatur.','1990-02-03 02:45:28','2014-02-25 03:14:20');
/*!40000 ALTER TABLE `profile_author` ENABLE KEYS */;
UNLOCK TABLES;

--
-- Table structure for table `profile_readers`
--

DROP TABLE IF EXISTS `profile_readers`;
/*!40101 SET @saved_cs_client     = @@character_set_client */;
/*!50503 SET character_set_client = utf8mb4 */;
CREATE TABLE `profile_readers` (
  `readers_id` int unsigned NOT NULL,
  `gender` char(1) CHARACTER SET utf8 COLLATE utf8_unicode_ci NOT NULL,
  `birthday` date DEFAULT NULL,
  `country` varchar(100) CHARACTER SET utf8 COLLATE utf8_unicode_ci DEFAULT NULL,
  `city` varchar(100) CHARACTER SET utf8 COLLATE utf8_unicode_ci DEFAULT NULL,
  `hobbies` varchar(256) CHARACTER SET utf8 COLLATE utf8_unicode_ci DEFAULT NULL,
  `created_at` datetime DEFAULT CURRENT_TIMESTAMP,
  `updated_at` datetime DEFAULT CURRENT_TIMESTAMP ON UPDATE CURRENT_TIMESTAMP,
  PRIMARY KEY (`readers_id`),
  CONSTRAINT `profile_readers_readers_id_fk` FOREIGN KEY (`readers_id`) REFERENCES `readers` (`id`) ON DELETE CASCADE
) ENGINE=InnoDB DEFAULT CHARSET=utf8 COLLATE=utf8_unicode_ci;
/*!40101 SET character_set_client = @saved_cs_client */;

--
-- Dumping data for table `profile_readers`
--

LOCK TABLES `profile_readers` WRITE;
/*!40000 ALTER TABLE `profile_readers` DISABLE KEYS */;
INSERT INTO `profile_readers` VALUES (1,'m','2006-09-22','Papua New Guinea','North Heathfurt','Et eum repudiandae reprehenderit sit rerum. Qui sunt natus maxime soluta. Sed ut iste reprehenderit quo aut magni.','1996-07-26 00:00:00','1973-10-28 00:00:00'),(2,'w','1994-06-09','Bouvet Island (Bouvetoya)','Rodrickland','In accusantium quia sapiente voluptates quos est. Itaque sit dolorem aut ipsam vel dolorem ut. Nostrum vel omnis quibusdam.','1981-02-11 00:00:00','2010-02-01 00:00:00'),(3,'w','1975-09-26','French Southern Territories','Lake Emmiefurt','Dolorem deserunt ipsum maxime cum deserunt. Ad autem quasi qui voluptate non doloribus consequatur fuga. Vero non consectetur exercitationem aut libero exercitationem similique. Et debitis quos tenetur molestiae rerum aut et.','2015-05-16 00:00:00','2006-02-06 00:00:00'),(4,'m','1973-05-09','United States of America','East Jamel','Sunt optio dolorum corrupti dolor. Consectetur amet earum et voluptates consequuntur impedit excepturi. Consequatur et vero vitae vel.','1994-09-29 00:00:00','2017-01-25 00:00:00'),(5,'w','1984-09-15','Oman','Bahringermouth','Rerum voluptatem sed saepe saepe doloremque sit. Consectetur et eaque quidem. Doloribus autem mollitia laudantium mollitia laboriosam.','1980-05-08 00:00:00','1976-04-23 00:00:00'),(6,'m','2007-09-07','Benin','Dorothyhaven','Aut occaecati laboriosam quasi et qui consequatur a iste. Excepturi at incidunt nihil tempora voluptatum. Et est rerum quasi.','1987-08-11 00:00:00','2013-08-18 00:00:00'),(7,'m','2011-07-10','Martinique','Ullrichfurt','Necessitatibus similique non non fuga. Autem consequatur corrupti qui nihil. Assumenda qui nobis natus eos quas reprehenderit maxime.','2004-06-24 00:00:00','1998-10-30 00:00:00'),(8,'w','2011-07-23','Tokelau','New Rhodashire','Quo consequuntur placeat autem sapiente voluptatibus commodi cum. Omnis molestiae commodi rerum nihil. Qui nisi neque aut ut cumque accusantium iure.','2003-08-29 00:00:00','1972-09-08 00:00:00'),(9,'m','1970-09-02','Tonga','Kingshire','Recusandae ab voluptas explicabo in. Totam quas quidem ipsum aspernatur vel autem. Et dolorem et voluptatem quis iure odit facilis quia. Cumque voluptatibus alias omnis unde.','1989-08-20 00:00:00','1996-11-29 00:00:00'),(10,'m','1989-06-12','Costa Rica','South Isadoreton','Non consectetur placeat vel dignissimos qui. Temporibus et quia voluptas aut at qui. Qui sit nisi perspiciatis nulla.','1986-08-04 00:00:00','1990-07-14 00:00:00'),(11,'m','2017-04-25','United Arab Emirates','Zachariahstad','Hic id voluptatum iste nostrum sed recusandae non. Fugit ea ut quia architecto ad. Veniam nesciunt consectetur culpa sed. Ipsa nihil vitae quisquam repellendus quas omnis ut.','1975-08-21 00:00:00','1981-06-24 00:00:00'),(12,'w','1979-12-31','Bouvet Island (Bouvetoya)','Jocelynview','Qui adipisci voluptatem dolorem asperiores totam. Autem vel odit porro facere. Voluptas eligendi ratione et eos vel. Magni ut dolor nisi dolorem sunt aut.','1971-04-01 00:00:00','1992-05-30 00:00:00'),(13,'m','1979-07-06','Guernsey','South Graceberg','Eveniet quam aperiam consequuntur dolor ut. Odio maiores non alias eum ducimus. Similique labore facilis sed adipisci perspiciatis non harum.','1987-12-02 00:00:00','1989-07-11 00:00:00'),(14,'w','1997-11-29','Yemen','Augustafurt','Sint magnam nemo nihil ipsa. Quo quis ratione aut. Quibusdam ea facilis placeat qui ad ipsam voluptatum.','1990-02-08 00:00:00','2007-09-21 00:00:00'),(15,'m','1973-11-18','Venezuela','Marquardtburgh','Fugiat fugit doloremque quo quo. Magni odit assumenda ipsa voluptatum molestias voluptatem. Harum nihil nihil autem commodi.','1998-08-09 00:00:00','1972-09-15 00:00:00'),(16,'m','1990-08-23','Ireland','Osborneland','Rerum et laudantium et eaque numquam ut illum. Repellat fuga quo perspiciatis est eveniet minima. Iste nobis sed aut voluptatem.','2009-10-02 00:00:00','2006-05-18 00:00:00'),(17,'m','1984-11-06','Uganda','Darylfurt','Qui sunt perspiciatis quidem omnis aut nemo eos. Est porro facere in iusto doloribus aperiam. Dicta dolore sunt voluptatem enim. Eveniet accusamus iure itaque magnam sunt ut.','1991-07-15 00:00:00','1984-08-17 00:00:00'),(18,'w','1978-04-21','Chile','East Catherinechester','Quia saepe sequi laborum distinctio occaecati. Autem et perspiciatis tempore. Voluptate consectetur debitis qui labore tenetur et in et. A aliquid ad exercitationem sint ut et. Nesciunt eaque id quis.','1983-10-11 00:00:00','1996-12-03 00:00:00'),(19,'m','1984-06-26','Palau','Aliciachester','Et consequatur nostrum ullam. Quas pariatur dolor alias quia minus similique. Voluptatem excepturi beatae illo porro consequatur quia consequatur atque. Quis suscipit cum iusto harum voluptatem qui veniam distinctio.','1988-03-21 00:00:00','1975-11-26 00:00:00'),(20,'w','2011-05-15','Pitcairn Islands','Gislasonmouth','Sed quas eius itaque error est. Tempora eligendi reiciendis et sequi minus autem voluptatem. Error accusamus ipsum quia illum mollitia ea.','1988-04-17 00:00:00','2006-09-02 00:00:00'),(21,'w','2009-01-28','Hungary','Vidalland','Voluptas delectus excepturi illum et molestiae illo. Corporis optio pariatur temporibus inventore corrupti. Unde temporibus doloremque maiores explicabo enim officiis qui.','1997-04-12 00:00:00','1970-10-20 00:00:00'),(22,'w','1997-04-18','Swaziland','Wardstad','Est corrupti magnam fuga distinctio voluptatem. Eaque aut quod rerum voluptas a nulla possimus. Porro ut consequatur nesciunt porro aliquam ut ab.','1977-08-04 00:00:00','1979-09-07 00:00:00'),(23,'m','2017-01-17','Cote d\'Ivoire','Caseytown','Id nisi voluptates quia molestiae repellat est aut. Quia tempore qui sequi perferendis quidem ut. Laborum nulla nostrum aut quidem qui. Quia eveniet et sunt est.','2006-08-25 00:00:00','1978-04-23 00:00:00'),(24,'m','2011-08-05','Jamaica','Johnstonfort','Facere a a quisquam et. Dolor ducimus excepturi voluptas perspiciatis. Nam quia corporis voluptatem exercitationem. Blanditiis neque nihil sunt iusto dicta. Voluptatem id ipsam asperiores.','1972-03-10 00:00:00','1980-02-23 00:00:00'),(25,'w','2009-06-04','Nigeria','Lake Rene','Consequatur hic debitis quis iste. Voluptate laborum beatae alias ratione sed excepturi neque.','1982-02-08 00:00:00','1970-12-03 00:00:00'),(26,'m','1996-04-28','Cyprus','Cynthiaborough','Aliquam voluptate et odit velit. Impedit ipsam accusamus odit dolores. Accusantium consequatur maiores ipsa et velit. Atque sunt laboriosam accusamus et.','2013-08-05 00:00:00','1995-09-24 00:00:00'),(27,'w','2004-04-27','Malawi','West Jesse','Qui repudiandae sint sed. Occaecati non unde et mollitia ut rerum eum. Asperiores omnis ut tempora officia tempora. Voluptate tempora porro omnis in.','1988-11-24 00:00:00','1975-01-25 00:00:00'),(28,'w','2007-04-25','Saint Helena','Trompland','Cupiditate error et eveniet fugiat. Repellendus ut est ut est vel rerum qui officia. Distinctio eveniet rem omnis eum facere. Quidem animi fuga commodi ullam.','1987-03-03 00:00:00','1985-03-07 00:00:00'),(29,'w','1973-05-22','Qatar','Stanfordshire','Adipisci voluptates qui omnis. Veniam dolore nobis earum officia. Reprehenderit voluptatum eligendi a id accusantium ut. Maiores eligendi consequatur deserunt et.','1990-02-21 00:00:00','1992-01-24 00:00:00'),(30,'m','2003-09-16','El Salvador','New Treva','Delectus delectus veritatis eius eos. Suscipit qui rem minus. Eligendi porro sint et dolores sit autem. Omnis aliquid officiis ducimus et dolorem.','2007-08-25 00:00:00','1995-11-27 00:00:00'),(31,'w','2011-11-01','Comoros','Greenshire','Iste harum omnis rem ducimus fugit et. Ut recusandae perspiciatis ratione modi et.','1995-08-11 00:00:00','2012-05-08 00:00:00'),(32,'w','2001-04-08','United Kingdom','Osinskiside','Ut est omnis enim iste. Deleniti et voluptate amet. Quas et voluptas nihil rerum officia. Et vitae non nihil praesentium nobis sed facilis excepturi.','1999-05-25 00:00:00','1980-10-16 00:00:00'),(33,'w','1982-08-03','Cayman Islands','Howemouth','Et dicta harum ut doloremque. Molestiae eos voluptatem odit ea voluptas. Quisquam beatae at mollitia perferendis animi ea. Aut harum distinctio eum laudantium reiciendis doloribus. Temporibus officiis dolores modi rerum deserunt minima.','2020-04-04 00:00:00','1991-04-23 00:00:00'),(34,'w','1970-07-30','Swaziland','South Penelope','Quo aut accusantium unde itaque earum nisi dolorem. Id praesentium qui porro ipsam. Ad voluptatum voluptatem consectetur illum.','1995-02-21 00:00:00','2011-05-31 00:00:00'),(35,'m','1984-02-02','Saint Pierre and Miquelon','Jerdemouth','Dolores repellendus qui autem amet qui. Enim consectetur corrupti eveniet eos. Corrupti et veniam illum illum qui quo dolores.','2018-03-03 00:00:00','1995-07-29 00:00:00'),(36,'w','2008-01-13','Saudi Arabia','North Marisol','Consequatur nihil officia iusto qui ab necessitatibus iusto. Consequuntur accusamus in incidunt ratione magni sint itaque. Voluptas est similique ipsum ipsum.','1988-07-22 00:00:00','1986-12-09 00:00:00'),(37,'w','2014-06-24','Uganda','West Angel','Aut aut temporibus voluptates non dicta quaerat unde. In occaecati dignissimos accusantium iure. Eius et occaecati beatae et. Quis aliquam dignissimos nulla.','1992-02-03 00:00:00','1998-07-25 00:00:00'),(38,'m','2010-07-03','Swaziland','Dooleyfort','Distinctio at non sunt quaerat. Aut ea deserunt veniam labore minus vero. Id accusantium sed repudiandae placeat est nemo. In natus qui repellendus velit ratione accusamus suscipit.','2010-04-24 00:00:00','1998-08-19 00:00:00'),(39,'w','1986-01-11','Canada','West Jordy','Soluta dolor quia in ut facilis quis. A aspernatur blanditiis ratione error sit. Impedit omnis dolorem nesciunt deserunt.','2013-11-22 00:00:00','2006-06-23 00:00:00'),(40,'w','1981-11-18','Ghana','South Noelland','Et numquam quidem quis est rem quia ut architecto. Ratione culpa doloribus atque et voluptatibus. Nihil expedita nulla cupiditate accusamus temporibus eum.','1988-12-29 00:00:00','1992-10-13 00:00:00'),(41,'w','1982-05-03','Saint Pierre and Miquelon','East Nina','Id dolores eius ducimus illo. Voluptas rerum consequatur voluptas ipsam sunt.','1998-11-05 00:00:00','2012-09-21 00:00:00'),(42,'m','1977-05-26','Ireland','South Catherinetown','Totam cupiditate eum blanditiis non iure deserunt optio. Sit quis voluptas eveniet non. Non nihil officiis et tenetur iste quia debitis.','2015-08-10 00:00:00','1984-11-30 00:00:00'),(43,'w','1972-06-24','New Caledonia','South Rileychester','Est in repellat nihil et inventore ex nam. Tempora quasi harum rem et ea ut accusantium. Accusantium quaerat et porro et dolorem corporis quibusdam.','1993-08-28 00:00:00','1977-08-23 00:00:00'),(44,'m','2010-08-10','Ghana','South Dominicstad','Accusamus quisquam debitis aut facere molestias ut. Dolores praesentium quod est qui placeat. Veritatis qui a quo consequuntur at repellendus illo. Et accusantium facere reiciendis eum possimus expedita ipsam.','2013-11-18 00:00:00','1970-06-03 00:00:00'),(45,'m','1994-07-12','Burkina Faso','West Lydiaborough','Voluptatum eligendi qui dicta eveniet sit corporis aut. Possimus ut unde voluptatem quis. Similique sed aperiam saepe sit saepe adipisci. Dolorem qui consequatur officiis.','2012-07-23 00:00:00','1985-11-03 00:00:00'),(46,'w','1977-01-10','Malaysia','Ricemouth','Quos quia dolores et aut non ipsa. Cupiditate non praesentium dolorem magni nam. Molestiae est deserunt est enim.','1972-11-07 00:00:00','1998-09-30 00:00:00'),(47,'m','1974-12-22','Haiti','Nathanialburgh','Veritatis accusamus rerum eum aliquam consequuntur. Enim laboriosam quisquam provident et aspernatur vel voluptate. Dolorum ea consequuntur ea. Sequi ducimus ut tempora assumenda et libero labore.','2005-12-19 00:00:00','1997-12-10 00:00:00'),(48,'w','1988-03-11','Ireland','West Kirstinshire','Voluptas reprehenderit voluptatem dolor est sed. Minus possimus sed neque eaque quam eum dolores. Magni sit aut animi non quis quisquam cumque.','1991-12-29 00:00:00','1982-12-31 00:00:00'),(49,'w','1981-02-17','China','West Cortezport','Ut nemo aut perspiciatis. Ab ut praesentium eum a quibusdam eaque. Atque ipsa est quia.','1990-05-10 00:00:00','2017-01-25 00:00:00'),(50,'w','1991-12-23','Niger','Blairfurt','Est optio quaerat ut temporibus minima numquam ex. Cumque repellendus rerum recusandae deleniti pariatur. Soluta occaecati placeat non inventore sed nam eos. Vel harum laborum quod aspernatur recusandae consectetur ipsam. Modi doloribus voluptate quae esse','2013-03-01 00:00:00','1982-02-21 00:00:00'),(51,'w','1987-08-09','Tuvalu','New Connieshire','Quia neque cum quos nihil nam quaerat non. Minus sit hic magnam eius corrupti. Ea omnis cupiditate dolorum voluptates voluptatem possimus.','2004-06-17 00:00:00','2004-10-22 00:00:00'),(52,'m','2017-06-22','Mexico','South Nadiahaven','Nihil molestiae id nostrum ut quisquam. Et autem blanditiis aut tempore. Voluptatem suscipit suscipit ipsa harum excepturi aut quidem. Officia iure voluptatem nisi sint nam minus esse.','1973-06-23 00:00:00','2006-06-30 00:00:00'),(53,'m','2015-02-25','China','South Alan','Mollitia animi odit minima ut quae et voluptates eum. Nihil quaerat et sit sed accusantium numquam. Sit id sed eum distinctio dolorem ab minus.','2008-01-26 00:00:00','2019-03-18 00:00:00'),(54,'m','1984-10-02','Benin','Port Arelychester','Deleniti cumque consequatur a ipsam alias tempora. Expedita voluptatibus maxime adipisci est in alias similique. Nulla labore et autem quaerat quam. Quaerat aliquid non et.','2009-01-26 00:00:00','1982-05-11 00:00:00'),(55,'m','1995-11-18','United States Virgin Islands','Port Karolannfort','Qui voluptatem aut consequatur perferendis minima a deleniti. Rem ipsam asperiores odit maiores assumenda. Optio qui nostrum unde officia. Sunt est deserunt aut sit quod aut.','1994-11-26 00:00:00','2008-05-21 00:00:00'),(56,'w','1975-12-06','Russian Federation','Port Destineyberg','Expedita adipisci exercitationem minima culpa ipsam velit. Necessitatibus totam molestias reiciendis dolorem ad. Sunt quasi non rerum et numquam.','1990-10-10 00:00:00','1979-08-24 00:00:00'),(57,'w','1979-05-07','United States Virgin Islands','South Gordon','Libero consequatur perferendis et veniam vel. Incidunt atque aut aspernatur in. Nesciunt similique ab inventore illum. Dicta laborum mollitia autem tempora id voluptatibus.','1979-07-03 00:00:00','1990-06-08 00:00:00'),(58,'w','1987-11-25','Bolivia','Port Vitoborough','Omnis omnis aut quaerat aut. Quasi eum reiciendis nisi expedita quis laborum. Eos nulla corporis ducimus non sint expedita. Labore non aspernatur reprehenderit vel iusto magnam in.','1972-11-13 00:00:00','1990-06-03 00:00:00'),(59,'w','1987-11-27','Liberia','South Hyman','Enim est quos fuga magni nesciunt. Aut aut saepe dolor architecto. Temporibus sed atque omnis consequuntur.','1991-01-28 00:00:00','1996-10-11 00:00:00'),(60,'m','1971-12-08','Turks and Caicos Islands','Lake Gildaside','Consequatur maiores aliquam dicta ea est et. Laboriosam reiciendis quos inventore alias deleniti vitae tenetur. Nemo ratione porro nam sunt alias dolorum doloremque. Rerum rem aut saepe est consequatur rerum consequatur.','2017-09-10 00:00:00','2016-05-26 00:00:00'),(61,'w','1990-02-27','Bolivia','Lake Georgianna','Modi dolores architecto quia quo sed. Distinctio est ut dolores est ut enim eos deserunt. Delectus aliquam quidem corrupti cumque quaerat voluptas labore. Aut numquam id quam rerum cum et.','1976-08-28 00:00:00','1987-04-19 00:00:00'),(62,'m','1974-03-22','Kuwait','Abbyview','Aperiam numquam recusandae et rerum voluptatem delectus dolor. Autem numquam id non ea officiis. Saepe hic neque eaque magni. Omnis aut explicabo repellendus sint. Qui neque perspiciatis itaque minus aliquam.','1994-03-28 00:00:00','2013-01-11 00:00:00'),(63,'m','1970-06-28','China','Haleyport','Deleniti unde rerum doloremque. Saepe praesentium ea temporibus cum. Odio sint fugiat eaque.','2000-02-19 00:00:00','1979-01-11 00:00:00'),(64,'w','1986-08-19','South Africa','Funkfort','Consequuntur fugit veniam et earum aperiam. Voluptas velit voluptas corrupti vel quo nihil. Nemo debitis perspiciatis quo delectus nisi hic facere.','1981-09-30 00:00:00','1975-06-14 00:00:00'),(65,'m','2014-04-28','Afghanistan','Herminiabury','Sunt sapiente molestiae asperiores. Aliquid vero fugit qui corporis. Amet similique est iste aut nemo.','2002-07-25 00:00:00','2018-01-30 00:00:00'),(66,'m','2011-10-27','Cuba','Schroederton','Voluptatibus rem ut et aut dolore in atque. Ut accusantium omnis aut suscipit hic earum ab est. Nemo iure deserunt non eligendi velit quis quia aut. Ipsa rem omnis veniam porro.','2019-04-27 00:00:00','1996-05-15 00:00:00'),(67,'m','1973-08-09','Oman','East Judahmouth','Odio aut iste aut quia numquam libero ut blanditiis. Distinctio autem omnis itaque aliquam explicabo atque odio amet. Vero ipsa quia mollitia voluptas cupiditate. Accusamus quia voluptatibus qui dignissimos.','2018-04-16 00:00:00','2008-09-13 00:00:00'),(68,'m','1988-06-29','Moldova','Marcoshire','Magni pariatur laborum consequatur fuga asperiores. Facilis dolorem ducimus et enim in eum iure.','2017-06-04 00:00:00','1970-05-11 00:00:00'),(69,'m','1994-08-12','Hungary','New Melyssaside','Voluptas architecto voluptatem assumenda sit sequi iure maiores. Sapiente dicta ullam veritatis quis aut molestiae sed. Ut enim ab est natus et illo placeat enim. Architecto doloribus aut consequatur aut.','1971-10-28 00:00:00','1982-02-22 00:00:00'),(70,'m','1996-06-01','Turkmenistan','Lake Estebanmouth','Quas veritatis aspernatur aut debitis in quis. Repellendus id consequatur exercitationem perspiciatis est tenetur perferendis sint. Repellat quasi ipsam non ea. Quidem ducimus fugit a eum et.','1989-06-21 00:00:00','2013-10-10 00:00:00'),(71,'m','1991-11-12','Ecuador','North Einarchester','Aut natus harum nisi assumenda consequatur veritatis ad. Atque cumque sapiente provident perspiciatis quam. Animi praesentium commodi quisquam cum.','2010-10-30 00:00:00','1996-07-04 00:00:00'),(72,'w','1977-06-04','Yemen','Gorczanystad','Et illum sint dignissimos sunt iste tenetur. Omnis aut repudiandae consectetur animi necessitatibus rerum. Odit vel qui fugiat numquam est aut quia. Quos qui mollitia sunt quam.','2018-02-28 00:00:00','1996-07-31 00:00:00'),(73,'w','1975-02-22','Nauru','New Nikkiton','Exercitationem voluptatem deserunt dignissimos ea. Et unde porro culpa recusandae iste cumque. Sequi ducimus quia voluptas illum est architecto in.','2004-07-23 00:00:00','2003-11-20 00:00:00'),(74,'m','2015-08-18','French Polynesia','New Magdalentown','Ut aspernatur sequi nisi. Consequatur facere aut sunt. Maxime sequi aliquid dolorum commodi reprehenderit et. Praesentium qui voluptatem repudiandae esse.','2009-12-07 00:00:00','2008-05-07 00:00:00'),(75,'w','1990-09-09','Tonga','Mikebury','Et minima omnis numquam minus magni. Rerum tempora aliquam ea in. Vel et architecto porro quia hic. Eos in esse dignissimos autem molestias magnam eos quia.','1983-09-12 00:00:00','2019-07-20 00:00:00'),(76,'w','2002-03-05','Singapore','North Laneytown','Qui vel corrupti magni voluptatibus aliquam. Mollitia sunt recusandae dolor quas voluptatem. Labore alias aut dolor veritatis dolores qui.','1975-09-13 00:00:00','1993-12-07 00:00:00'),(77,'w','2018-06-26','Slovenia','Carterbury','Et quia repellendus quo commodi repudiandae incidunt. Illo similique aspernatur enim et ad. Voluptatum quis non deserunt sit maiores iste quia quas.','2013-02-28 00:00:00','1979-07-28 00:00:00'),(78,'m','2015-04-24','Denmark','East Jalen','Quidem eius ut qui eum. Optio commodi vero qui nihil enim. Nihil eos recusandae quos ipsam doloribus. Magni commodi dolor eum unde impedit voluptatem fugiat. Est similique officiis eligendi fugiat.','1985-12-06 00:00:00','1976-09-06 00:00:00'),(79,'m','1988-07-29','Brunei Darussalam','East Rowenafurt','Eos molestiae similique vitae veniam voluptatem est vero. Corporis labore sapiente accusamus molestiae sapiente facere ea consectetur. Voluptas eligendi voluptas dolorem quo. Eum qui id ex deserunt debitis aut quam. Culpa quasi earum consectetur.','2001-02-08 00:00:00','1982-06-14 00:00:00'),(80,'m','1976-12-17','Northern Mariana Islands','North Kayliside','Rerum ea laudantium quia animi et delectus omnis. Libero facere et ut qui id dolores omnis. Ut aliquam inventore quod qui. Vel tempore quia aut asperiores repellendus enim.','1978-03-16 00:00:00','1975-01-17 00:00:00'),(81,'w','1986-03-09','Turkmenistan','Hermistonview','Neque provident odit veritatis deserunt iure et. Ut reprehenderit voluptatem similique. Quidem repellat itaque est aliquid ea. Provident dolore ut exercitationem pariatur exercitationem.','1979-08-29 00:00:00','2013-12-19 00:00:00'),(82,'w','1985-11-08','Austria','West Adrienne','Ut voluptas voluptatum eius esse voluptatibus. Et est ipsam impedit architecto. Saepe rem consectetur et quia veritatis.','2004-01-02 00:00:00','2014-05-08 00:00:00'),(83,'w','1983-04-11','Honduras','West Aiyana','Voluptate alias nihil et soluta. Molestiae dolorem vel et aut incidunt optio. Aliquid nihil nihil asperiores incidunt. Quibusdam non et ut sequi sint quia qui.','1988-05-02 00:00:00','1975-04-05 00:00:00'),(84,'m','2018-08-03','Saint Barthelemy','Streichborough','Deleniti qui ab commodi qui. Ut ut error voluptas autem qui ullam qui. Deleniti cum tenetur corporis voluptatum aut sapiente harum.','1999-09-18 00:00:00','1978-05-20 00:00:00'),(85,'w','2000-02-23','Guyana','New Della','Qui explicabo ea eum ipsum aut vero. Odit fuga quae voluptatem necessitatibus. Omnis qui doloremque totam doloremque deserunt. Voluptatibus cum molestiae iste.','1983-01-15 00:00:00','2005-12-11 00:00:00'),(86,'m','1974-12-03','Wallis and Futuna','West Jarrellville','Qui sint molestiae aut omnis voluptatem esse. Est suscipit illum sed incidunt quis. Quisquam vel et nobis tempora sit ut porro. Cum qui atque iure officiis voluptas.','1970-07-23 00:00:00','2016-02-20 00:00:00'),(87,'m','2008-07-28','Sao Tome and Principe','Camillestad','Expedita ea officiis et cumque voluptas laudantium. Quia suscipit illo natus consectetur provident veritatis iure fugit. Corrupti voluptates vel consectetur omnis exercitationem quis commodi.','1987-01-16 00:00:00','2018-07-28 00:00:00'),(88,'m','1996-06-24','Lesotho','Port Rebeca','Itaque necessitatibus nihil consequuntur doloribus optio. Ut facere explicabo ut et iure. Fugiat quod inventore veritatis ullam magni. Fugiat impedit reiciendis rerum.','2016-05-22 00:00:00','2007-05-07 00:00:00'),(89,'w','1990-09-04','Hong Kong','Kentonbury','Voluptas dicta similique sequi sint delectus voluptas. Tenetur mollitia quis facere. Totam officia sint dolorem placeat deserunt.','1996-09-13 00:00:00','2004-03-22 00:00:00'),(90,'m','1979-05-04','Burundi','West Alycia','Deleniti sint quia vel sed aperiam nostrum. Inventore molestias vero consequuntur occaecati eos. Eos omnis velit rerum accusamus et. Itaque quis odit voluptatem.','2008-07-19 00:00:00','2010-09-12 00:00:00'),(91,'w','1974-10-01','Chad','Emilyfurt','Excepturi autem qui vel voluptatem eos enim beatae aut. Dolores voluptas dolor voluptas id autem. Amet excepturi amet id nulla commodi voluptate molestias.','1999-11-11 00:00:00','1979-06-24 00:00:00'),(92,'w','2016-02-19','Kyrgyz Republic','Adrienland','Aliquid quas laborum nisi ea. Accusantium debitis aut perferendis corrupti id sequi fugiat. Ullam voluptatem perferendis sit voluptatem quaerat non. Quas beatae perferendis enim delectus neque aut qui.','2006-05-08 00:00:00','2005-02-05 00:00:00'),(93,'w','2009-06-29','Heard Island and McDonald Islands','Dietrichfurt','Quia quibusdam cumque nulla aliquam accusantium et omnis excepturi. Temporibus rerum qui totam. Et nesciunt debitis laudantium magnam.','1988-05-04 00:00:00','1975-01-11 00:00:00'),(94,'m','1993-10-31','Eritrea','Camilaberg','Enim aut et voluptatum omnis minima cupiditate placeat. Repellat et non quia rerum. Cupiditate nisi laudantium aut est id delectus. Mollitia vel rerum voluptate autem. Mollitia aperiam laudantium et porro enim neque quidem odit.','2006-06-19 00:00:00','2011-01-13 00:00:00'),(95,'w','1975-12-19','Lebanon','Wiegandport','Quia error et iusto nemo aut voluptate. Officiis esse sint et eos qui ullam. Ea et qui quidem ex cupiditate rerum quidem. Vero repellat impedit aperiam est dolore reprehenderit.','1972-08-06 00:00:00','1972-09-27 00:00:00'),(96,'m','1988-09-22','Trinidad and Tobago','East Millie','Ea exercitationem suscipit in tempore. In accusamus sed voluptas. Delectus saepe perferendis iusto perspiciatis. Rerum itaque accusamus qui distinctio.','2007-09-11 00:00:00','2002-03-17 00:00:00'),(97,'m','2002-04-28','Indonesia','North Laurettafort','Adipisci unde illum et architecto. Est vel neque ipsum quisquam eligendi. Est molestiae est non ea.','1998-09-28 00:00:00','1986-03-01 00:00:00'),(98,'w','2006-12-08','Turks and Caicos Islands','Lake Dustyshire','Quia sit animi ducimus perferendis ducimus ea neque magni. Voluptatem suscipit nam odit voluptas earum iure. Quis aut sunt rerum sapiente.','1989-08-12 00:00:00','2014-03-26 00:00:00'),(99,'w','1992-08-24','Estonia','Willmsland','Earum modi reprehenderit non adipisci in voluptas. Molestias iusto corrupti ab. Harum mollitia et nemo suscipit quia. Rerum dignissimos minima accusantium cumque. Nisi reprehenderit distinctio esse et recusandae deleniti.','2015-05-05 00:00:00','1993-02-23 00:00:00'),(100,'m','1998-07-19','Azerbaijan','Barrowsland','Qui consectetur sit vitae quas consequatur expedita vel. Ratione ut et dolorem inventore ducimus. Est dolorem maxime dicta enim voluptatibus dolores. Odit molestias aliquid sint dicta.','2009-12-17 00:00:00','2018-03-24 00:00:00'),(101,'w','2001-04-23','Barbados','Elouiseport','Consequatur vel eum laudantium amet. Ut ea laborum minus quis cumque est nesciunt. Cum consectetur debitis quas accusamus laboriosam vero. Quaerat ducimus est nesciunt laboriosam.','2012-06-12 00:00:00','1974-07-05 00:00:00'),(102,'m','1983-09-16','Japan','Caleville','Perspiciatis officiis et facere saepe quo. Explicabo pariatur tempore ab accusantium neque. Quia veritatis qui ipsam. A ducimus esse eos optio aut asperiores consectetur.','1971-01-12 00:00:00','1999-04-29 00:00:00'),(103,'m','2012-10-24','French Southern Territories','Lethaside','Eaque eius rerum illo inventore. Officiis sed molestiae eum sint. Voluptates in laudantium non maiores.','2007-02-11 00:00:00','2014-11-04 00:00:00'),(104,'m','2006-04-26','Togo','Faybury','Consequuntur corporis et exercitationem eum qui eum tempora. Libero et eius consequatur cum ut atque illo. Explicabo aut eius officia enim. Et et dolores sunt iste praesentium aut. Nobis autem rerum voluptas est.','2016-09-03 00:00:00','2008-11-08 00:00:00'),(105,'w','1993-08-17','Liechtenstein','West Kira','Deserunt repellendus ut possimus vero laborum quibusdam. Labore reiciendis vel consequatur sit est quis id. Maiores non perspiciatis iusto maxime et aliquam optio.','2011-07-07 00:00:00','1980-04-12 00:00:00'),(106,'w','2013-11-15','Lebanon','Koeppfort','Consequuntur deserunt fugiat velit sit vitae. Eligendi nemo in voluptas blanditiis. Suscipit sit consectetur dolor.','2016-01-28 00:00:00','1997-12-01 00:00:00'),(107,'w','1990-02-26','Ecuador','Alexandrineburgh','Sed molestias a aut aliquam. Voluptatum quis voluptates quo architecto voluptatem. Beatae et expedita est delectus facilis perferendis. Optio dolor quam dolor similique iste aut aliquid.','1988-12-09 00:00:00','1997-08-21 00:00:00'),(108,'w','1999-05-24','Hungary','Port Eloisa','Fugit hic deleniti est sequi ut totam aut. Magnam quasi unde porro magnam.','2014-09-15 00:00:00','1994-04-01 00:00:00'),(109,'m','2000-06-06','Japan','Dooleyville','Vel incidunt quo sint distinctio autem dolore voluptatem. Et facilis fuga sunt repellat aut recusandae. Vero id aspernatur cum odit et veniam nulla. Qui ea cumque aut.','1979-10-13 00:00:00','2010-01-27 00:00:00'),(110,'w','1991-12-25','Nigeria','New Jakayla','Amet fugit blanditiis iste nihil sed non. Tempora et quibusdam delectus praesentium aperiam nihil sit non. Ratione pariatur quaerat dolores ab aut. Distinctio voluptates aut ut dolorum commodi impedit.','2000-04-20 00:00:00','2004-02-10 00:00:00'),(111,'m','2003-07-02','Antigua and Barbuda','West Benedict','Aut eveniet et aut quae. Veritatis voluptas est excepturi sed. Officia minima quisquam sit reprehenderit unde temporibus. Saepe adipisci fugit est in et alias voluptas. Et architecto ut ipsum nemo illum.','1972-02-24 00:00:00','2005-01-29 00:00:00'),(112,'m','1997-08-10','French Polynesia','Littletown','Animi ab sunt pariatur quisquam. Aut sit est eligendi architecto. Quidem omnis ratione recusandae ea eum cum debitis.','1993-07-03 00:00:00','1973-04-15 00:00:00'),(113,'m','2010-03-07','Nauru','North Loisburgh','Vel omnis molestias qui dicta veritatis. Consequatur quis sit sint nostrum dolorum doloribus. Qui commodi ea illo architecto. Beatae non eos ex sint consequatur.','2008-12-23 00:00:00','1991-10-12 00:00:00'),(114,'m','1988-02-16','Papua New Guinea','South Marietta','Porro vero ut odio tenetur tenetur laudantium accusantium. Est qui possimus ab est. Soluta quos omnis qui consequuntur dolores. Quidem voluptas atque aliquid esse quia exercitationem. Autem eaque iste officia est et officiis.','2017-12-28 00:00:00','2017-05-26 00:00:00'),(115,'w','1976-07-19','Monaco','North Lucious','Magni perspiciatis illo dignissimos odio ab minima. Qui autem tempora quibusdam et voluptas. Labore temporibus voluptas ratione magni nisi.','2002-04-02 00:00:00','1982-04-15 00:00:00'),(116,'m','1971-08-12','Ethiopia','New Kelvinton','Officiis iure consequatur eveniet iusto quia. Ea iure optio voluptatem. Accusamus aut iste magnam perspiciatis. Molestiae fuga optio necessitatibus ex. Quod molestias dolor repudiandae consequuntur recusandae.','2005-06-25 00:00:00','1985-08-21 00:00:00'),(117,'w','1997-07-21','Saint Helena','Parisianfort','Iste aliquid sint maxime eum laborum sed. Enim ipsa et quod necessitatibus. Est aut iste porro in quo error. Aut eligendi sit possimus ut.','2012-01-04 00:00:00','1997-06-10 00:00:00'),(118,'m','2010-06-11','Holy See (Vatican City State)','New Henriettemouth','Ex facilis sed autem nisi facilis voluptate. Aut inventore voluptas explicabo. Reiciendis cum asperiores accusantium ab repellat est dolorum maiores.','2000-02-27 00:00:00','1985-03-25 00:00:00'),(119,'m','1987-03-06','Gambia','Lake Margiehaven','Aut sit aut ea repudiandae. Ipsa quod perspiciatis amet corporis aut. Aut veniam error accusantium natus veritatis. Optio nam eius atque minus fuga odio.','1998-03-25 00:00:00','2012-02-19 00:00:00'),(120,'m','2003-11-22','Saudi Arabia','New Gersonburgh','Eos assumenda omnis quas soluta. Dicta iusto et voluptates. Odit nesciunt accusamus inventore id voluptatum maiores soluta dolor. Sunt maiores ut facere voluptatum a.','2010-04-28 00:00:00','2012-10-10 00:00:00'),(121,'m','1997-06-30','Burundi','Lake Willyshire','Aut at odit eum in ut a dicta. A ratione tenetur qui perferendis qui.','2013-05-03 00:00:00','1981-03-07 00:00:00'),(122,'m','2019-07-05','Grenada','Port Nathaniel','Est amet non minus velit tenetur accusamus. Totam in quis voluptatum aut. Laborum ut cupiditate ea.','1986-02-22 00:00:00','1997-12-28 00:00:00'),(123,'m','1993-07-23','Macedonia','Port Nelliechester','Aut veniam necessitatibus veniam recusandae adipisci facilis dicta. Maxime minima enim consequatur maiores. Mollitia est deleniti nostrum est et incidunt labore. Soluta non dolorem tempora adipisci.','1976-02-02 00:00:00','1984-12-06 00:00:00'),(124,'m','2018-10-30','Micronesia','Port Quentinport','Nam sapiente et dolorem nemo non tempore ut. Est excepturi voluptas velit. Saepe labore doloremque quo eum modi voluptatem.','2007-08-16 00:00:00','1990-07-09 00:00:00'),(125,'w','1975-06-20','Tokelau','West Etha','Perferendis deleniti et ut accusantium doloremque ut. Labore et voluptatem minus rerum. Debitis voluptates quia nisi voluptatem culpa. Ut voluptatem fugit maiores.','2008-04-12 00:00:00','2006-10-14 00:00:00'),(126,'w','2006-08-28','Qatar','East Maximilian','Id nulla libero et itaque. Commodi incidunt quo ea consequuntur sit ipsa itaque dolor. Dolores accusantium consequatur eos doloribus aut.','1995-09-13 00:00:00','1986-06-06 00:00:00'),(127,'m','2003-12-20','Mexico','East Aniyahside','Veniam laborum aperiam nobis molestias aut id quibusdam culpa. Delectus facere magni rerum eligendi voluptatum eum itaque. Aut earum sunt architecto itaque eius qui. Illum aspernatur enim laboriosam iure molestiae.','1993-11-06 00:00:00','2019-02-04 00:00:00'),(128,'m','2014-05-14','Sao Tome and Principe','South Jorgeberg','Animi laborum ut aperiam quia dicta molestiae eius. Iure rem veritatis aut laudantium. Nam placeat quia expedita eaque asperiores et.','1972-08-04 00:00:00','2020-03-28 00:00:00'),(129,'m','1981-12-06','Gabon','Tiannabury','Quae ab nesciunt sunt voluptate inventore ut porro. Quae est autem eaque odio vel. Facilis quae tenetur sed expedita.','1999-06-19 00:00:00','1978-12-22 00:00:00'),(130,'m','1975-11-20','Guatemala','South Averyfurt','Rerum eos blanditiis est saepe debitis harum delectus. Mollitia aut id aut eos incidunt consequuntur. Illo aperiam eius quibusdam occaecati dolor.','1982-04-03 00:00:00','1974-09-03 00:00:00'),(131,'m','2001-05-27','Namibia','Georgiannafurt','Adipisci debitis nesciunt eius aut quia tenetur temporibus voluptatem. Sed dolorem aliquam inventore necessitatibus quis exercitationem. Molestias quam veniam aut vitae.','1985-08-03 00:00:00','1985-03-24 00:00:00'),(132,'m','2009-09-04','Switzerland','North Nolanborough','Ullam officiis perferendis omnis aliquam. Maxime sed quia illo excepturi magni exercitationem et.','1996-03-18 00:00:00','2016-04-15 00:00:00'),(133,'m','1976-07-16','Hong Kong','West Effietown','Numquam molestias beatae nihil autem velit mollitia. Tempore tenetur excepturi qui atque consequuntur aut. Ex accusamus ipsam facilis quaerat minus fuga eligendi voluptatem. Expedita dolores ullam corrupti dolor velit. Et eum facere architecto possimus.','1980-07-13 00:00:00','1971-08-03 00:00:00'),(134,'m','1981-12-28','Congo','Lonieside','Aut quis dolore neque eveniet. Aliquam eos rem ea asperiores. Hic voluptatem eaque quam voluptatum dolor sit. Placeat odit cupiditate quibusdam asperiores fugit.','2001-06-27 00:00:00','1980-10-28 00:00:00'),(135,'w','1995-09-14','Holy See (Vatican City State)','Minervaburgh','Voluptas officiis rerum consequatur doloremque. Dolorem voluptatem doloribus quis quia. Distinctio delectus veniam rerum consequatur.','1991-10-17 00:00:00','1973-06-24 00:00:00'),(136,'w','2013-01-01','Lebanon','Prosaccobury','Rerum quo voluptas ratione et alias consectetur. Rerum quis ea voluptatem inventore itaque fugiat magni minima. Modi adipisci vitae eligendi.','1982-12-08 00:00:00','2014-03-28 00:00:00'),(137,'m','1989-05-17','Nepal','New Aliya','Qui delectus possimus libero sint ea dolorum. Voluptates dolores aliquam ut nihil. Non eum a voluptas autem neque non. Iste aut sed odio nihil dolorum facere. Ea magnam quidem minima odio tempora.','2004-01-06 00:00:00','2002-03-23 00:00:00'),(138,'w','1973-03-01','New Zealand','Lowestad','Aperiam et hic aliquid. Placeat dolor est est voluptates laborum aut non. Commodi ea sit similique sunt.','1985-07-30 00:00:00','2012-01-05 00:00:00'),(139,'w','2013-06-03','Serbia','Kadinland','Eveniet deserunt necessitatibus aut. Aliquam iste quis ut. Quis fugiat quasi provident quia unde. Atque omnis ipsa eaque debitis eaque. Unde et a aut excepturi ut.','1981-08-07 00:00:00','2013-03-31 00:00:00'),(140,'m','1990-10-13','Poland','Port Brodyville','Ratione similique officiis deleniti quia distinctio nam. Voluptatem maiores pariatur velit commodi sint et. Earum amet quos temporibus quas aut aut laudantium. Quis quis rem sed repudiandae tenetur quaerat.','1982-10-10 00:00:00','2012-04-15 00:00:00'),(141,'w','1980-10-27','Saint Helena','Alejandraburgh','Eos consequatur eum ducimus est voluptatum quam ut omnis. Animi voluptatem repellat tempora minima est ab. Libero sapiente nulla fugiat ad. Vel a ad architecto incidunt cumque ab. Vel doloremque optio doloremque exercitationem.','2011-02-27 00:00:00','1986-07-30 00:00:00'),(142,'m','2017-05-10','Macedonia','West Leonardomouth','Eum dolores qui libero dignissimos iure nemo consequatur. Dolorem corrupti eaque expedita qui eaque deserunt error. Saepe fugiat esse ut maxime officia qui.','1985-07-10 00:00:00','1979-06-13 00:00:00'),(143,'w','2004-01-10','China','Rainahaven','Cupiditate quasi iure placeat voluptatem facilis. Tempore sint et qui debitis accusamus praesentium. Ut quisquam non voluptatem aut mollitia.','1973-12-23 00:00:00','1997-04-29 00:00:00'),(144,'m','2006-09-15','Switzerland','Rathmouth','Et amet soluta voluptas corporis. Voluptates perferendis error perspiciatis nisi velit natus. Alias dolor facere quos esse. Dicta et et atque voluptatem dolore ratione iusto.','1983-03-19 00:00:00','2005-08-26 00:00:00'),(145,'m','2001-03-26','Fiji','Lake Rylanside','Quia ad quia modi quo voluptatum. Eum nemo provident numquam. Ullam sapiente molestiae modi laboriosam officiis veritatis laudantium. Sed incidunt perferendis et eum sunt.','2011-07-13 00:00:00','2020-05-10 00:00:00'),(146,'w','1976-10-09','Anguilla','Andersonside','Perspiciatis natus exercitationem voluptatem quaerat eum architecto. Amet et at quod ab ut at. Consectetur est voluptate aut suscipit enim odit consequatur sit. Qui sint cum sunt dolores et.','1993-04-27 00:00:00','2005-09-13 00:00:00'),(147,'w','2002-04-15','Angola','East Helmer','Quod aut aut optio vel et aut occaecati. Consequatur possimus et dolorum non et rerum. Corrupti aspernatur eos repellat omnis dolor voluptas corporis. In provident laboriosam odio voluptate veritatis. Voluptatum aliquid neque quidem repudiandae mollitia co','2018-10-29 00:00:00','1987-05-21 00:00:00'),(148,'m','1997-04-09','Bahamas','New Eva','Laboriosam voluptatibus molestias quos modi neque nihil dolorem. Quae voluptatem voluptatem expedita minima officiis cupiditate quo architecto. Sed atque ut officiis.','2012-07-02 00:00:00','1987-07-28 00:00:00'),(149,'m','2012-03-09','Antigua and Barbuda','North Charlenemouth','Consequuntur quaerat et tenetur aliquam. Fugiat sunt in voluptas non ipsa nemo. Sit praesentium debitis sequi pariatur.','1986-10-22 00:00:00','2006-03-01 00:00:00'),(150,'w','1982-05-23','Martinique','North Michealstad','Dicta esse doloremque a ea tempora. Ea natus nihil vero amet. Sunt sint non aspernatur nisi impedit.','1976-01-03 00:00:00','1987-01-20 00:00:00'),(151,'m','2006-06-02','Gambia','Lake Marina','Dolorem amet asperiores nihil. Et quis error eaque et. Consequatur ipsam quia sunt odit. Voluptas pariatur suscipit velit quis. Nesciunt ut est aperiam alias et tenetur.','1988-12-09 00:00:00','2017-09-03 00:00:00'),(152,'w','1992-11-20','Saint Helena','West Verdie','Laboriosam dolores unde et aliquam. Est et exercitationem voluptatem ipsam. Tempore eos et quia quia aut non delectus.','2007-12-12 00:00:00','1992-07-09 00:00:00'),(153,'m','2012-05-02','Samoa','Lemkehaven','Quia ut deserunt iste natus eligendi. Cupiditate maxime sit perferendis commodi sit. In suscipit voluptatibus iure vitae voluptates vel est possimus.','2014-01-15 00:00:00','1971-12-04 00:00:00'),(154,'m','2006-04-24','British Indian Ocean Territory (Chagos Archipelago)','Port Haskellmouth','Odit occaecati et minima incidunt voluptatem praesentium aut molestiae. Repellat temporibus a aut enim. Saepe sunt et corporis voluptas consequatur tempore.','1999-01-25 00:00:00','1990-03-27 00:00:00'),(155,'m','1975-05-03','Anguilla','East Babymouth','Blanditiis laborum delectus delectus similique labore aut. Error error molestiae quidem sapiente eius. Aut dolorum nisi omnis et optio hic molestiae doloremque.','2016-10-04 00:00:00','1975-03-13 00:00:00'),(156,'m','1994-01-25','Mayotte','North Jaron','Aspernatur autem nam dolores voluptatibus ex. Tempore recusandae placeat consequuntur quia. Praesentium dolores voluptates quis mollitia atque aut eos. Similique provident et reiciendis sed sit eos.','2003-08-30 00:00:00','2005-01-29 00:00:00'),(157,'w','1989-02-18','United Arab Emirates','Billburgh','Rem placeat aliquam cupiditate voluptate et reprehenderit. Voluptatem iure sapiente ut deleniti rem nesciunt voluptatibus voluptatem. Molestias explicabo fugit iure dolor sit. Dolor impedit magni quia aut eos.','1985-10-26 00:00:00','2001-06-17 00:00:00'),(158,'m','1984-01-02','Cote d\'Ivoire','New Elodymouth','Illum dicta praesentium inventore harum a aut. Quibusdam nulla unde ipsam vero. Consequatur fuga ipsum qui explicabo cupiditate laborum est. Sit repudiandae unde tempore aliquid et delectus dolores.','2004-03-07 00:00:00','2015-10-24 00:00:00'),(159,'w','1999-07-03','San Marino','South Arturo','Non adipisci non qui quibusdam ullam. Sapiente sint voluptatem eligendi. Est voluptatum non sint cum adipisci expedita.','2007-03-29 00:00:00','2013-12-22 00:00:00'),(160,'w','1987-08-10','Cook Islands','Mozellemouth','Voluptas qui et labore. Iusto maiores eum exercitationem voluptatem voluptatem quam. Ut voluptates molestiae eaque dicta iure hic est. Quis minus minus qui ut hic eos.','1998-04-25 00:00:00','1971-01-26 00:00:00'),(161,'w','1979-02-15','Trinidad and Tobago','North Adrienneview','Placeat necessitatibus pariatur optio. Repudiandae et soluta ad beatae velit et a voluptatibus. Sit accusamus minus quaerat animi ipsam voluptatem. Deserunt praesentium et nam rerum.','1986-04-21 00:00:00','1971-05-13 00:00:00'),(162,'m','1994-01-20','Guatemala','Faefurt','Ab sit porro nostrum dolorem quia velit. Quasi eum ut magnam reprehenderit. Sit omnis ducimus porro inventore asperiores et aut. Sequi eveniet sit assumenda impedit quo.','2019-06-14 00:00:00','1982-07-30 00:00:00'),(163,'w','1993-08-24','Singapore','Mckaylaborough','At ut modi omnis quaerat quos ullam tenetur. Et amet tempore unde nam est officiis. Quasi ullam voluptates cumque sit.','2013-02-06 00:00:00','1994-03-09 00:00:00'),(164,'m','1979-10-26','Dominica','New Macchester','Aperiam consequuntur non accusantium a. Nulla expedita est commodi dolorem. In at numquam corrupti accusamus blanditiis sit aut. Pariatur cupiditate voluptatem rerum commodi.','2018-10-30 00:00:00','1993-03-06 00:00:00'),(165,'m','1972-07-11','Mauritius','Lake Kaylin','Consectetur cumque consectetur ut nulla veritatis. Fugiat sequi est maiores voluptas veritatis nostrum culpa.','2013-03-17 00:00:00','2000-08-30 00:00:00'),(166,'m','1972-02-26','Guinea-Bissau','Clairefort','Aspernatur eveniet facilis consequatur quis autem hic ea ut. Sed eos ut itaque nesciunt eaque. In omnis impedit et dolorem. Odio sunt ut nesciunt minus eius.','1971-11-30 00:00:00','1983-07-09 00:00:00'),(167,'w','1998-05-12','Niger','Port Danyka','Dolores cumque dolores voluptatem error. Qui in consequatur quas. Omnis incidunt numquam et vitae nam perspiciatis. Velit explicabo numquam nostrum recusandae.','2009-05-22 00:00:00','2013-11-26 00:00:00'),(168,'w','1979-11-10','Ethiopia','Lake Arely','Quas ut quasi eos ut. In qui velit vel quaerat. Quia ut et ipsam aperiam delectus voluptatem consequatur.','1990-03-17 00:00:00','1987-12-05 00:00:00'),(169,'m','1980-03-19','Korea','Dietrichbury','Sunt in sint sit est nihil aperiam quia. Eveniet quis quam dolore assumenda. Aperiam sunt delectus dolore dignissimos pariatur iusto.','1976-05-07 00:00:00','1992-06-08 00:00:00'),(170,'m','1977-06-06','Libyan Arab Jamahiriya','Joanafort','Aspernatur dolor in iste distinctio at quo tempora voluptates. Et expedita vero magnam quod omnis aspernatur.','2017-05-14 00:00:00','1995-11-29 00:00:00'),(171,'m','1999-07-20','Saint Pierre and Miquelon','Davonteburgh','Sit beatae eum laudantium neque. Aspernatur et aut deleniti et asperiores rem. Error rerum optio reiciendis porro consequatur repellat et ut. Quod tempore voluptas accusantium debitis est.','2014-10-31 00:00:00','1993-05-14 00:00:00'),(172,'m','2002-08-25','Libyan Arab Jamahiriya','Nathanielport','Rerum necessitatibus aliquam enim architecto illo ea. Magni incidunt incidunt sed nulla ratione voluptatem aut. Nihil magnam magnam et voluptatem ipsa. Amet eligendi et ducimus id repudiandae harum.','2009-01-26 00:00:00','1987-01-20 00:00:00'),(173,'w','2002-01-30','Ecuador','Port Noemiton','Eos qui beatae quia esse autem sequi. Non suscipit rerum omnis neque. Et facilis eum et perspiciatis quia incidunt. Aut debitis assumenda ut beatae.','1986-11-24 00:00:00','2001-11-02 00:00:00'),(174,'m','1997-08-06','Holy See (Vatican City State)','South Savannahborough','Est qui saepe eos excepturi et. Autem accusantium ipsa ut. Error tempora nulla et quia commodi molestiae autem.','1992-07-24 00:00:00','2000-09-25 00:00:00'),(175,'w','1979-12-03','Croatia','Lake Lonmouth','Quasi magnam architecto sit ex. Libero mollitia est aperiam. Expedita illum quia voluptas occaecati veniam quidem consequuntur. Pariatur vel labore voluptatibus iusto quas suscipit nisi illum.','1971-06-10 00:00:00','1973-10-01 00:00:00'),(176,'w','2018-12-04','Jamaica','North Liafort','Et quo autem itaque animi quis id expedita. Ad ut ipsa atque nam eius sit. Sapiente itaque possimus voluptatem consequuntur. In necessitatibus et atque aut quod. Ut similique in sapiente beatae sapiente veritatis.','2003-09-15 00:00:00','2012-03-28 00:00:00'),(177,'w','1982-03-09','British Virgin Islands','Port Monteport','Nulla quia saepe labore ut consectetur ut. Sed doloremque dolor eos. Rerum veniam fugiat eum incidunt sint qui.','1992-01-17 00:00:00','1982-10-08 00:00:00'),(178,'m','2014-02-12','Greece','Amiebury','Quia dolor non et aut cupiditate error quia. Et deleniti aperiam eos doloribus similique. Occaecati quas et facere qui sapiente repellendus dolores. Et rerum beatae quibusdam.','2017-11-15 00:00:00','2013-09-18 00:00:00'),(179,'w','1979-05-23','Djibouti','Pfannerstillchester','Placeat eum aspernatur aspernatur odio voluptates. Sit qui id autem. Sint adipisci eaque earum quisquam repellat numquam rerum. Excepturi explicabo saepe mollitia doloribus possimus tempore et.','1991-06-07 00:00:00','2017-07-29 00:00:00'),(180,'w','1973-05-11','Eritrea','Beckerberg','Distinctio dignissimos sit ut voluptatem similique. Reprehenderit enim molestias dolorem consectetur temporibus non eum quibusdam. Maxime facere non autem ipsam saepe. Nostrum rerum quas rerum ratione vero.','1976-09-26 00:00:00','1990-03-23 00:00:00'),(181,'m','1971-10-03','China','Lake Shanieburgh','Saepe voluptatem assumenda quas quas vel non enim. Ratione modi ea exercitationem quidem sint alias. Est officiis possimus est qui sit odio.','2000-08-21 00:00:00','2006-10-14 00:00:00'),(182,'m','1986-03-12','Sweden','Guillermotown','Qui sint eum in facere ut accusamus dolores dolor. Laudantium ex autem est et autem nihil. Fugiat aut quis laborum.','1998-07-03 00:00:00','1986-06-18 00:00:00'),(183,'w','2004-03-07','Tokelau','Port Janetview','Eos aut magnam quos aut ut voluptas aut. Saepe fuga facilis molestiae nihil dolorem. Aut voluptas tenetur quidem pariatur occaecati.','2001-08-29 00:00:00','1996-01-25 00:00:00'),(184,'w','2002-02-17','Northern Mariana Islands','Rudolphside','Animi deleniti consequatur quo placeat ducimus libero alias. Aperiam doloremque deserunt adipisci vel. Quis minus quibusdam perferendis ea. Nam accusamus aperiam sed magnam. Quo voluptatem ullam et et officiis animi.','2007-05-13 00:00:00','1979-09-09 00:00:00'),(185,'m','1989-06-14','Samoa','O\'Keefebury','Velit voluptatem iste possimus et. Vitae error culpa aliquid aliquam similique odio ut consequatur. Laudantium voluptatem qui qui architecto explicabo velit sunt. Voluptas vel rerum aut non voluptates quia quisquam.','2020-03-06 00:00:00','1977-08-27 00:00:00'),(186,'w','2020-01-11','Czech Republic','North Rebekahton','Laboriosam ullam id laboriosam et possimus. Excepturi pariatur nihil alias voluptatem ut.','2003-04-01 00:00:00','1996-01-07 00:00:00'),(187,'w','2003-04-07','Tonga','O\'Connellstad','Ullam necessitatibus provident rem nemo sit id deleniti. Modi soluta inventore est. Eaque doloremque rerum velit ducimus vitae dignissimos eaque voluptatem.','2001-08-16 00:00:00','2011-05-15 00:00:00'),(188,'m','1978-05-21','Denmark','Rennerstad','Molestias nesciunt voluptas non ut et. Et quo inventore iusto alias ut. Ipsa iure ducimus provident laboriosam impedit nulla et. Aut aspernatur tenetur rerum nihil omnis nam.','1988-08-06 00:00:00','1987-06-06 00:00:00'),(189,'m','1989-03-12','Anguilla','Rebeccamouth','Error unde recusandae veniam explicabo. Aut sint non beatae sit sunt cumque. Quas quo ut id nemo. Qui qui nostrum ipsa recusandae reiciendis autem aut. Dolor explicabo consequuntur deleniti fugit illo.','2014-08-18 00:00:00','1980-01-11 00:00:00'),(190,'m','1990-08-30','Azerbaijan','New Bryce','Iste cumque atque deserunt dolores explicabo debitis. Rerum aperiam architecto dolorem voluptates est exercitationem. Architecto consequuntur qui quas. Autem suscipit praesentium amet itaque voluptatem ut.','1982-03-22 00:00:00','2017-04-04 00:00:00'),(191,'w','1972-03-26','Svalbard & Jan Mayen Islands','Port Emmanuellechester','Ut quis suscipit molestiae nulla. Quia molestias molestiae dolorum est voluptatem.','1981-11-28 00:00:00','2019-02-20 00:00:00'),(192,'m','1997-01-27','France','South Jodieside','Error ea dolorum doloribus dolorum. Quisquam itaque cumque voluptate aut. Nesciunt eligendi molestiae ad pariatur odit voluptas fugiat.','1993-12-20 00:00:00','1981-08-20 00:00:00'),(193,'m','2008-06-26','Korea','Devanburgh','Fuga et aut qui repellat voluptas sed sed. Officiis impedit consequuntur aut temporibus voluptates beatae at. Cupiditate ex quam nisi laudantium optio laborum quibusdam.','1993-11-26 00:00:00','1990-11-29 00:00:00'),(194,'w','1988-09-13','Antarctica (the territory South of 60 deg S)','Reichelland','Impedit ut voluptatem esse atque in eligendi. Dolores id quae magni qui laboriosam. Quia sed dolores cupiditate ut aspernatur nisi qui.','1999-07-03 00:00:00','1980-06-22 00:00:00'),(195,'m','2014-01-24','United States of America','Kutchton','Facere quis sequi rerum. Voluptatem culpa consequatur quisquam nemo. Numquam voluptates qui ut laboriosam vero. Magnam aliquam voluptas rerum.','1994-11-28 00:00:00','1978-04-23 00:00:00'),(196,'m','2005-10-30','Mozambique','East Savionside','Tempora voluptatem consequatur atque sit doloribus accusamus sit. Et modi fuga et voluptatem aliquid libero laborum. Dignissimos consequatur numquam maxime nesciunt nesciunt. Voluptas laboriosam eius fugiat. Molestias unde aut aut ut nemo consequatur at.','1980-09-12 00:00:00','1986-01-25 00:00:00'),(197,'w','2018-02-22','Singapore','Skyechester','Ut autem soluta molestiae cumque iure non. Iure vel dolore quasi rem saepe vel accusantium. Quod perspiciatis aliquam non aliquam asperiores est ipsa impedit. Facere doloremque harum quisquam nesciunt.','1973-11-17 00:00:00','1980-09-02 00:00:00'),(198,'w','1975-03-30','Yemen','Balistreriside','Accusamus explicabo non dignissimos ut. Recusandae sunt doloremque asperiores enim. Voluptate culpa enim suscipit dolores et distinctio similique. Provident voluptatem eos eaque tempore non voluptatem. Et accusamus ullam dolorem ipsa adipisci sit.','1988-09-01 00:00:00','2000-05-17 00:00:00'),(199,'m','1974-07-04','British Virgin Islands','Boylestad','Velit animi accusantium ut. Sed fuga ex qui sed dicta nobis dignissimos neque. Aut ipsum voluptatem vitae eius repellat eos veniam et.','1985-09-11 00:00:00','1971-07-20 00:00:00'),(200,'m','2017-12-17','France','New Jovanibury','Similique non et excepturi dolor architecto. Et eum facilis est fugiat ut. Omnis doloremque ullam et maxime et illo ullam. Delectus soluta perferendis sunt officia aut nemo.','2007-10-08 00:00:00','1973-02-11 00:00:00');
/*!40000 ALTER TABLE `profile_readers` ENABLE KEYS */;
UNLOCK TABLES;

--
-- Table structure for table `publishing_company`
--

DROP TABLE IF EXISTS `publishing_company`;
/*!40101 SET @saved_cs_client     = @@character_set_client */;
/*!50503 SET character_set_client = utf8mb4 */;
CREATE TABLE `publishing_company` (
  `id` int unsigned NOT NULL AUTO_INCREMENT,
  `name_company` varchar(100) CHARACTER SET utf8 COLLATE utf8_unicode_ci NOT NULL,
  `email` varchar(50) CHARACTER SET utf8 COLLATE utf8_unicode_ci DEFAULT NULL,
  `phone` varchar(10) CHARACTER SET utf8 COLLATE utf8_unicode_ci DEFAULT NULL,
  `house_number` varchar(10) CHARACTER SET utf8 COLLATE utf8_unicode_ci DEFAULT NULL,
  `street` varchar(100) CHARACTER SET utf8 COLLATE utf8_unicode_ci DEFAULT NULL,
  `city` varchar(100) CHARACTER SET utf8 COLLATE utf8_unicode_ci DEFAULT NULL,
  `country` varchar(100) CHARACTER SET utf8 COLLATE utf8_unicode_ci DEFAULT NULL,
  `contact_person` varchar(100) CHARACTER SET utf8 COLLATE utf8_unicode_ci DEFAULT NULL,
  `created_at` datetime DEFAULT CURRENT_TIMESTAMP,
  `updated_at` datetime DEFAULT CURRENT_TIMESTAMP ON UPDATE CURRENT_TIMESTAMP,
  PRIMARY KEY (`id`),
  KEY `publishing_company_name_company_idx` (`name_company`)
) ENGINE=InnoDB AUTO_INCREMENT=11 DEFAULT CHARSET=utf8 COLLATE=utf8_unicode_ci;
/*!40101 SET character_set_client = @saved_cs_client */;

--
-- Dumping data for table `publishing_company`
--

LOCK TABLES `publishing_company` WRITE;
/*!40000 ALTER TABLE `publishing_company` DISABLE KEYS */;
INSERT INTO `publishing_company` VALUES (1,'',NULL,NULL,NULL,NULL,NULL,NULL,NULL,'1970-03-29 04:32:06','2016-04-12 02:10:14'),(2,'Schmeler-Pollich','marguerite13@example.com','249.545.73','3851','Armstrong Pass','New Layne','United Kingdom','Ortiz','2016-03-29 04:32:06','1970-04-12 02:10:14'),(3,'Watsica-Schulist','bauch.francisco@example.net','529.826.63','9','Wunsch Drive','Uptonside','Chile','Ortiz','1998-04-25 18:09:04','2006-12-30 22:36:06'),(4,'Lubowitz, Kshlerin and Murphy','schumm.elizabeth@example.net','545.901.72','115549694','Fisher Walks','West Stanfordchester','Nigeria','Pollich','2018-12-13 22:34:47','1983-09-04 13:42:16'),(5,'Beatty Group','vbartell@example.com','+26(6)1946','3613913','Bianka Loop','Effertzport','Swaziland','Ondricka','1994-02-25 10:03:29','2006-02-28 07:48:49'),(6,'McDermott, Farrell and Streich','qspencer@example.org','1-111-121-','8817059','Ocie Forge','Port Myrticemouth','Costa Rica','Jacobson','1992-09-23 10:00:09','2017-07-26 16:00:29'),(7,'Lubowitz and Sons','smurazik@example.net','292.190.41','8','Corkery Parks','West Wilbertshire','Pitcairn Islands','Gorczany','1971-06-19 13:46:24','1989-07-31 12:24:23'),(8,'Moen, Buckridge and Keeling','prosacco.alanna@example.net','(111)314-6','73','Lesly Centers','Breitenbergton','Venezuela','Hahn','1973-03-09 00:26:50','1986-06-26 17:33:00'),(9,'Prohaska, Bahringer and Lang','thora.dickinson@example.net','389-819-53','33','Zackary Lane','South Baylee','Malawi','Lakin','1972-10-27 19:15:33','1981-04-19 01:12:18'),(10,'Conroy, Abshire and Schowalter','runolfsson.cullen@example.org','629.374.76','7531540','Waelchi Trail','East Darylfurt','Haiti','Schamberger','2017-01-28 07:45:33','2018-11-02 12:58:56');
/*!40000 ALTER TABLE `publishing_company` ENABLE KEYS */;
UNLOCK TABLES;

--
-- Table structure for table `readers`
--

DROP TABLE IF EXISTS `readers`;
/*!40101 SET @saved_cs_client     = @@character_set_client */;
/*!50503 SET character_set_client = utf8mb4 */;
CREATE TABLE `readers` (
  `id` int unsigned NOT NULL AUTO_INCREMENT,
  `first_name` varchar(20) CHARACTER SET utf8 COLLATE utf8_unicode_ci NOT NULL,
  `last_name` varchar(50) CHARACTER SET utf8 COLLATE utf8_unicode_ci NOT NULL,
  `email` varchar(50) CHARACTER SET utf8 COLLATE utf8_unicode_ci NOT NULL,
  `created_at` datetime DEFAULT CURRENT_TIMESTAMP,
  `updated_at` datetime DEFAULT CURRENT_TIMESTAMP ON UPDATE CURRENT_TIMESTAMP,
  PRIMARY KEY (`id`),
  UNIQUE KEY `email` (`email`)
) ENGINE=InnoDB AUTO_INCREMENT=201 DEFAULT CHARSET=utf8 COLLATE=utf8_unicode_ci;
/*!40101 SET character_set_client = @saved_cs_client */;

--
-- Dumping data for table `readers`
--

LOCK TABLES `readers` WRITE;
/*!40000 ALTER TABLE `readers` DISABLE KEYS */;
INSERT INTO `readers` VALUES (1,'Kenna','Heathcote','aschinner@example.org','2019-07-12 19:22:23','2012-11-02 21:46:55'),(2,'Carmine','Crooks','lkoch@example.org','2018-08-30 17:51:16','2015-05-06 20:27:26'),(3,'Alexandria','Gerhold','bconroy@example.net','2016-09-09 12:40:05','2018-11-29 23:58:00'),(4,'Scot','Koelpin','olson.aric@example.net','2012-03-09 09:25:22','2014-04-07 10:55:54'),(5,'Patricia','Luettgen','karson.paucek@example.net','2013-03-23 20:07:14','2018-09-21 01:20:23'),(6,'Kevon','Kuhlman','annabell.blick@example.com','2015-06-17 19:47:52','2013-05-15 11:51:33'),(7,'Alfredo','Leannon','ava09@example.net','2013-02-14 10:05:01','2019-08-27 00:34:35'),(8,'Roel','Heaney','harvey.mason@example.com','2019-08-12 00:18:45','2012-02-03 20:23:50'),(9,'Andreanne','Prohaska','hilpert.greta@example.org','2020-04-30 22:06:38','2014-10-02 20:19:06'),(10,'Ofelia','Boehm','ovolkman@example.com','2013-01-13 06:00:57','2019-08-24 00:52:45'),(11,'Francis','Watsica','wkemmer@example.org','2010-06-30 17:47:44','2015-08-24 16:43:50'),(12,'Athena','Huel','carli22@example.com','2018-09-26 11:27:49','2018-07-16 02:12:02'),(13,'Gerardo','Boyer','rrowe@example.net','2015-10-06 17:54:56','2017-01-27 02:06:05'),(14,'Jerel','Bode','wilfred.schumm@example.com','2019-09-01 20:15:34','2013-03-14 07:33:12'),(15,'Isom','Hauck','armani09@example.com','2015-03-10 19:12:22','2016-07-24 12:00:33'),(16,'Buford','Hahn','mavis07@example.org','2014-05-20 20:37:06','2012-03-06 09:49:13'),(17,'Shaina','Luettgen','schoen.alanis@example.org','2010-09-04 07:29:52','2011-03-13 21:47:33'),(18,'Annamae','Gulgowski','oceane74@example.net','2015-01-01 22:55:14','2012-01-03 16:49:15'),(19,'Haylie','Hand','mupton@example.org','2017-06-19 10:39:59','2016-07-04 23:52:22'),(20,'Emiliano','Morissette','runte.mallory@example.com','2016-02-15 11:47:46','2016-03-27 00:22:59'),(21,'Mandy','Conn','mheidenreich@example.org','2010-09-28 16:07:37','2015-09-05 23:53:49'),(22,'Camden','Stokes','nstanton@example.org','2018-08-18 16:33:42','2017-10-25 11:29:31'),(23,'Floy','Murphy','ali.dickinson@example.org','2017-11-01 23:18:41','2011-03-08 10:09:55'),(24,'Luigi','O\'Conner','suzanne81@example.net','2019-06-18 06:31:44','2015-03-21 13:48:20'),(25,'Peggie','Heller','pagac.madilyn@example.net','2013-08-08 16:04:41','2019-12-23 04:47:34'),(26,'Brendon','Farrell','sasha.nienow@example.com','2014-07-27 10:25:34','2019-02-27 22:29:21'),(27,'Meggie','Considine','dietrich.pablo@example.org','2015-10-08 16:42:50','2017-10-02 20:57:00'),(28,'Anabelle','Deckow','cormier.helene@example.com','2011-09-12 20:13:11','2016-04-08 05:45:22'),(29,'Lucienne','Cummerata','annette.langosh@example.net','2016-05-05 08:26:49','2016-04-21 23:46:24'),(30,'Cecile','Heller','ischneider@example.org','2019-11-20 05:18:23','2019-05-04 16:21:29'),(31,'Domenick','Rath','cartwright.monserrat@example.com','2016-02-21 01:31:30','2015-05-21 20:23:21'),(32,'Laverna','Adams','reynold32@example.com','2014-04-20 10:32:54','2018-07-09 17:20:12'),(33,'Lawson','Boyle','porter64@example.net','2015-03-31 22:54:19','2017-01-23 11:46:57'),(34,'Merlin','Paucek','antwon21@example.net','2011-06-10 15:17:54','2020-05-04 20:38:28'),(35,'Maureen','Lehner','elfrieda.abbott@example.net','2014-08-24 22:27:16','2018-05-22 13:06:19'),(36,'Jane','Schultz','florida.boyle@example.net','2014-11-01 12:00:38','2012-01-28 19:07:39'),(37,'Kaleb','Goldner','delores.sawayn@example.com','2017-07-06 03:00:59','2019-06-03 09:05:44'),(38,'Kayla','Gaylord','archibald.gusikowski@example.com','2017-04-30 22:23:16','2020-02-03 02:24:50'),(39,'Kayley','Kutch','briana43@example.org','2015-02-20 05:10:09','2018-05-22 22:15:34'),(40,'Mariah','Goodwin','oblanda@example.net','2020-02-16 14:36:40','2019-01-06 10:31:01'),(41,'Kirk','O\'Kon','kgrady@example.com','2015-06-14 00:27:12','2014-12-14 08:40:28'),(42,'Joshuah','Romaguera','juwan.jaskolski@example.org','2015-08-17 02:10:57','2013-11-15 03:07:25'),(43,'Kyra','Cummings','doyle.prince@example.org','2016-06-12 11:41:44','2018-09-05 02:28:53'),(44,'Salvador','Batz','arely.schaefer@example.net','2014-02-02 18:14:14','2014-08-11 03:05:09'),(45,'Mae','Zieme','heller.virgil@example.net','2014-09-11 18:19:24','2014-04-22 09:12:51'),(46,'Lila','Erdman','alf.marks@example.com','2011-09-10 23:00:26','2013-07-02 01:20:37'),(47,'Leland','Upton','karina.stanton@example.net','2018-11-02 18:36:22','2016-01-16 02:02:53'),(48,'Roberta','Hahn','legros.elise@example.org','2020-05-11 15:19:23','2017-09-29 18:27:33'),(49,'Yazmin','Kulas','bsenger@example.com','2019-01-23 18:41:55','2014-11-19 19:47:27'),(50,'Alex','Wyman','tyra44@example.net','2011-06-13 13:31:08','2016-10-26 11:10:05'),(51,'Karlie','Dickinson','mann.shawn@example.org','2018-11-14 03:44:42','2018-05-31 14:23:48'),(52,'Tiffany','Auer','alene00@example.com','2015-07-17 13:24:36','2014-04-01 01:00:30'),(53,'Aurelie','Hermann','sterling.nienow@example.com','2015-06-02 08:50:50','2014-11-20 06:35:10'),(54,'Michelle','Stoltenberg','heaven57@example.net','2016-10-02 11:33:54','2014-06-28 17:23:48'),(55,'Krista','Walsh','jana.kozey@example.com','2015-01-06 01:48:58','2011-09-30 11:44:07'),(56,'Alva','Douglas','jalyn.kuphal@example.net','2013-02-07 20:11:47','2019-09-28 05:25:11'),(57,'Makenzie','Halvorson','pshanahan@example.com','2012-11-16 10:28:38','2011-01-26 16:00:51'),(58,'Catalina','Rogahn','josiane72@example.net','2010-09-17 17:14:48','2019-01-12 07:58:06'),(59,'Tavares','Jast','nelle.bednar@example.com','2019-02-18 13:09:17','2017-05-07 18:15:11'),(60,'Clement','Howell','wilton.deckow@example.org','2015-08-16 11:48:00','2015-10-09 11:14:32'),(61,'Jaydon','Braun','bashirian.jaeden@example.net','2015-05-06 23:32:58','2015-09-15 17:49:47'),(62,'Daron','Vandervort','daija.fisher@example.net','2011-01-20 06:25:56','2013-09-08 18:37:24'),(63,'Leonor','Cremin','barton.colt@example.org','2018-06-25 13:07:43','2019-10-11 19:02:08'),(64,'Cleveland','Kulas','lbosco@example.org','2011-02-02 10:45:34','2011-03-27 22:29:12'),(65,'Valentine','Harris','emmitt84@example.com','2011-07-14 08:50:07','2019-01-25 19:16:34'),(66,'Danyka','Hoeger','pkshlerin@example.org','2017-05-23 20:12:13','2019-10-24 19:16:33'),(67,'Cortney','Powlowski','jany98@example.org','2014-05-29 01:01:52','2017-03-11 11:28:10'),(68,'Reed','O\'Kon','torp.bart@example.net','2020-02-09 22:55:29','2012-05-16 07:12:24'),(69,'Garrett','Davis','maxime.roob@example.org','2013-05-03 23:59:53','2014-01-12 13:12:06'),(70,'Monique','Schmidt','freichel@example.net','2010-07-13 10:34:32','2013-03-01 18:12:50'),(71,'Eda','Moore','imaggio@example.com','2014-09-09 12:07:40','2011-06-08 17:00:40'),(72,'Lue','Blanda','davion.monahan@example.net','2010-11-23 03:47:56','2010-07-16 08:07:16'),(73,'Paige','Goldner','zboncak.verla@example.org','2014-05-20 20:26:36','2018-08-02 07:58:52'),(74,'Ernestine','Bashirian','nspencer@example.org','2017-06-12 13:38:37','2013-06-27 05:40:08'),(75,'Jerry','Rowe','lucy.wolff@example.net','2016-08-01 12:24:31','2017-09-11 13:52:55'),(76,'Dennis','Monahan','sheidenreich@example.net','2017-06-18 22:07:32','2018-01-13 13:59:04'),(77,'Karlie','Pacocha','eduardo.mckenzie@example.com','2016-11-21 05:17:13','2017-05-11 02:00:55'),(78,'Jude','Friesen','crona.lucinda@example.com','2014-09-07 04:08:16','2016-09-23 16:00:59'),(79,'Wallace','Moore','willms.margie@example.com','2019-09-30 09:35:14','2015-12-24 17:21:14'),(80,'Nora','Carter','flindgren@example.com','2012-06-24 02:00:52','2016-06-25 17:13:57'),(81,'Ruben','Hoeger','abdullah.o\'hara@example.com','2012-01-14 04:45:34','2014-05-06 12:09:16'),(82,'Lazaro','Koch','tobin.nitzsche@example.net','2014-12-20 15:00:11','2012-06-27 08:23:47'),(83,'Vicenta','Yost','marcia.mills@example.com','2013-10-14 10:14:06','2019-10-24 04:49:32'),(84,'Frederique','McClure','gideon05@example.net','2013-02-02 17:34:06','2017-03-14 02:15:29'),(85,'Myles','Brakus','myrtie.weber@example.org','2019-12-26 13:58:24','2013-02-25 20:44:49'),(86,'Annette','Walter','tmayer@example.com','2013-09-27 12:11:04','2014-07-20 03:14:14'),(87,'Dillon','Frami','buckridge.leilani@example.net','2010-09-13 14:51:51','2016-07-25 17:30:41'),(88,'Myrl','Heaney','guido70@example.com','2016-07-01 17:57:49','2017-03-02 12:13:28'),(89,'Uriel','Parker','terry.rosario@example.org','2013-09-01 15:06:17','2019-02-02 15:43:11'),(90,'Gladys','Boehm','adell.ondricka@example.org','2010-10-19 12:08:41','2018-05-24 06:34:42'),(91,'Jaycee','Balistreri','goldner.tess@example.net','2019-09-28 11:23:30','2018-06-27 15:30:31'),(92,'Roberta','Lueilwitz','mustafa15@example.com','2015-01-04 11:55:40','2013-11-12 14:08:40'),(93,'Santa','Hettinger','gutkowski.buster@example.com','2017-09-26 12:19:38','2018-09-15 23:51:54'),(94,'Gloria','Walker','porter96@example.com','2011-10-04 12:11:36','2019-08-11 22:48:18'),(95,'Daryl','Dibbert','bradtke.charlotte@example.net','2017-11-19 21:27:15','2017-04-13 12:29:23'),(96,'Johann','Funk','drosenbaum@example.com','2017-03-21 09:05:48','2011-09-17 11:26:32'),(97,'Jay','Bednar','lorenzo16@example.org','2013-04-28 10:31:39','2011-07-24 14:41:03'),(98,'Edythe','Kilback','kshlerin.domenico@example.org','2014-05-04 16:37:45','2012-07-27 04:16:12'),(99,'Denis','Von','wmcglynn@example.com','2015-11-28 06:46:37','2015-08-20 03:24:01'),(100,'Ken','Halvorson','hstokes@example.org','2014-06-21 14:48:04','2010-08-13 04:13:11'),(101,'Wayne','Daugherty','gbeer@example.org','2017-12-19 13:38:18','2020-04-16 14:36:17'),(102,'Peggie','Kuhic','bernier.guiseppe@example.com','2010-07-08 18:21:59','2010-07-21 07:14:13'),(103,'Jocelyn','Pollich','kessler.aliya@example.com','2015-05-08 21:50:25','2010-09-24 00:54:52'),(104,'Kaci','Fisher','rsimonis@example.org','2019-06-11 07:22:06','2015-09-26 11:38:15'),(105,'Ignatius','Kihn','wilhelmine.okuneva@example.org','2016-12-19 15:43:45','2014-12-01 08:05:06'),(106,'Jamison','Gerhold','tyshawn.dickinson@example.com','2013-08-01 22:40:23','2019-05-30 14:51:27'),(107,'Tad','Smitham','ylittel@example.org','2011-05-25 09:14:29','2014-11-23 12:23:12'),(108,'Evangeline','Durgan','ydeckow@example.net','2018-11-05 10:34:58','2013-05-01 00:09:39'),(109,'Jared','West','dnienow@example.org','2019-11-16 20:11:52','2014-06-18 05:18:17'),(110,'Brandi','Wehner','vklocko@example.net','2014-05-17 10:47:50','2017-06-25 09:28:47'),(111,'Dock','Monahan','bode.gladys@example.org','2016-04-11 06:35:01','2019-05-15 18:55:47'),(112,'Nels','Kilback','macejkovic.cleve@example.com','2017-06-15 04:42:26','2015-11-03 15:47:30'),(113,'Ulices','Greenfelder','fschiller@example.org','2014-08-26 21:55:51','2019-05-01 03:50:50'),(114,'Frances','Bailey','vaughn55@example.org','2016-01-26 09:54:53','2016-01-16 03:17:30'),(115,'Eugene','Heidenreich','della53@example.org','2013-10-27 04:21:04','2018-06-05 20:32:29'),(116,'Rae','Beer','alda14@example.org','2014-08-19 14:17:29','2019-09-27 20:51:09'),(117,'Michale','Herzog','lgleichner@example.com','2010-12-31 07:23:37','2018-12-23 05:58:06'),(118,'Ezequiel','Hane','mike.gleichner@example.com','2017-07-26 22:41:07','2010-07-08 12:10:30'),(119,'Edgardo','Schamberger','boyle.lauretta@example.com','2017-11-19 02:19:51','2016-03-28 08:22:20'),(120,'Randy','Brekke','dkassulke@example.com','2017-09-12 10:44:24','2018-09-19 05:25:09'),(121,'Alexis','Graham','tierra77@example.com','2011-10-15 04:35:38','2016-01-13 19:11:16'),(122,'Hailie','Keeling','norbert.barton@example.org','2012-04-04 01:16:25','2014-12-02 13:41:55'),(123,'Judson','Wiza','frami.alfredo@example.net','2015-11-06 04:36:52','2016-10-27 16:33:20'),(124,'Sandra','Little','maddison94@example.net','2018-11-26 03:30:49','2015-07-09 02:06:38'),(125,'Braxton','McGlynn','howe.thaddeus@example.net','2015-12-24 18:26:27','2017-04-12 05:18:09'),(126,'Devin','Reichel','jimmy75@example.net','2012-02-16 04:34:43','2011-09-23 18:33:25'),(127,'Alexie','Balistreri','oscar97@example.org','2012-12-24 01:25:47','2012-07-27 21:33:13'),(128,'Scot','Reinger','ugrant@example.com','2016-02-17 00:52:29','2013-02-01 13:11:59'),(129,'Maia','Dickens','madonna65@example.net','2017-11-24 12:17:32','2012-09-05 00:49:13'),(130,'Margret','McCullough','maggio.owen@example.com','2012-03-15 02:08:41','2013-05-23 00:14:42'),(131,'Maverick','Graham','egerlach@example.org','2017-12-28 07:09:03','2017-06-17 07:02:33'),(132,'Urban','Prohaska','golden.walter@example.com','2013-04-15 22:35:29','2014-12-13 10:33:54'),(133,'Jacklyn','Larson','gene.kautzer@example.org','2019-09-02 16:43:30','2013-10-23 02:39:57'),(134,'Merritt','Konopelski','moore.amos@example.com','2010-11-03 10:54:35','2018-07-31 20:25:07'),(135,'Iliana','Marvin','marquis34@example.com','2016-07-23 00:53:06','2012-02-26 04:14:57'),(136,'Ken','Dicki','casimir44@example.net','2013-12-24 16:17:03','2011-08-22 01:27:00'),(137,'Kayla','Lang','anastacio36@example.com','2010-12-29 23:25:46','2015-10-25 19:26:23'),(138,'Anabel','Bins','roger43@example.com','2015-06-04 17:48:53','2019-02-24 15:02:07'),(139,'Denis','Kilback','elna.schmitt@example.com','2018-06-06 19:42:29','2017-07-24 08:34:26'),(140,'Rosalyn','Reichert','lesley.cormier@example.net','2018-12-31 19:44:40','2019-09-22 23:33:51'),(141,'Jerel','Wiegand','pete.kuhn@example.net','2012-06-16 04:44:50','2012-04-05 00:52:08'),(142,'Ryan','Gutmann','oberbrunner.heath@example.net','2016-06-14 19:16:40','2018-12-24 01:09:01'),(143,'Joan','Turner','nbreitenberg@example.com','2019-11-02 00:04:02','2016-06-29 19:34:03'),(144,'Antonetta','Huel','cristian.stracke@example.net','2014-05-01 10:20:06','2011-09-30 16:38:02'),(145,'Taya','Romaguera','albina.maggio@example.net','2017-04-30 19:39:40','2018-02-10 13:00:42'),(146,'Nathanael','Nicolas','sheila.daniel@example.org','2016-03-12 00:07:16','2016-05-04 11:13:02'),(147,'Toney','Mann','heaney.sherman@example.org','2015-07-01 16:33:38','2018-01-17 12:54:04'),(148,'Autumn','Stroman','abigayle.weissnat@example.com','2016-08-20 00:44:42','2011-04-27 20:11:10'),(149,'Benjamin','Pollich','lafayette.heathcote@example.org','2015-08-09 22:48:21','2020-05-13 15:09:32'),(150,'Lazaro','Grant','hammes.eldridge@example.net','2014-01-03 02:46:14','2012-12-19 01:06:04'),(151,'Milford','Larkin','lmarks@example.org','2014-09-11 07:46:21','2016-10-03 02:09:41'),(152,'Citlalli','Balistreri','gottlieb.adonis@example.net','2012-03-03 09:55:51','2019-12-30 15:50:24'),(153,'Astrid','Ankunding','parker.ayana@example.net','2019-12-13 14:12:41','2015-07-06 20:06:30'),(154,'Constantin','Gaylord','norval.lueilwitz@example.org','2019-09-23 15:20:37','2014-02-25 19:54:38'),(155,'Scotty','Luettgen','eryn.lang@example.com','2011-09-13 02:44:45','2012-04-28 02:43:39'),(156,'Jose','Harris','swolf@example.com','2014-10-04 14:26:52','2012-01-06 17:54:11'),(157,'Vickie','Labadie','edouglas@example.net','2014-02-25 12:13:04','2013-03-08 23:34:45'),(158,'Taryn','Oberbrunner','littel.lexus@example.com','2014-01-07 01:58:45','2016-02-06 11:52:10'),(159,'Richmond','Lebsack','lizzie.gutmann@example.org','2018-11-19 06:21:21','2016-08-16 19:43:13'),(160,'Katheryn','Will','marlee95@example.net','2015-09-12 16:34:37','2016-04-19 03:48:23'),(161,'Dustin','Kirlin','eblock@example.net','2013-08-10 07:29:50','2019-09-01 02:49:36'),(162,'Linnie','Leffler','yreinger@example.com','2016-03-01 15:04:26','2015-05-15 16:33:00'),(163,'Demarcus','Dach','yvonrueden@example.com','2013-06-24 22:50:28','2013-05-07 16:38:01'),(164,'Sylvan','Abernathy','pagac.kathleen@example.net','2015-06-11 12:12:58','2017-02-02 07:46:38'),(165,'Stacy','Durgan','ryder90@example.com','2012-02-11 11:04:57','2018-08-11 13:57:20'),(166,'Wyatt','Emard','o\'reilly.marie@example.com','2013-05-06 23:05:26','2018-06-09 15:12:09'),(167,'Kip','Lang','mills.modesto@example.org','2014-03-24 21:17:29','2013-05-07 19:50:20'),(168,'Obie','Koepp','runte.jesus@example.org','2016-04-23 01:27:29','2013-01-08 07:48:45'),(169,'Lizeth','Schoen','darryl27@example.com','2014-09-23 00:54:42','2014-04-14 23:16:08'),(170,'Enos','Hermann','xbailey@example.com','2018-04-17 20:17:25','2012-07-08 04:25:50'),(171,'Audreanne','Schuppe','barton.donnie@example.com','2015-12-21 09:44:58','2016-07-16 07:19:43'),(172,'Pablo','Fritsch','nbauch@example.com','2013-04-26 20:56:44','2018-08-17 02:20:51'),(173,'Alessia','Schneider','bernie.stroman@example.net','2011-03-27 17:09:44','2018-06-16 22:24:46'),(174,'Daija','Rodriguez','angela.beer@example.net','2016-08-17 00:06:54','2011-05-22 13:38:33'),(175,'Montana','Wisoky','awindler@example.com','2014-12-21 14:33:06','2018-03-11 08:30:07'),(176,'Yasmeen','Jenkins','beatty.darwin@example.net','2017-05-07 06:52:44','2011-07-20 12:08:38'),(177,'Jayce','Thiel','lmertz@example.net','2020-05-01 15:23:17','2015-10-13 23:10:04'),(178,'Hoyt','Feil','rickie50@example.com','2010-08-25 08:47:56','2016-09-27 13:51:58'),(179,'Elyssa','Hermann','meredith62@example.com','2015-04-16 13:52:21','2015-08-17 14:51:04'),(180,'Stephen','Mayert','howell.reyna@example.net','2016-08-31 16:49:31','2010-06-20 22:42:27'),(181,'Santiago','Leuschke','selena83@example.com','2019-10-26 14:51:11','2019-02-26 08:43:25'),(182,'Tyson','Spencer','carroll.genevieve@example.org','2014-05-29 14:56:22','2014-03-01 18:45:27'),(183,'Milan','Jast','hmcdermott@example.com','2016-06-16 14:21:24','2013-12-01 08:03:50'),(184,'Vella','Carter','eernser@example.net','2015-07-02 04:21:07','2016-12-19 09:42:51'),(185,'Donna','Collier','chesley.ondricka@example.net','2012-12-27 20:34:41','2019-05-04 04:16:13'),(186,'Gardner','Towne','fkutch@example.org','2016-07-21 14:50:18','2012-10-05 04:43:32'),(187,'Henriette','Lueilwitz','kihn.mike@example.org','2010-09-02 03:39:58','2018-09-02 11:20:24'),(188,'Shanna','Koelpin','willard.aufderhar@example.org','2018-06-18 05:37:03','2014-04-28 01:20:03'),(189,'Alison','Lehner','kuhn.tessie@example.com','2010-12-04 11:06:43','2011-03-04 00:30:56'),(190,'Rusty','Herman','robbie.langosh@example.net','2017-10-25 00:38:45','2018-02-24 22:53:03'),(191,'Dixie','Kessler','mavis.gerhold@example.com','2019-08-21 08:50:35','2019-01-20 17:40:08'),(192,'Hailee','Hilll','pascale18@example.net','2015-06-13 14:44:38','2014-09-10 22:27:08'),(193,'Kurtis','Cassin','parisian.eriberto@example.net','2013-01-20 02:20:48','2016-01-22 13:34:18'),(194,'Mattie','Robel','bell79@example.com','2019-11-12 15:09:40','2019-02-26 01:22:41'),(195,'Tyler','Toy','asa37@example.org','2016-08-12 10:49:28','2014-04-28 16:45:19'),(196,'Willie','Lynch','howell.amina@example.net','2016-06-02 07:10:08','2011-07-26 00:23:33'),(197,'Nico','Herman','paxton35@example.net','2019-04-08 02:48:50','2012-09-09 22:37:19'),(198,'Reta','Koepp','jacey.metz@example.com','2018-04-09 15:54:53','2013-07-06 09:16:21'),(199,'Paxton','Quitzon','brice66@example.com','2015-07-29 16:18:16','2018-03-30 07:13:17'),(200,'Beulah','Schaden','izaiah.schulist@example.net','2012-09-21 03:06:06','2018-08-21 02:03:12');
/*!40000 ALTER TABLE `readers` ENABLE KEYS */;
UNLOCK TABLES;

--
-- Table structure for table `series`
--

DROP TABLE IF EXISTS `series`;
/*!40101 SET @saved_cs_client     = @@character_set_client */;
/*!50503 SET character_set_client = utf8mb4 */;
CREATE TABLE `series` (
  `id` int unsigned NOT NULL AUTO_INCREMENT,
  `name_series` varchar(100) CHARACTER SET utf8 COLLATE utf8_unicode_ci DEFAULT NULL,
  `created_at` datetime DEFAULT CURRENT_TIMESTAMP,
  `updated_at` datetime DEFAULT CURRENT_TIMESTAMP ON UPDATE CURRENT_TIMESTAMP,
  PRIMARY KEY (`id`),
  KEY `series_name_series_idx` (`name_series`)
) ENGINE=InnoDB AUTO_INCREMENT=26 DEFAULT CHARSET=utf8 COLLATE=utf8_unicode_ci;
/*!40101 SET character_set_client = @saved_cs_client */;

--
-- Dumping data for table `series`
--

LOCK TABLES `series` WRITE;
/*!40000 ALTER TABLE `series` DISABLE KEYS */;
INSERT INTO `series` VALUES (1,'nihil','2018-04-04 15:01:34','2006-06-02 06:07:51'),(2,'perspiciatis','1995-01-15 21:53:58','2003-02-21 00:51:08'),(3,'quos','1989-06-03 14:34:20','2016-06-22 01:32:55'),(4,'debitis','1971-02-03 20:47:53','1997-10-01 08:48:07'),(5,'inventore','1972-09-23 05:03:55','2000-07-15 17:44:34'),(6,'aspernatur','2018-02-25 15:21:18','1998-04-22 06:47:47'),(7,'perferendis','2000-11-10 01:01:02','1990-01-21 21:45:50'),(8,'quod','2014-04-05 08:45:26','2005-04-19 23:14:03'),(9,'et','2010-02-22 23:39:44','2014-11-19 16:30:48'),(10,'temporibus','1978-01-09 17:48:19','1981-05-19 04:56:37'),(11,'consequuntur','2002-03-07 07:05:41','1975-04-25 23:58:24'),(12,'modi','1975-02-20 22:21:05','1975-09-02 14:22:26'),(13,'aut','2001-07-21 19:56:02','1997-05-18 20:58:09'),(14,'autem','1977-04-26 03:40:40','2017-09-20 13:10:48'),(15,'in','1982-12-13 16:04:35','1978-09-01 20:07:16'),(16,'maxime','2011-10-03 15:56:22','2010-02-10 09:03:57'),(17,'et','1982-10-30 13:59:22','1985-05-03 14:22:12'),(18,'quae','1992-10-13 04:38:16','1988-10-24 23:33:18'),(19,'tempora','1988-09-05 22:35:45','2019-03-05 12:45:31'),(20,'aut','1984-09-28 02:19:07','1982-02-20 00:33:36'),(21,'perferendis','1974-10-01 12:05:22','1978-11-10 09:28:13'),(22,'ipsum','1982-02-18 14:30:59','1973-05-20 00:49:20'),(23,'et','1996-04-03 08:27:35','1982-04-04 00:45:56'),(24,'animi','1993-02-02 18:38:12','1972-06-16 21:14:47'),(25,'assumenda','1983-10-05 05:47:46','1983-09-10 23:02:11');
/*!40000 ALTER TABLE `series` ENABLE KEYS */;
UNLOCK TABLES;
/*!40103 SET TIME_ZONE=@OLD_TIME_ZONE */;

/*!40101 SET SQL_MODE=@OLD_SQL_MODE */;
/*!40014 SET FOREIGN_KEY_CHECKS=@OLD_FOREIGN_KEY_CHECKS */;
/*!40014 SET UNIQUE_CHECKS=@OLD_UNIQUE_CHECKS */;
/*!40101 SET CHARACTER_SET_CLIENT=@OLD_CHARACTER_SET_CLIENT */;
/*!40101 SET CHARACTER_SET_RESULTS=@OLD_CHARACTER_SET_RESULTS */;
/*!40101 SET COLLATION_CONNECTION=@OLD_COLLATION_CONNECTION */;
/*!40111 SET SQL_NOTES=@OLD_SQL_NOTES */;

-- Dump completed on 2020-06-16 12:16:55
