-- MySQL dump 10.13  Distrib 8.0.20, for Linux (x86_64)
--
-- Host: localhost    Database: vk
-- ------------------------------------------------------
-- Server version	8.0.20

/*!40101 SET @OLD_CHARACTER_SET_CLIENT=@@CHARACTER_SET_CLIENT */;
/*!40101 SET @OLD_CHARACTER_SET_RESULTS=@@CHARACTER_SET_RESULTS */;
/*!40101 SET @OLD_COLLATION_CONNECTION=@@COLLATION_CONNECTION */;
/*!50503 SET NAMES utf8mb4 */;
/*!40103 SET @OLD_TIME_ZONE=@@TIME_ZONE */;
/*!40103 SET TIME_ZONE='+00:00' */;
/*!40014 SET @OLD_UNIQUE_CHECKS=@@UNIQUE_CHECKS, UNIQUE_CHECKS=0 */;
/*!40014 SET @OLD_FOREIGN_KEY_CHECKS=@@FOREIGN_KEY_CHECKS, FOREIGN_KEY_CHECKS=0 */;
/*!40101 SET @OLD_SQL_MODE=@@SQL_MODE, SQL_MODE='NO_AUTO_VALUE_ON_ZERO' */;
/*!40111 SET @OLD_SQL_NOTES=@@SQL_NOTES, SQL_NOTES=0 */;

--
-- Table structure for table `communities`
--

DROP TABLE IF EXISTS `communities`;
/*!40101 SET @saved_cs_client     = @@character_set_client */;
/*!50503 SET character_set_client = utf8mb4 */;
CREATE TABLE `communities` (
  `id` int unsigned NOT NULL AUTO_INCREMENT,
  `name` varchar(150) CHARACTER SET utf8 COLLATE utf8_unicode_ci NOT NULL,
  PRIMARY KEY (`id`),
  UNIQUE KEY `name` (`name`)
) ENGINE=InnoDB AUTO_INCREMENT=11 DEFAULT CHARSET=utf8 COLLATE=utf8_unicode_ci;
/*!40101 SET character_set_client = @saved_cs_client */;

--
-- Dumping data for table `communities`
--

LOCK TABLES `communities` WRITE;
/*!40000 ALTER TABLE `communities` DISABLE KEYS */;
INSERT INTO `communities` VALUES (6,'Cats'),(9,'Children'),(5,'Horses'),(1,'How to write a book'),(4,'My dog'),(2,'My house'),(10,'Orange'),(3,'Simple Fishing'),(8,'Tomato'),(7,'VK Stickers');
/*!40000 ALTER TABLE `communities` ENABLE KEYS */;
UNLOCK TABLES;

--
-- Table structure for table `communities_users`
--

DROP TABLE IF EXISTS `communities_users`;
/*!40101 SET @saved_cs_client     = @@character_set_client */;
/*!50503 SET character_set_client = utf8mb4 */;
CREATE TABLE `communities_users` (
  `community_id` int unsigned NOT NULL,
  `user_id` int unsigned NOT NULL,
  PRIMARY KEY (`community_id`,`user_id`)
) ENGINE=InnoDB DEFAULT CHARSET=utf8 COLLATE=utf8_unicode_ci;
/*!40101 SET character_set_client = @saved_cs_client */;

--
-- Dumping data for table `communities_users`
--

LOCK TABLES `communities_users` WRITE;
/*!40000 ALTER TABLE `communities_users` DISABLE KEYS */;
INSERT INTO `communities_users` VALUES (1,11),(1,14),(1,25),(1,35),(1,44),(1,102),(1,107),(1,120),(2,37),(2,56),(2,66),(2,76),(2,93),(2,106),(3,30),(3,44),(3,59),(3,66),(3,68),(3,82),(3,90),(3,104),(3,114),(3,133),(4,1),(4,33),(4,79),(4,84),(4,86),(4,91),(4,101),(4,102),(4,106),(4,122),(4,126),(4,130),(4,135),(5,16),(5,19),(5,21),(5,22),(5,44),(5,55),(5,74),(5,88),(5,97),(5,98),(5,105),(5,120),(5,129),(5,131),(5,132),(5,144),(5,146),(6,67),(6,74),(6,88),(6,91),(6,101),(6,143),(6,149),(7,27),(7,30),(7,88),(7,128),(7,135),(7,146),(8,18),(8,19),(8,29),(8,39),(8,40),(8,41),(8,79),(8,86),(8,95),(8,105),(8,124),(8,128),(9,14),(9,15),(9,28),(9,30),(9,34),(9,50),(9,61),(9,62),(9,73),(9,85),(9,128),(9,149),(10,15),(10,88),(10,104),(10,110),(10,122),(10,125),(10,128),(10,130),(10,135);
/*!40000 ALTER TABLE `communities_users` ENABLE KEYS */;
UNLOCK TABLES;

--
-- Table structure for table `friendship`
--

DROP TABLE IF EXISTS `friendship`;
/*!40101 SET @saved_cs_client     = @@character_set_client */;
/*!50503 SET character_set_client = utf8mb4 */;
CREATE TABLE `friendship` (
  `user_id` int unsigned NOT NULL,
  `friend_id` int unsigned NOT NULL,
  `status_id` int unsigned NOT NULL,
  `requested_at` datetime DEFAULT CURRENT_TIMESTAMP,
  `confirmed_at` datetime DEFAULT NULL,
  PRIMARY KEY (`user_id`,`friend_id`)
) ENGINE=InnoDB DEFAULT CHARSET=utf8 COLLATE=utf8_unicode_ci;
/*!40101 SET character_set_client = @saved_cs_client */;

--
-- Dumping data for table `friendship`
--

LOCK TABLES `friendship` WRITE;
/*!40000 ALTER TABLE `friendship` DISABLE KEYS */;
INSERT INTO `friendship` VALUES (2,150,1,'1980-07-07 20:33:17','1992-03-20 16:03:06'),(3,40,1,'2017-03-09 00:11:51','2020-05-07 15:47:05'),(7,20,3,'1984-12-24 08:56:55','2010-06-03 07:24:02'),(7,49,1,'1971-01-30 14:43:44','1984-09-04 06:38:36'),(9,27,3,'2013-02-15 18:54:22','2020-05-07 15:47:05'),(9,132,2,'2008-09-09 16:36:57','2020-05-07 15:47:05'),(11,44,2,'1991-02-26 05:03:32','1995-03-19 22:12:54'),(15,75,1,'1977-05-09 16:28:46','2001-06-21 05:07:24'),(17,17,3,'2010-06-13 21:56:20','2020-05-07 15:47:05'),(20,130,3,'1992-11-26 11:09:25','2020-05-07 15:47:05'),(20,140,1,'1990-01-01 11:51:52','1995-09-02 15:22:47'),(23,122,2,'1984-09-18 09:53:51','2020-05-07 15:47:05'),(24,66,1,'2019-12-24 03:17:52','2020-05-07 15:47:05'),(27,33,2,'2019-04-15 05:18:55','2020-05-07 15:47:05'),(27,124,2,'1976-03-12 19:02:39','2019-06-09 10:20:46'),(29,73,1,'1983-06-27 23:51:38','2001-10-15 23:59:07'),(29,119,3,'1971-07-05 05:23:15','1982-08-05 07:36:20'),(29,121,1,'1981-06-21 08:34:29','2002-04-10 04:59:35'),(30,134,2,'2018-09-26 04:13:08','2020-05-07 15:47:05'),(31,7,2,'1991-06-10 22:37:13','2020-05-07 15:47:05'),(32,118,1,'1988-06-18 08:29:37','1997-06-10 20:32:47'),(38,87,1,'1985-03-01 19:15:16','2005-08-12 04:50:58'),(39,8,1,'1996-12-09 18:13:45','2011-08-19 03:40:35'),(41,4,3,'1999-09-02 15:03:13','2003-10-07 15:44:21'),(45,133,2,'1987-02-23 21:43:04','2020-05-07 15:47:05'),(47,37,3,'2020-01-28 13:04:16','2020-05-07 15:47:05'),(47,99,3,'1972-06-29 15:26:32','2008-12-18 11:01:50'),(49,4,1,'1977-06-20 19:42:52','2004-12-09 09:58:07'),(50,14,1,'2012-10-14 13:07:42','2020-05-07 15:47:05'),(51,100,2,'2004-01-17 07:51:47','2005-06-15 02:21:01'),(53,144,1,'1997-11-29 03:08:04','1999-09-02 07:31:47'),(55,62,3,'1972-07-22 21:10:00','2012-10-04 17:12:22'),(60,69,2,'1996-07-13 08:21:55','1996-10-03 21:37:58'),(61,126,2,'1982-12-31 08:50:08','2020-05-07 15:47:05'),(66,105,1,'2015-01-16 00:18:02','2020-05-07 15:47:05'),(67,109,3,'1998-04-07 03:15:47','2020-05-07 15:47:05'),(68,53,3,'2014-03-08 18:20:15','2015-09-17 12:39:07'),(68,134,2,'2007-02-20 22:33:06','2020-05-07 15:47:05'),(69,20,3,'1992-11-22 02:19:10','2007-12-03 14:03:15'),(69,91,3,'2008-03-29 00:28:41','2011-12-31 21:39:27'),(71,29,1,'1979-09-19 09:40:59','1996-05-14 15:22:43'),(73,78,2,'1972-12-20 04:03:16','1995-05-16 01:02:05'),(73,120,1,'1983-02-02 21:02:38','2018-07-22 16:03:07'),(74,102,2,'1994-05-09 12:13:41','2001-03-11 14:04:57'),(74,144,1,'1971-08-10 07:16:21','1981-04-05 15:48:37'),(75,142,1,'1982-02-25 03:51:19','1999-03-01 20:09:20'),(78,77,2,'1987-08-20 05:05:40','2011-11-02 08:08:36'),(81,108,1,'1977-04-08 17:32:04','1978-01-29 15:48:50'),(82,43,3,'2009-09-29 21:57:28','2020-05-07 15:47:05'),(82,56,2,'2018-03-21 12:20:58','2020-05-07 15:47:05'),(82,99,1,'2011-10-25 11:11:27','2017-04-25 00:16:29'),(83,114,3,'2005-04-25 07:48:35','2011-10-27 18:19:25'),(84,62,3,'1978-09-21 04:04:58','1997-10-19 12:09:10'),(85,105,2,'1999-06-06 20:41:00','2019-01-01 14:23:19'),(86,79,2,'2007-03-25 09:06:25','2020-05-07 15:47:05'),(86,121,2,'1985-08-30 19:14:13','1997-01-20 12:50:41'),(87,54,3,'2016-04-02 03:48:22','2020-05-07 15:47:05'),(88,85,2,'2009-09-26 14:59:45','2020-05-07 15:47:05'),(88,92,3,'2009-11-12 19:29:04','2017-11-28 19:11:48'),(88,147,1,'1975-11-10 09:26:45','2009-04-30 05:29:35'),(90,6,2,'2012-04-06 17:49:35','2020-05-07 15:47:05'),(91,136,2,'2016-09-22 11:41:25','2020-02-05 18:06:05'),(93,99,2,'1995-12-09 22:42:06','2020-05-07 15:47:05'),(95,142,1,'1998-11-05 15:16:35','2020-05-07 15:47:05'),(96,110,2,'1977-04-23 01:19:05','2005-06-09 21:00:25'),(98,49,1,'2001-11-04 16:19:07','2020-05-07 15:47:05'),(100,112,3,'2006-08-22 12:34:00','2020-05-07 15:47:05'),(103,59,2,'1983-06-21 20:14:39','2020-05-07 15:47:05'),(103,70,2,'1998-11-29 23:48:05','2009-12-15 03:39:57'),(106,60,2,'1971-06-30 17:19:34','1983-12-30 13:10:03'),(108,21,2,'1986-08-22 21:21:06','2005-12-25 01:15:19'),(108,112,2,'1992-08-24 09:23:02','2020-05-07 15:47:05'),(109,145,2,'1974-09-27 01:57:07','2020-03-05 18:53:10'),(112,13,1,'1970-12-17 23:34:33','1983-01-09 09:50:44'),(116,109,3,'2008-07-05 01:18:08','2016-03-13 18:28:59'),(116,129,3,'1997-04-22 13:26:22','2009-01-01 11:48:36'),(117,90,3,'1990-09-14 21:28:27','2020-05-07 15:47:05'),(117,140,3,'1990-09-19 18:32:54','2020-05-07 15:47:05'),(118,17,3,'2014-12-23 17:08:43','2020-05-07 15:47:05'),(119,69,3,'2010-05-14 07:37:00','2020-05-07 15:47:05'),(120,101,3,'2010-06-02 21:54:05','2020-05-07 15:47:05'),(120,115,1,'2013-03-20 01:15:23','2020-05-07 15:47:05'),(121,39,1,'2003-02-27 23:23:07','2020-05-07 15:47:05'),(121,109,1,'2013-06-14 02:31:21','2020-05-07 15:47:05'),(123,89,1,'2010-11-30 17:57:32','2020-05-07 15:47:05'),(123,138,3,'1976-06-28 11:38:36','2020-05-07 15:47:05'),(124,74,2,'1970-08-18 00:24:41','1993-12-14 18:49:59'),(125,96,3,'1991-10-06 03:23:23','2009-12-23 17:24:49'),(126,66,1,'2000-10-06 04:13:34','2020-05-07 15:47:05'),(126,145,2,'2010-05-17 22:48:47','2020-05-07 15:47:05'),(129,114,3,'2011-03-17 16:17:19','2020-05-07 15:47:05'),(133,145,1,'1986-11-19 08:24:09','2020-05-07 15:47:05'),(136,40,1,'2003-10-03 12:29:08','2020-05-07 15:47:05'),(141,57,1,'1992-04-06 05:49:03','2020-05-07 15:47:05'),(141,93,3,'2003-02-11 14:48:04','2020-05-07 15:47:05'),(141,141,3,'2011-06-11 02:53:45','2020-05-07 15:47:05'),(145,61,2,'1976-07-07 17:08:11','2020-05-07 15:47:05'),(149,148,3,'1973-06-07 21:51:29','2007-01-17 15:00:14'),(150,72,3,'2007-09-13 21:38:55','2020-05-07 15:47:05'),(150,82,1,'2014-07-03 10:10:46','2020-05-07 15:47:05');
/*!40000 ALTER TABLE `friendship` ENABLE KEYS */;
UNLOCK TABLES;

--
-- Table structure for table `friendship_statuses`
--

DROP TABLE IF EXISTS `friendship_statuses`;
/*!40101 SET @saved_cs_client     = @@character_set_client */;
/*!50503 SET character_set_client = utf8mb4 */;
CREATE TABLE `friendship_statuses` (
  `id` int unsigned NOT NULL AUTO_INCREMENT,
  `name` varchar(150) CHARACTER SET utf8 COLLATE utf8_unicode_ci NOT NULL,
  PRIMARY KEY (`id`),
  UNIQUE KEY `name` (`name`)
) ENGINE=InnoDB AUTO_INCREMENT=4 DEFAULT CHARSET=utf8 COLLATE=utf8_unicode_ci;
/*!40101 SET character_set_client = @saved_cs_client */;

--
-- Dumping data for table `friendship_statuses`
--

LOCK TABLES `friendship_statuses` WRITE;
/*!40000 ALTER TABLE `friendship_statuses` DISABLE KEYS */;
INSERT INTO `friendship_statuses` VALUES (2,'accept'),(3,'deflect'),(1,'under consideration');
/*!40000 ALTER TABLE `friendship_statuses` ENABLE KEYS */;
UNLOCK TABLES;

--
-- Table structure for table `media`
--

DROP TABLE IF EXISTS `media`;
/*!40101 SET @saved_cs_client     = @@character_set_client */;
/*!50503 SET character_set_client = utf8mb4 */;
CREATE TABLE `media` (
  `id` int unsigned NOT NULL AUTO_INCREMENT,
  `user_id` int unsigned NOT NULL,
  `filename` varchar(255) CHARACTER SET utf8 COLLATE utf8_unicode_ci NOT NULL,
  `size` int NOT NULL,
  `metadata` json DEFAULT NULL,
  `media_type_id` int unsigned NOT NULL,
  `created_at` datetime DEFAULT CURRENT_TIMESTAMP,
  `updated_at` datetime DEFAULT CURRENT_TIMESTAMP ON UPDATE CURRENT_TIMESTAMP,
  PRIMARY KEY (`id`)
) ENGINE=InnoDB AUTO_INCREMENT=71 DEFAULT CHARSET=utf8 COLLATE=utf8_unicode_ci;
/*!40101 SET character_set_client = @saved_cs_client */;

--
-- Dumping data for table `media`
--

LOCK TABLES `media` WRITE;
/*!40000 ALTER TABLE `media` DISABLE KEYS */;
INSERT INTO `media` VALUES (1,64,'https://dropbox/vk/dolorum.jpeg',840816921,'{\"owner\": \"Brandy Yundt\"}',3,'2005-10-29 10:38:31','2020-05-07 15:28:52'),(2,33,'https://dropbox/vk/quibusdam.png',264701,'{\"owner\": \"Arden Dietrich\"}',2,'2014-03-31 12:42:52','2020-05-07 15:28:52'),(3,16,'https://dropbox/vk/ut.avi',10869981,'{\"owner\": \"Laverna Franecki\"}',3,'2000-09-18 23:13:22','2020-05-07 15:28:52'),(4,132,'https://dropbox/vk/ut.avi',201745,'{\"owner\": \"Roger Kshlerin\"}',3,'1977-09-22 15:29:45','2020-05-07 15:28:52'),(5,31,'https://dropbox/vk/suscipit.jpeg',204624,'{\"owner\": \"Virginia Wolf\"}',2,'1977-09-23 00:25:16','2020-05-07 15:28:52'),(6,93,'https://dropbox/vk/rerum.png',60763,'{\"owner\": \"Jovani Kuvalis\"}',1,'2013-12-20 16:58:39','2020-05-07 15:28:52'),(7,80,'https://dropbox/vk/laudantium.avi',407885,'{\"owner\": \"Nellie Parisian\"}',1,'1999-09-14 03:32:20','2020-05-07 15:28:52'),(8,121,'https://dropbox/vk/delectus.jpeg',3137,'{\"owner\": \"Wilton Jacobi\"}',2,'1981-05-26 22:34:00','2020-05-07 15:28:52'),(9,114,'https://dropbox/vk/voluptas.png',415552,'{\"owner\": \"Carmella Goldner\"}',2,'1993-10-29 03:18:18','2020-05-07 15:28:52'),(10,84,'https://dropbox/vk/illum.mpeg',844107,'{\"owner\": \"Corrine Runte\"}',2,'2006-07-31 05:59:23','2020-05-07 15:28:52'),(11,97,'https://dropbox/vk/nemo.mpeg',66317191,'{\"owner\": \"Shaniya Carter\"}',1,'1970-08-04 21:08:48','2020-05-07 15:28:52'),(12,52,'https://dropbox/vk/maxime.mpeg',72475,'{\"owner\": \"Cordelia Lakin\"}',2,'1994-04-21 04:55:29','2020-05-07 15:28:52'),(13,89,'https://dropbox/vk/sequi.png',526555,'{\"owner\": \"Carolanne Abernathy\"}',2,'2010-04-23 14:54:41','2020-05-07 15:28:52'),(14,94,'https://dropbox/vk/quia.png',963878,'{\"owner\": \"Bridget Barrows\"}',2,'1981-02-20 02:56:58','2020-05-07 15:28:52'),(15,129,'https://dropbox/vk/omnis.png',277071,'{\"owner\": \"Nya Nolan\"}',3,'1994-05-28 06:44:57','2020-05-07 15:28:52'),(16,56,'https://dropbox/vk/error.jpeg',30158,'{\"owner\": \"Lavinia Rolfson\"}',2,'1980-10-13 17:56:41','2020-05-07 15:28:52'),(17,21,'https://dropbox/vk/cumque.png',1774,'{\"owner\": \"Jane Dietrich\"}',1,'2013-09-14 07:15:35','2020-05-07 15:28:52'),(18,45,'https://dropbox/vk/sit.avi',483722,'{\"owner\": \"Gabrielle Mueller\"}',1,'1994-05-21 21:43:01','2020-05-07 15:28:52'),(19,2,'https://dropbox/vk/ea.mpeg',577399,'{\"owner\": \"Sierra Doyle\"}',2,'2013-03-06 02:29:39','2020-05-07 15:28:52'),(20,75,'https://dropbox/vk/ab.mpeg',347870965,'{\"owner\": \"Simone Lynch\"}',2,'1992-07-23 02:13:26','2020-05-07 15:28:52'),(21,40,'https://dropbox/vk/eveniet.mpeg',228477,'{\"owner\": \"Antonina Koepp\"}',1,'1979-09-20 20:01:53','2020-05-07 15:28:52'),(22,47,'https://dropbox/vk/tenetur.jpeg',905374,'{\"owner\": \"Loyce Stamm\"}',3,'2009-02-28 19:46:05','2020-05-07 15:28:52'),(23,46,'https://dropbox/vk/et.mpeg',6989699,'{\"owner\": \"Tony Spencer\"}',2,'1986-02-21 07:35:59','2020-05-07 15:28:52'),(24,52,'https://dropbox/vk/et.mpeg',5861721,'{\"owner\": \"Cordelia Lakin\"}',3,'1984-06-02 21:42:38','2020-05-07 15:28:52'),(25,97,'https://dropbox/vk/ut.avi',42383330,'{\"owner\": \"Shaniya Carter\"}',2,'1989-05-01 10:16:33','2020-05-07 15:28:52'),(26,146,'https://dropbox/vk/eaque.avi',5211826,'{\"owner\": \"Weston Wiegand\"}',3,'1995-01-19 16:03:53','2020-05-07 15:28:52'),(27,106,'https://dropbox/vk/totam.avi',98257357,'{\"owner\": \"Antwan Becker\"}',1,'1991-03-07 18:31:32','2020-05-07 15:28:52'),(28,28,'https://dropbox/vk/fuga.jpeg',920733313,'{\"owner\": \"Alice O\'Conner\"}',1,'1989-04-07 18:52:51','2020-05-07 15:28:52'),(29,20,'https://dropbox/vk/qui.mpeg',9267,'{\"owner\": \"Mike Langosh\"}',2,'2017-11-11 14:46:10','2020-05-07 15:28:52'),(30,104,'https://dropbox/vk/adipisci.mpeg',425826,'{\"owner\": \"Jeramie Fisher\"}',1,'1992-09-28 14:15:26','2020-05-07 15:28:52'),(31,74,'https://dropbox/vk/alias.png',97818,'{\"owner\": \"Neva Kassulke\"}',2,'1979-10-09 20:13:05','2020-05-07 15:28:52'),(32,41,'https://dropbox/vk/facere.mpeg',9606140,'{\"owner\": \"Jerry Hintz\"}',2,'2000-02-18 20:32:15','2020-05-07 15:28:52'),(33,99,'https://dropbox/vk/repudiandae.jpeg',970535970,'{\"owner\": \"Kane Kilback\"}',3,'2007-09-13 10:29:00','2020-05-07 15:28:52'),(34,131,'https://dropbox/vk/non.avi',386937,'{\"owner\": \"Frieda Hermiston\"}',1,'2019-10-13 01:12:19','2020-05-07 15:28:52'),(35,111,'https://dropbox/vk/voluptates.png',9084934,'{\"owner\": \"Christy Abernathy\"}',2,'1978-04-18 15:55:11','2020-05-07 15:28:52'),(36,132,'https://dropbox/vk/exercitationem.avi',647205,'{\"owner\": \"Roger Kshlerin\"}',1,'2011-07-02 05:33:47','2020-05-07 15:28:52'),(37,72,'https://dropbox/vk/et.mpeg',3068800,'{\"owner\": \"Richmond Stracke\"}',1,'2018-04-20 19:37:11','2020-05-07 15:28:52'),(38,119,'https://dropbox/vk/quidem.avi',872418728,'{\"owner\": \"Zula Berge\"}',1,'1974-10-21 15:29:42','2020-05-07 15:28:52'),(39,44,'https://dropbox/vk/architecto.avi',3794685,'{\"owner\": \"Keyon Dietrich\"}',2,'1974-09-19 19:36:29','2020-05-07 15:28:52'),(40,125,'https://dropbox/vk/ea.jpeg',156620803,'{\"owner\": \"Madonna Watsica\"}',2,'2004-08-03 04:54:02','2020-05-07 15:28:52'),(41,6,'https://dropbox/vk/quas.mpeg',15167099,'{\"owner\": \"Jean Koepp\"}',1,'1999-08-24 22:55:27','2020-05-07 15:28:52'),(42,34,'https://dropbox/vk/molestiae.mpeg',4628,'{\"owner\": \"Chauncey Stehr\"}',1,'2009-06-05 22:44:38','2020-05-07 15:28:52'),(43,17,'https://dropbox/vk/et.jpeg',14180,'{\"owner\": \"Ubaldo Walter\"}',1,'1992-08-01 13:13:32','2020-05-07 15:28:52'),(44,6,'https://dropbox/vk/ducimus.jpeg',65214,'{\"owner\": \"Jean Koepp\"}',1,'1987-02-23 05:22:04','2020-05-07 15:28:52'),(45,31,'https://dropbox/vk/voluptas.jpeg',3857,'{\"owner\": \"Virginia Wolf\"}',3,'2017-05-27 16:36:12','2020-05-07 15:28:52'),(46,35,'https://dropbox/vk/ipsum.jpeg',374455,'{\"owner\": \"Furman Jones\"}',2,'2006-09-04 05:00:25','2020-05-07 15:28:52'),(47,119,'https://dropbox/vk/rerum.mpeg',60376762,'{\"owner\": \"Zula Berge\"}',1,'1998-07-20 12:04:05','2020-05-07 15:28:52'),(48,48,'https://dropbox/vk/accusamus.mpeg',2939311,'{\"owner\": \"Dallin Waelchi\"}',1,'1984-06-29 16:10:22','2020-05-07 15:28:52'),(49,11,'https://dropbox/vk/qui.png',8083322,'{\"owner\": \"Felipe Wehner\"}',1,'1970-06-23 04:13:31','2020-05-07 15:28:52'),(50,17,'https://dropbox/vk/reprehenderit.avi',666634,'{\"owner\": \"Ubaldo Walter\"}',3,'1987-05-26 16:03:59','2020-05-07 15:28:52'),(51,83,'https://dropbox/vk/deleniti.png',199808,'{\"owner\": \"Brent Friesen\"}',1,'1973-07-16 07:13:42','2020-05-07 15:28:52'),(52,122,'https://dropbox/vk/voluptatem.avi',21644814,'{\"owner\": \"Hazle Okuneva\"}',3,'1972-08-02 02:57:10','2020-05-07 15:28:52'),(53,25,'https://dropbox/vk/fugiat.jpeg',33259,'{\"owner\": \"Lane Fahey\"}',1,'2008-09-04 16:27:23','2020-05-07 15:28:52'),(54,120,'https://dropbox/vk/ea.mpeg',11479,'{\"owner\": \"Tatyana Wolff\"}',3,'2011-08-11 06:15:22','2020-05-07 15:28:52'),(55,111,'https://dropbox/vk/minus.png',8168,'{\"owner\": \"Christy Abernathy\"}',3,'1993-01-05 13:32:30','2020-05-07 15:28:52'),(56,59,'https://dropbox/vk/nihil.png',50371,'{\"owner\": \"Mazie Hagenes\"}',2,'2010-12-03 14:52:16','2020-05-07 15:28:52'),(57,65,'https://dropbox/vk/et.jpeg',989137,'{\"owner\": \"Elisabeth Swaniawski\"}',2,'2008-03-11 07:41:32','2020-05-07 15:28:52'),(58,78,'https://dropbox/vk/ad.jpeg',784012304,'{\"owner\": \"Marilie Smith\"}',1,'1998-11-07 20:40:49','2020-05-07 15:28:52'),(59,2,'https://dropbox/vk/harum.mpeg',336260,'{\"owner\": \"Sierra Doyle\"}',1,'1994-01-17 12:04:20','2020-05-07 15:28:52'),(60,118,'https://dropbox/vk/laborum.mpeg',703889,'{\"owner\": \"Keshawn Welch\"}',1,'1998-09-19 21:02:18','2020-05-07 15:28:52'),(61,42,'https://dropbox/vk/ipsum.mpeg',71235,'{\"owner\": \"Cyril Hagenes\"}',3,'2019-05-30 18:28:20','2020-05-07 15:28:52'),(62,136,'https://dropbox/vk/vel.avi',500667,'{\"owner\": \"Nova Mraz\"}',1,'1974-03-05 15:40:31','2020-05-07 15:28:52'),(63,78,'https://dropbox/vk/reiciendis.mpeg',381668,'{\"owner\": \"Marilie Smith\"}',3,'1976-08-06 00:51:27','2020-05-07 15:28:52'),(64,78,'https://dropbox/vk/quo.mpeg',396341,'{\"owner\": \"Marilie Smith\"}',2,'1977-05-23 09:12:07','2020-05-07 15:28:52'),(65,61,'https://dropbox/vk/et.png',826701,'{\"owner\": \"Tabitha Johns\"}',3,'1981-04-21 20:16:42','2020-05-07 15:28:52'),(66,60,'https://dropbox/vk/repudiandae.png',467648,'{\"owner\": \"Russell Spinka\"}',2,'1991-10-17 18:44:01','2020-05-07 15:28:52'),(67,91,'https://dropbox/vk/et.mpeg',934481,'{\"owner\": \"Dessie Botsford\"}',1,'1993-10-24 14:35:39','2020-05-07 15:28:52'),(68,146,'https://dropbox/vk/distinctio.jpeg',62130,'{\"owner\": \"Weston Wiegand\"}',2,'1978-06-18 07:50:58','2020-05-07 15:28:52'),(69,122,'https://dropbox/vk/sed.png',182302,'{\"owner\": \"Hazle Okuneva\"}',1,'1995-08-24 23:51:08','2020-05-07 15:28:52'),(70,34,'https://dropbox/vk/quisquam.jpeg',98069,'{\"owner\": \"Chauncey Stehr\"}',3,'2010-12-07 16:30:00','2020-05-07 15:28:52');
/*!40000 ALTER TABLE `media` ENABLE KEYS */;
UNLOCK TABLES;

--
-- Table structure for table `media_types`
--

DROP TABLE IF EXISTS `media_types`;
/*!40101 SET @saved_cs_client     = @@character_set_client */;
/*!50503 SET character_set_client = utf8mb4 */;
CREATE TABLE `media_types` (
  `id` int unsigned NOT NULL AUTO_INCREMENT,
  `name` varchar(255) CHARACTER SET utf8 COLLATE utf8_unicode_ci NOT NULL,
  PRIMARY KEY (`id`),
  UNIQUE KEY `name` (`name`)
) ENGINE=InnoDB AUTO_INCREMENT=4 DEFAULT CHARSET=utf8 COLLATE=utf8_unicode_ci;
/*!40101 SET character_set_client = @saved_cs_client */;

--
-- Dumping data for table `media_types`
--

LOCK TABLES `media_types` WRITE;
/*!40000 ALTER TABLE `media_types` DISABLE KEYS */;
INSERT INTO `media_types` VALUES (3,'audio'),(1,'photo'),(2,'video');
/*!40000 ALTER TABLE `media_types` ENABLE KEYS */;
UNLOCK TABLES;

--
-- Table structure for table `messages`
--

DROP TABLE IF EXISTS `messages`;
/*!40101 SET @saved_cs_client     = @@character_set_client */;
/*!50503 SET character_set_client = utf8mb4 */;
CREATE TABLE `messages` (
  `id` int unsigned NOT NULL AUTO_INCREMENT,
  `from_user_id` int unsigned NOT NULL,
  `to_user_id` int unsigned NOT NULL,
  `body` text CHARACTER SET utf8 COLLATE utf8_unicode_ci NOT NULL,
  `is_important` tinyint(1) DEFAULT NULL,
  `is_delivered` tinyint(1) DEFAULT NULL,
  `created_at` datetime DEFAULT CURRENT_TIMESTAMP,
  PRIMARY KEY (`id`)
) ENGINE=InnoDB AUTO_INCREMENT=201 DEFAULT CHARSET=utf8 COLLATE=utf8_unicode_ci;
/*!40101 SET character_set_client = @saved_cs_client */;

--
-- Dumping data for table `messages`
--

LOCK TABLES `messages` WRITE;
/*!40000 ALTER TABLE `messages` DISABLE KEYS */;
INSERT INTO `messages` VALUES (1,101,55,'Magni possimus quasi blanditiis ad. Hic consequuntur sint error accusamus ipsam.',0,0,'2011-04-16 04:03:38'),(2,13,140,'Perferendis nesciunt sed et quibusdam dolore maiores libero. Qui nisi dolore et rem. Qui natus porro velit ea est voluptatem. Doloremque tenetur provident consequatur sit dolores dolor.',0,0,'2012-06-04 01:26:13'),(3,111,98,'Alias ut sapiente minus dolore tempore totam. Quaerat animi asperiores porro voluptatem dicta. Nostrum ipsa velit nisi ab esse doloremque cupiditate. Optio magni quae sequi atque eveniet unde.',1,1,'1979-06-28 13:45:14'),(4,94,14,'Qui assumenda odio sit. Cumque ipsam repudiandae qui voluptas nihil commodi voluptatem. Nobis hic repellat et fugiat. Similique cupiditate delectus qui nihil repellendus nihil id excepturi.',0,1,'1986-10-29 23:14:07'),(5,54,18,'Alias placeat omnis velit optio et enim ut. Distinctio sed et voluptatem ex distinctio officiis. Officia ratione quidem et architecto non voluptas excepturi.',1,1,'1982-08-21 05:15:02'),(6,133,107,'Architecto blanditiis qui sint eum veritatis blanditiis libero mollitia. Doloremque optio minima nihil blanditiis ut modi. Alias corporis sed delectus sed quasi nostrum consequatur.',1,0,'2010-10-12 13:53:29'),(7,16,72,'Et et nihil atque eligendi autem quisquam. Aperiam inventore non dolorem. Asperiores et aut repellendus quia autem minus nulla.',0,1,'1989-08-02 05:41:04'),(8,20,104,'Rerum natus est unde alias voluptatem. Illum ratione molestias quia dolor natus earum consequatur eius. Non in nisi nisi eum nobis.',1,1,'2013-10-21 08:34:38'),(9,18,34,'Non nihil id qui. Libero possimus iure vitae. Impedit hic quo pariatur accusamus omnis dolorem et voluptatum. Facilis voluptates ad et vero explicabo sunt eveniet.',0,1,'2016-12-29 10:57:12'),(10,42,145,'Eos qui adipisci dolores iusto doloremque. Et ducimus facere alias blanditiis qui aliquam incidunt. Dolorem aliquam ut provident natus laboriosam dolorum. Fugiat ad perferendis omnis aliquam minus commodi.',0,1,'2007-11-12 22:14:24'),(11,58,14,'Voluptatem ut illum recusandae quis minima. Accusantium debitis fuga facilis quos officiis debitis. Iste qui qui error velit molestias quia sequi laudantium. Similique dolorem explicabo beatae accusamus.',1,0,'1996-08-04 17:30:52'),(12,108,12,'Et quidem facere est ducimus natus et ut. Ut impedit laborum optio consequatur porro. Alias saepe nulla quia veniam. Est facilis ut eum nobis consequuntur nihil.',0,1,'2001-01-22 13:53:28'),(13,37,39,'Exercitationem repellendus at repellat quia ut voluptatibus. Possimus molestias nihil error tempora molestias itaque. Ut et voluptatem qui voluptatem et. Quis optio esse et aperiam autem tenetur commodi.',1,0,'2016-02-02 01:44:20'),(14,139,122,'Ullam magni et eos tempora distinctio dolores fuga exercitationem. Aut dignissimos beatae incidunt molestiae. Ducimus molestiae ab alias voluptatem quia consectetur alias.',0,1,'1978-03-31 07:10:06'),(15,87,76,'Rerum officia assumenda non repellat. Qui ut deserunt laudantium. Repudiandae dolor amet voluptatibus.',0,1,'1991-02-12 08:59:58'),(16,38,38,'Accusantium quae consectetur temporibus aliquid ab. In nobis illo modi omnis eius amet accusantium. Nesciunt architecto tenetur et magni adipisci omnis neque. Dicta aut magnam non.',0,1,'1981-11-24 15:17:06'),(17,130,51,'Aut cupiditate optio et alias nostrum explicabo. Et esse nihil totam dolores sint id quam. Et velit perspiciatis voluptatem repellat blanditiis vero dignissimos. Sint debitis voluptas voluptas quos.',0,0,'2000-09-02 20:46:03'),(18,28,91,'Sunt porro omnis molestias illo in rerum dolorem saepe. Id nisi hic quis vel qui minima. Omnis saepe quaerat enim similique.',1,1,'1995-08-24 04:11:33'),(19,149,121,'Et nam quia quasi dolores vel fuga nesciunt. Et ex ut alias esse. Aut temporibus dolorum odit nostrum recusandae quia vel. Temporibus veniam veniam mollitia consequatur.',0,0,'2008-06-20 22:24:01'),(20,104,52,'Temporibus vitae et necessitatibus. Modi cumque impedit aut distinctio. Quidem vel cum non sit.',1,0,'1992-01-05 13:49:54'),(21,138,87,'Facere quod in architecto temporibus nesciunt aut. Dolor ex consectetur quia ipsum quis sunt dolores repellat. Dolor modi reprehenderit corporis qui animi hic.',1,0,'2013-06-01 03:35:22'),(22,9,4,'Ea doloribus aliquid accusamus consectetur aliquam illo. Voluptatem dolore molestiae aliquam omnis soluta a in. Aperiam reiciendis natus provident consequatur totam.',1,1,'2013-02-26 16:25:40'),(23,8,28,'Earum aut vitae pariatur quis quibusdam magni dolorum. Exercitationem velit quasi nam est nostrum cupiditate sit. Et in dolorum quibusdam similique voluptates et qui. Iusto sit omnis consequatur eos doloribus in incidunt.',1,1,'1978-02-05 21:04:48'),(24,107,25,'Accusamus harum quo dolor dolor deserunt. Eaque quas fugit repellat aliquid ea veritatis. Ex sit dolorem aperiam quis laudantium non consectetur. Et at non sed consequuntur quis.',0,1,'1989-06-14 06:20:51'),(25,61,149,'Aspernatur voluptatem fugiat quia quia aliquid. Perferendis et quo et dolorum nihil dolores facere. Deleniti et sed aut aliquid. Molestiae cumque atque ipsa praesentium.',1,1,'2017-02-07 17:26:05'),(26,20,119,'Non error repellat est et. Dolorum in sed aut et aut tempora doloremque. Ut tenetur dolorem dignissimos.',1,0,'1973-10-24 01:31:06'),(27,12,128,'Eaque et quis nobis quasi. Reprehenderit qui molestiae et. Ipsa hic exercitationem facere minima optio. Architecto numquam aut ex et autem rem. Voluptatem hic nesciunt voluptas itaque ea quae tempora.',1,0,'2019-06-29 10:41:28'),(28,131,49,'Ipsa nam ut qui a veritatis animi. Nulla exercitationem eveniet temporibus. Qui dicta impedit porro vel omnis. Sint voluptatum amet sed aliquid.',1,0,'1988-12-05 16:29:10'),(29,16,119,'Exercitationem sequi modi culpa nihil. Reprehenderit et mollitia et blanditiis blanditiis. Velit et id enim impedit tempora non. Incidunt sint voluptate deleniti a totam nobis.',0,0,'2017-05-31 21:03:35'),(30,21,102,'Dolores odit qui ea necessitatibus nihil. Et et architecto vel maxime. Consectetur inventore est hic quia dolores.',1,0,'1979-07-29 03:08:24'),(31,44,58,'Unde distinctio est enim quasi exercitationem et vero nemo. Atque nihil temporibus nulla sed omnis cumque. Rerum harum id sed libero illo. Dolores veniam qui minus architecto.',0,0,'1993-06-12 17:28:57'),(32,140,24,'Qui asperiores hic alias repellat et labore ab. Pariatur fugiat et illum et. Blanditiis unde voluptatem aut.',1,1,'1971-06-03 19:43:36'),(33,109,17,'Dolorum facilis at velit vel fugit aliquam soluta. Asperiores ducimus dolores eligendi assumenda quidem qui sed impedit. A laboriosam et beatae nemo quasi autem. Non ut quo officiis libero et.',0,1,'1972-07-16 05:14:28'),(34,115,107,'Id sed in quos mollitia maxime aut. Quia alias earum molestiae nihil consequuntur sit voluptatibus. Totam rerum nesciunt in corporis cum in. Et qui omnis aspernatur est.',0,1,'1984-05-05 19:30:12'),(35,137,69,'Nam ex repudiandae tempore. Commodi dignissimos ea suscipit.',0,0,'1998-09-09 13:02:00'),(36,9,125,'Nemo et soluta praesentium eos qui illo. Veritatis harum dolores et quia ducimus aperiam aut ducimus. Minus dignissimos ratione et tempora optio. Fugiat quia illum quo quia porro vitae facilis.',1,1,'1988-04-18 17:30:33'),(37,5,17,'Excepturi autem possimus eveniet excepturi. Quia sint amet unde rerum accusantium. Quia similique consectetur quidem quo sit et. Eum laudantium rem excepturi.',1,0,'1996-06-21 16:56:48'),(38,129,13,'Omnis ullam rerum distinctio pariatur sapiente. Dolores nobis deserunt dicta iste voluptatibus ut beatae. Laboriosam facere pariatur magni.',1,1,'2018-10-15 06:18:49'),(39,44,86,'Dolores autem quibusdam inventore corrupti. Totam exercitationem dolores odio sed laudantium iusto. Amet ut nulla quidem cupiditate. Consequatur eaque et pariatur consequatur consectetur commodi repellendus.',0,1,'1978-03-24 17:41:43'),(40,38,105,'Voluptatum quia expedita nihil vitae repudiandae iure. Itaque ut praesentium voluptatibus officiis aut magnam deleniti. Quod autem autem impedit et consequatur. Aut eligendi recusandae distinctio voluptas enim ut.',1,0,'1997-07-12 14:46:43'),(41,84,57,'Commodi fuga recusandae dolor quia nihil possimus corrupti. Inventore facilis qui enim praesentium perferendis non et. Et maxime numquam odio et commodi.',1,1,'2019-09-02 05:49:07'),(42,73,96,'Quo omnis nobis et deleniti sunt. Aut non consectetur ipsam nostrum molestiae voluptate esse consequuntur. Dolorum quo autem blanditiis eum. Non delectus doloribus voluptatibus in voluptas ipsum.',1,0,'1979-10-09 05:12:48'),(43,34,53,'Laudantium porro numquam repellat consequatur illum. Alias ipsum ipsa quo consectetur quis voluptates. Ea laborum voluptas sit aperiam. Et nostrum dolor aperiam sed dolores laborum quo laboriosam.',0,0,'1973-11-23 05:50:11'),(44,144,50,'At eveniet sint autem voluptate eos est itaque. Nihil ea est id sed. Rem voluptas porro voluptatem et.',1,1,'2000-04-29 07:21:53'),(45,22,14,'Culpa aliquam minima impedit neque. Dolorem impedit cupiditate distinctio iusto. Velit voluptatem ipsam ut eos temporibus totam libero.',0,1,'1986-08-02 01:35:43'),(46,2,66,'Non veritatis cupiditate velit at quam voluptatibus voluptatem. Nulla minima ut dicta magnam numquam sunt. Quia sunt quod aut id consectetur laborum. Blanditiis et voluptatem molestiae velit velit et voluptate enim.',0,1,'1984-01-25 15:23:34'),(47,72,141,'Fuga cupiditate pariatur consectetur commodi tempore perspiciatis. Harum fugit harum vero cum tempore autem et. Velit in similique omnis et ut sit ex.',1,0,'1988-12-07 06:03:08'),(48,90,31,'Placeat nostrum doloribus ut minus voluptatem libero iste. Eaque voluptatem sed tempora dolorem praesentium ipsum qui dicta. Doloribus repellat deleniti illum quia est autem ea. Magni sapiente nulla doloribus tempora dolor facilis sint.',1,0,'1981-10-28 21:44:14'),(49,7,54,'Iure dolor est repudiandae ab quam nihil. Voluptatem deleniti et ducimus quo eveniet asperiores rerum. Placeat illo nihil omnis magnam eligendi. Dolorem ipsum tempore doloribus minus blanditiis non.',0,1,'2019-09-26 21:01:16'),(50,138,143,'Incidunt quae vel dolor molestiae autem. Nihil odit voluptatum natus aspernatur voluptas. Facilis voluptatem dignissimos est ipsum repellat omnis et. Dolor quo soluta earum ut voluptatibus omnis voluptatem. Dolore officiis quidem dolores qui labore inventore dolores.',0,1,'2008-06-21 05:07:02'),(51,122,146,'Consequatur cupiditate id vitae. Consectetur ducimus iste in molestias. Sequi perferendis magni reiciendis sunt ratione temporibus. Ipsum eligendi sed officia pariatur minus sequi qui.',1,1,'1975-09-03 18:20:32'),(52,118,127,'Magnam dolor distinctio deleniti dolor quidem in perspiciatis. Est quia id sit nihil fugiat. Eaque vel reprehenderit omnis sed. A maiores odio fugit soluta necessitatibus.',1,1,'1990-04-13 01:57:22'),(53,13,96,'Molestiae autem magnam tempora et molestias sed veniam. Sint commodi quisquam suscipit et aliquam. Impedit laudantium dolores voluptas autem cumque.',0,0,'2014-04-08 11:39:14'),(54,139,57,'Dolor aut fuga rerum quo voluptatibus. Est error beatae rerum sit unde aliquid velit. Non doloremque aut rerum voluptate error soluta in consequatur. Totam quisquam velit rem unde eius totam.',1,1,'1989-08-23 03:36:53'),(55,31,26,'Id vel doloribus repellendus et in temporibus ex. Similique itaque itaque earum voluptatem asperiores error. Cupiditate officiis aperiam deserunt iusto at blanditiis dolor est.',0,0,'1996-10-06 21:10:28'),(56,11,114,'Cupiditate molestiae dolores ex nihil sit. Exercitationem ut sequi aut neque. Dolores qui ut dolore dolorem provident et ut. Tempore quasi et nihil accusantium qui repudiandae culpa.',0,1,'1992-08-02 19:03:38'),(57,82,84,'Neque alias assumenda ducimus laudantium doloribus enim. Dolore veritatis illum praesentium dolore nihil dolor porro. Ut tempora et placeat ut officia et est.',1,1,'2012-04-27 14:45:38'),(58,60,116,'Inventore voluptas ex quaerat non excepturi. Sit eveniet autem temporibus officiis et architecto id earum. Sint laudantium aut et animi ea vitae dicta.',0,1,'1975-08-20 18:48:53'),(59,137,53,'Praesentium maxime alias nemo alias. Aut consequatur quisquam perferendis voluptatum id qui quos. Voluptatem ex et repellat aperiam. Dolor et fugit aut accusamus.',0,0,'1975-06-29 14:47:14'),(60,15,9,'Consequatur rerum voluptates voluptatem incidunt reprehenderit nam consequatur. Esse iusto veniam reiciendis et culpa dolorem et quaerat. Perspiciatis sit ratione provident hic magni possimus.',1,0,'2010-07-22 13:50:12'),(61,67,17,'Aut ut explicabo atque officiis voluptas. Laboriosam impedit quibusdam ut et facilis ad mollitia.',1,1,'1986-02-06 20:28:01'),(62,74,139,'Minus sunt consequatur velit facere. Omnis aut excepturi commodi rerum et quis quae. Hic labore aut voluptas perspiciatis aut fugit. Sunt est quidem illo tempore modi nemo.',0,1,'1994-07-24 11:05:09'),(63,7,13,'Et omnis expedita quo impedit sapiente. Impedit optio sed quod voluptatem. Soluta sunt sint voluptatem sunt. Doloremque laudantium placeat dolor sed nobis id.',0,1,'2015-05-10 10:36:38'),(64,20,13,'Ipsum nostrum fuga illo quo. Aliquam voluptate deleniti recusandae eligendi veniam. Nisi deserunt dolore rem architecto. Ut non voluptates repellendus dolorum saepe.',0,0,'2009-03-23 21:20:33'),(65,66,8,'Possimus id deserunt ea odio vero. Omnis eos temporibus ullam sint unde sunt et. Pariatur vitae sed iste quae odio eos. Totam sunt eius quo blanditiis aut consectetur sunt.',1,1,'1980-12-05 16:10:05'),(66,6,38,'Eius aut totam est qui quibusdam. Consectetur ea dolor facere aut iusto repellendus.',1,1,'1996-11-13 17:42:55'),(67,4,123,'Quo doloremque tempore et neque nemo quia beatae. Quaerat deserunt ut sequi. Eos dolorum distinctio suscipit velit. Vitae in id placeat dolore.',0,1,'1972-04-17 04:02:24'),(68,14,16,'Repudiandae ea voluptatem ducimus unde. Odit dignissimos vitae qui expedita eos ut veniam dolor. Maiores assumenda autem pariatur ut mollitia corporis et sint.',0,0,'1986-12-22 03:39:55'),(69,68,2,'Reiciendis consectetur corrupti totam officia. Necessitatibus voluptates laudantium excepturi in ipsa adipisci. Ut nulla consectetur molestiae.',0,0,'1991-01-15 22:50:07'),(70,73,99,'Sapiente fuga vero ea vel recusandae. Et earum maiores nobis blanditiis possimus. Suscipit voluptatum repellendus voluptatem aliquid dolore. Quos natus non modi voluptas aut magni.',1,1,'1986-12-13 14:52:51'),(71,28,84,'Accusantium aliquam est nam est fuga ut quae. Qui natus ab id maxime. Corrupti sed veritatis repellat deleniti qui officia. Atque qui mollitia error iusto nihil consectetur.',1,0,'1983-07-03 01:18:54'),(72,62,110,'Ratione pariatur consequuntur libero animi. Voluptatem qui dolorum natus fugit incidunt. Consequatur deleniti rerum facilis nesciunt ad.',1,0,'1987-08-27 05:45:59'),(73,17,121,'Nostrum esse eaque aut possimus nemo pariatur. Consequatur praesentium necessitatibus dolorem. Quibusdam voluptates autem quo.',0,0,'2009-03-21 01:00:56'),(74,75,4,'Sit nulla consectetur quod et est rem et. Earum fugit et quod vel non assumenda. Ab et occaecati quia tempora.',0,1,'1990-07-20 13:01:14'),(75,24,90,'Culpa voluptatem accusantium sunt doloremque numquam voluptatibus illum. Commodi exercitationem aut asperiores optio id animi molestias. Officia nesciunt ipsum aut et sit. Rerum eos nihil aut quam.',0,0,'2003-05-09 18:13:53'),(76,12,91,'Ut reiciendis asperiores nihil explicabo nihil velit dolorum. Voluptatum consequatur aspernatur debitis quia. In velit hic sed iure.',1,0,'1970-05-04 14:12:58'),(77,106,86,'Neque id cupiditate impedit sed nostrum. Sit quo expedita aut. Architecto vitae fugiat ipsa voluptas neque laborum aut.',1,1,'1983-02-25 15:07:57'),(78,80,113,'Consequatur commodi et in quia. Et quia sunt iusto voluptates nesciunt omnis sunt. Assumenda eaque ducimus inventore eum.',1,0,'2009-05-23 05:06:34'),(79,98,100,'Eius ab sint qui qui nostrum alias aut. Voluptas aut et rerum id. Dolorum veniam fuga fugiat odio ipsa. Neque minus sequi ab pariatur cumque dolore.',1,1,'2006-09-28 16:18:21'),(80,125,14,'Dolorem enim illo cupiditate harum sit repellat. Velit voluptatem neque iusto nihil eveniet. Vero reprehenderit cumque natus nihil aliquam voluptatem. Facilis hic repellat eveniet hic.',0,1,'1970-12-23 23:05:52'),(81,107,131,'Autem nihil voluptatem corrupti. Voluptatum quibusdam consectetur eum eum eligendi sunt fuga. Enim numquam voluptas reiciendis voluptatem qui.',1,0,'2006-05-18 20:01:24'),(82,51,110,'Nemo qui est tempora. Id esse voluptatem corporis vero dolores aliquid quam. Velit nobis cumque aut molestiae.',1,1,'2009-06-22 21:36:29'),(83,103,65,'Consequatur debitis nam quis placeat. Porro suscipit rerum est sunt neque. Rerum alias id vel ut error perspiciatis.',0,0,'2005-04-06 23:30:18'),(84,126,21,'Quo perspiciatis aut cupiditate ut laudantium qui ullam. Facere itaque tempore quod consequuntur sit. Voluptas nihil voluptatem dolorem.',0,0,'1971-09-08 07:39:12'),(85,67,48,'Tempora cum vel aliquid et. Quas aut cum quisquam quidem consequuntur nisi iusto. Sit eum vel voluptatem molestias recusandae natus laudantium.',1,0,'1974-01-07 10:43:12'),(86,119,94,'Earum voluptas sit reprehenderit voluptatem ipsum sed. Quis sunt et veniam. Autem veniam sequi perferendis velit voluptas qui. Facere ut est cupiditate iure soluta.',0,0,'1998-01-30 10:07:43'),(87,131,31,'Est voluptas hic maxime et laboriosam omnis. Voluptates ut laboriosam quia maxime et aspernatur. Eos aut saepe aspernatur laudantium omnis.',0,1,'1980-10-01 14:50:49'),(88,53,148,'Unde dolores aspernatur dolores dolorem aliquam eos mollitia. Perspiciatis cupiditate molestiae assumenda explicabo. Et velit deserunt velit nisi ea quia necessitatibus accusamus. Unde vel harum aut est quia praesentium. Consequatur praesentium sequi consequatur rem.',0,0,'2004-05-31 02:36:05'),(89,2,128,'Et assumenda minus sapiente ipsam amet doloribus quo deleniti. Aut molestiae tempore mollitia cupiditate odio quisquam quia velit. Ad earum qui et deserunt odit sit tempore. Quod debitis voluptas et sapiente vel et et eligendi.',0,1,'2000-09-02 06:32:31'),(90,1,26,'Consequatur expedita iure sed vel ut. Fugit adipisci exercitationem neque. Dolore consequatur quod molestias dolores molestiae eum aliquid suscipit. Quas repudiandae illum quisquam laudantium dolore non.',0,1,'1984-06-23 12:14:21'),(91,67,13,'Et adipisci aliquam delectus dignissimos sed eaque laudantium debitis. Molestias aliquam harum omnis inventore. Ut ducimus neque sit sed occaecati quia officiis.',0,1,'1978-02-21 11:37:08'),(92,117,23,'Nisi quis assumenda omnis neque vel est. Commodi dignissimos ullam repudiandae quis temporibus.',0,1,'1979-12-04 19:50:16'),(93,98,47,'Tenetur molestiae perspiciatis reiciendis dolor veritatis. Est dolores quia velit eum odio. Recusandae qui cupiditate error. Aut quis excepturi suscipit asperiores cupiditate possimus.',1,0,'1986-01-20 22:40:16'),(94,135,45,'Exercitationem incidunt possimus aut recusandae est aspernatur quia deserunt. Culpa unde voluptates perspiciatis voluptatum est odit sed. Eum quia nemo eum.',0,1,'1970-09-25 01:21:27'),(95,146,110,'Dolorem et consequatur cumque dolorem. Veniam et iure aut ab dolores. Laudantium qui laborum maiores minus quos non voluptates. Quasi ex inventore et fuga sed.',0,1,'1976-01-26 03:42:25'),(96,59,102,'Commodi assumenda esse sapiente. Facere rem voluptate iusto quis quia et. Dolor consequatur rerum magni debitis atque aut cupiditate. Suscipit enim ea suscipit quaerat quis. Quis sunt sapiente veritatis autem sunt laboriosam.',1,1,'1972-01-01 16:07:16'),(97,91,110,'Nesciunt exercitationem ratione dolor eaque ipsa. Nihil quia id officia eaque et tempora deleniti. Et fuga a velit repudiandae ut magnam.',0,1,'1975-01-03 01:51:45'),(98,62,43,'Qui expedita sit eligendi quidem. Expedita earum corporis voluptatibus unde. Corrupti totam autem corporis.',0,0,'1987-05-13 12:21:57'),(99,24,37,'Iure sunt tenetur occaecati ipsam. Et similique recusandae qui consequatur. Dolorum veritatis id consequatur sit aut veniam corrupti. Dolore similique voluptates rerum est.',1,1,'1978-05-23 10:59:40'),(100,64,90,'Deleniti dolore aut soluta fugit cum velit suscipit natus. Labore vel labore rerum est aliquam. Consectetur quis eos nam ea eius voluptate. Optio eos quam debitis quia cupiditate et.',0,0,'1982-09-10 01:48:42'),(101,84,33,'Fuga sit eum architecto laboriosam temporibus officiis unde sint. Autem dolore id modi aliquid. Laboriosam molestiae omnis explicabo dolorem aut rem aperiam quo. Quia qui quasi quasi minima ut adipisci.',1,1,'1993-06-10 06:22:17'),(102,34,64,'Aliquid velit nam ut tempora commodi laborum maxime. Aspernatur voluptatem doloremque nostrum ratione omnis nesciunt autem quibusdam. Aut dolorem et adipisci molestias sint ex repellat. Voluptatem et et nisi accusamus unde quidem et.',1,1,'1971-04-28 05:29:55'),(103,63,86,'Quia a unde enim tempora aperiam. Itaque tenetur amet repudiandae natus cumque quas dolores hic. Velit saepe facere qui quo. Sint sequi corrupti et perferendis. Qui non facere repudiandae cupiditate.',1,1,'2006-07-18 19:52:46'),(104,61,65,'Sed laudantium et in voluptate dolore asperiores. Adipisci aut beatae explicabo. Iure adipisci mollitia quia est animi perspiciatis. Sit sit exercitationem est.',1,0,'2013-10-18 18:22:17'),(105,63,62,'Esse molestiae laudantium rerum necessitatibus laboriosam. Dolores quidem dolor voluptatem iure doloribus. Nihil qui illo est. Est et totam et corporis et.',0,0,'1982-01-13 03:56:40'),(106,90,130,'Quas fugiat occaecati est veniam ut. Expedita vel consequatur reiciendis. Aut nisi eos dolores deleniti ut id nemo. Sunt porro accusantium autem dignissimos cum quisquam eos quae.',1,1,'1972-09-19 08:46:30'),(107,74,56,'Ipsum accusantium sit natus accusantium. Nulla eaque necessitatibus distinctio blanditiis. Quos laboriosam iusto libero nesciunt aut et magni enim.',0,0,'1971-04-27 02:20:56'),(108,3,21,'Itaque aut et voluptas in quia et. Recusandae voluptate voluptatum odio optio. Vel dolore iure omnis laboriosam molestias. Impedit libero consectetur eaque consequatur incidunt cupiditate.',1,0,'2009-05-27 07:28:27'),(109,102,138,'Totam vel eum ad consectetur voluptas velit. Qui laboriosam commodi delectus tempora modi quasi sit. Iste natus vero ut modi placeat.',0,0,'1996-01-15 10:49:07'),(110,66,98,'Ut temporibus magni sequi omnis. Atque minima officia temporibus. Qui similique ratione id voluptates. Voluptates impedit eum qui aperiam.',1,1,'1982-06-11 14:55:13'),(111,98,125,'Laboriosam autem maiores nesciunt modi facere odit voluptatem aut. Hic quas quibusdam ex aliquid. Quos sit quis tenetur assumenda.',0,1,'1988-09-01 03:36:13'),(112,50,38,'Et error voluptatem at atque. Qui error possimus occaecati facere voluptates voluptate et. Perferendis sit autem placeat vel sit facere laudantium. Neque temporibus animi maiores aperiam similique.',1,1,'2010-05-27 09:03:13'),(113,84,111,'In quia eum est unde similique et est. Accusamus est autem explicabo sapiente facilis.',0,0,'1985-04-09 10:36:55'),(114,81,108,'Numquam quia nam in itaque. Atque ipsa mollitia occaecati repellat. Minima ut animi amet at beatae omnis ad. Sit dolorum voluptas nesciunt voluptatibus molestias iusto beatae.',0,1,'2017-11-01 05:02:59'),(115,148,144,'Aut reprehenderit non magnam aut perferendis ullam quia quam. Nesciunt et perferendis consequatur dicta beatae ipsa et. Earum ut illum ratione aperiam et sed. Molestias esse natus quis eligendi.',0,0,'1984-04-05 01:39:13'),(116,48,81,'Explicabo dolor rem perferendis eius consequuntur. Sit voluptatem atque non sit recusandae dolores est. Dicta id aut quo rem consequatur laudantium perferendis. Nobis atque qui dolores cum. Quia fuga libero ratione quos excepturi et.',0,0,'1975-06-04 21:47:44'),(117,27,81,'Et tempore enim dolorem doloremque sunt vero voluptatem. Laborum provident pariatur dolores libero non dignissimos amet. Dolorem nobis excepturi ea autem eligendi aliquid. Deleniti excepturi voluptatem possimus deleniti atque doloribus.',1,1,'1979-06-09 07:45:18'),(118,145,89,'Fuga voluptatum doloribus consequatur minima. Deleniti voluptatibus qui odit qui. Consequatur quis id dolores eius. Dolor harum quisquam in unde et.',0,0,'2001-09-23 11:49:59'),(119,17,56,'Officia temporibus sunt nisi incidunt exercitationem. Quia officia ducimus facere voluptas. Omnis et distinctio magnam exercitationem quisquam nobis.',1,0,'2010-04-17 13:03:24'),(120,4,80,'Occaecati dolores nihil amet aut excepturi voluptatem sit et. Esse sunt totam sint sequi maiores sed praesentium. Ut magni temporibus placeat repellendus qui explicabo. Cumque veniam tempora autem maxime.',0,0,'2007-11-27 03:51:29'),(121,118,93,'Dolor atque qui est aliquam cumque cum. Tenetur unde ut et molestiae rerum nisi quia. Rerum ipsam quae alias et. Illum vitae maxime minima in harum sequi quia.',0,0,'2013-08-19 23:18:16'),(122,60,41,'Placeat aperiam doloribus ipsum aliquam. Ad repellat nisi rerum et aspernatur.',0,0,'1973-09-01 00:45:17'),(123,149,62,'Sequi est corrupti omnis consequuntur laborum aut. Aut dolores est ut atque quasi quis hic. Voluptatibus odio aut natus quaerat eum eum impedit. Necessitatibus recusandae molestiae dolores.',1,0,'1986-10-28 03:09:14'),(124,62,100,'Voluptatem qui aut iure et libero dolore modi. Qui omnis aperiam impedit ratione neque expedita quasi.',1,0,'1983-06-21 16:25:24'),(125,50,128,'In adipisci labore ab. Voluptatibus maxime rem in autem in. Autem sit et qui voluptatem occaecati ut. Debitis temporibus praesentium aliquam cupiditate sit mollitia aperiam.',0,1,'2016-02-27 06:14:46'),(126,48,147,'Dolores fugiat eum nisi qui impedit quas perspiciatis iste. Alias harum quo assumenda itaque vitae sit tempora aut. Facere expedita assumenda aliquid molestiae. Numquam voluptas a pariatur molestiae et vel inventore dolores.',1,0,'1994-10-01 07:23:48'),(127,102,97,'Beatae debitis ab qui debitis consectetur id. Quis eum sint labore aut. Dolor impedit qui corrupti nam.',0,1,'1992-05-15 23:50:44'),(128,35,36,'Tenetur ipsam aliquid vero velit suscipit rem dolorem. Numquam voluptatem aut dolorem quia. Magni et ad iste eius.',1,0,'1999-11-22 00:07:51'),(129,57,115,'Similique velit minus quidem amet et. Blanditiis autem ea velit ab iste voluptas est. Pariatur consequatur et distinctio odit sit similique modi.',1,0,'2013-08-26 21:00:21'),(130,143,54,'Excepturi veniam ipsum autem velit est et quia culpa. Praesentium sed ipsam aliquid dolorem nostrum unde. Eum est pariatur debitis facere ullam voluptatem consequuntur.',1,1,'2012-12-25 16:31:01'),(131,109,41,'Expedita sunt id hic. In omnis saepe facilis quos. Quis dolorum nisi esse esse placeat cupiditate. Unde eos fugit et repellendus maiores sapiente impedit rerum. Aut earum vero dicta saepe modi.',1,0,'1971-12-18 08:14:54'),(132,135,135,'Maxime alias vel adipisci provident omnis vel cupiditate. Est laborum quis occaecati dicta vel ducimus eos. Est optio quod cumque aspernatur repellat. Rerum quas quae pariatur et.',0,1,'2010-12-28 19:11:52'),(133,121,130,'Sunt deserunt voluptatem sunt quaerat at praesentium atque. Incidunt repellat minima dignissimos placeat totam aperiam veniam. Est at quos pariatur voluptatem. Eos et dolorum sit aut omnis.',0,0,'2012-01-06 14:01:38'),(134,74,138,'Sit nobis cumque omnis autem. Repellendus quas ratione soluta amet aliquam. Numquam laboriosam qui totam tempora illum ut. Dicta veniam tempore quam enim earum.',1,1,'1993-11-16 03:48:35'),(135,36,77,'Culpa quo corrupti aut in at. Et dolorem aliquid quae qui facere. Quaerat et voluptatum voluptatem nulla. Illo culpa id quia voluptas. Repellendus exercitationem natus ut dicta consequatur quaerat.',0,1,'2014-03-04 00:47:24'),(136,67,3,'Voluptatem tenetur sequi atque quisquam quisquam nisi. Hic atque labore fuga est distinctio voluptatum. Nihil voluptas qui ut sunt sed atque ut.',1,1,'1982-11-14 15:59:21'),(137,20,126,'Vel perferendis molestiae sunt et qui. Cupiditate exercitationem tenetur libero officiis quod. Illum voluptates necessitatibus facilis labore fuga corporis. Qui quas nostrum dolor quae nemo et architecto. Animi enim aspernatur saepe ipsum alias.',1,0,'2003-10-01 00:28:48'),(138,44,18,'Illo et maiores repellendus ab sunt eius. Aperiam atque eveniet consequatur expedita deleniti dignissimos unde facere. Porro velit accusamus quia rerum iste facilis incidunt. Non veritatis id autem vero occaecati minus cum dicta. Autem reiciendis provident consectetur molestias cupiditate aspernatur.',1,1,'2006-03-25 22:59:43'),(139,38,106,'Doloremque dolorum magni voluptatem non. Molestiae maiores nihil dolorem porro rerum. Expedita minima magnam voluptatem in maiores fugiat.',0,0,'1986-06-16 01:49:33'),(140,118,88,'Placeat commodi fugiat ex porro tempora officiis. Eum occaecati et eveniet ut molestiae.',1,0,'2004-10-09 11:33:40'),(141,83,15,'Dicta ab voluptatum error in. Itaque sunt id illo culpa eveniet. Doloremque blanditiis laborum sed aperiam et aliquam. Rerum dolorem fuga maiores beatae cupiditate repellat quam. Fuga id maxime et dolorum.',1,1,'2002-05-26 08:22:22'),(142,84,35,'Assumenda deserunt aspernatur tempora sunt voluptate. In dolor sint molestias distinctio sapiente est eum. Qui soluta ut dolores similique ut.',1,1,'2017-01-22 19:23:54'),(143,111,118,'Ipsa veniam non qui perspiciatis et quod tempora. Tempora incidunt eius ex ea rerum voluptatem nostrum. Suscipit perferendis quo magnam. Mollitia vero consequatur est atque voluptatibus eveniet sapiente.',1,1,'2019-05-17 15:46:16'),(144,71,18,'Et nulla sapiente voluptatum repellat est reprehenderit natus. Sed eos in expedita inventore magni. Quo quo ut modi est deleniti molestiae.',1,0,'1976-02-10 03:05:33'),(145,83,64,'Cum illum quia repudiandae nostrum. Veniam exercitationem placeat quo asperiores molestias qui. Dolor minima qui accusantium temporibus ut.',1,1,'1978-08-12 03:50:00'),(146,72,42,'Molestias dolores qui autem in sit ad odit et. Recusandae velit eveniet excepturi. Exercitationem tenetur at unde. Suscipit voluptas quae et quaerat.',0,1,'1974-06-08 20:08:52'),(147,104,56,'Quibusdam dolores totam veniam molestiae dolorem. Quidem voluptatum qui amet aut autem repellat qui. Blanditiis ad rem autem.',1,1,'2013-05-06 09:56:10'),(148,26,75,'Molestias at explicabo et impedit rerum. Asperiores odit dolorem totam sed occaecati. Itaque consequuntur ab tenetur a fugiat laboriosam.',1,0,'2005-04-10 02:06:05'),(149,36,100,'Maiores tempore et eos amet voluptatum corporis et. Modi eum eos sed.',1,1,'1997-06-19 21:37:41'),(150,62,71,'Voluptatem aliquam ut cum ut iure. In quibusdam ullam praesentium quia quaerat. In voluptatem enim quidem aliquid. Qui et quos quia qui voluptatum quo earum.',0,1,'2015-05-27 14:46:18'),(151,27,129,'Voluptates vel et quia saepe inventore est quis. Nihil quis voluptas molestias sequi commodi voluptatem molestiae aut. Eos et voluptates quo vitae velit nisi ut soluta.',0,0,'1985-09-02 20:45:27'),(152,74,46,'Sed cum facere molestiae aliquid aut. Est qui recusandae rerum quas reprehenderit. Minima est corporis iste aliquid neque. Sapiente beatae quo molestiae inventore illo omnis id corrupti. Quam rerum aliquid deleniti nesciunt tempore eligendi enim.',0,0,'2018-09-04 01:22:33'),(153,105,117,'Nemo neque quo animi omnis nesciunt commodi fuga nihil. Dolore officia odio quas dolor temporibus et sunt assumenda. Cupiditate ad consequatur ex similique in autem dolor. Dolor in assumenda fuga quibusdam voluptates occaecati magnam.',0,0,'2010-01-15 10:34:44'),(154,63,142,'Repudiandae nemo dolor voluptatibus voluptatibus. Dolorem ut dolorem ipsum inventore consequatur corporis. Quia accusantium sed et.',0,0,'2002-03-06 12:09:18'),(155,72,30,'Est odit neque debitis similique qui. Cum quo animi aut suscipit deleniti et rerum. Est vel neque nemo in error ut ipsam. Quo velit magni et excepturi quibusdam laborum.',1,0,'1991-04-13 08:00:52'),(156,79,5,'Blanditiis distinctio quia quae tenetur excepturi repellat rerum earum. Dolorem ex quae aperiam et magnam aut. Amet non qui quod est qui iusto et. Iste quisquam vel exercitationem voluptas repudiandae quaerat reprehenderit ad.',0,0,'1983-11-28 18:40:43'),(157,44,13,'Excepturi veniam ea a porro. Consequuntur aut fugit velit animi. Aliquam recusandae ipsa veniam incidunt.',1,1,'2006-10-30 23:27:27'),(158,40,5,'Harum voluptatem autem unde accusantium ratione. Voluptatem est veniam reprehenderit accusantium eum alias neque. Quod eligendi enim molestiae tempore distinctio pariatur.',1,1,'2011-08-24 08:02:00'),(159,131,110,'Aperiam quibusdam eaque ab illum quos nihil minima deleniti. Dicta fugiat autem ut quis perspiciatis consequatur. Voluptate delectus ratione dignissimos ex. Aut laborum sunt magni ex quo omnis.',1,1,'1972-05-30 01:14:32'),(160,22,64,'Magnam dolores saepe voluptas minus asperiores. Quam ea magnam odit quibusdam cupiditate. Nobis quia rerum fuga eligendi aspernatur unde recusandae. Amet dicta esse sit quisquam.',1,1,'1976-05-18 03:29:09'),(161,23,94,'Eos et ratione tempore est. Sequi saepe et ut vero alias. Quibusdam voluptates maxime sit omnis qui.',1,0,'1988-08-14 02:41:13'),(162,105,127,'Aut placeat odio voluptatem est ad qui unde. Voluptate perferendis exercitationem et sed ducimus. Expedita quasi nesciunt ex debitis.',0,0,'1991-08-09 00:04:36'),(163,149,130,'Quibusdam nostrum repudiandae aut sed. Quidem delectus atque vero dolorum. Ex voluptates iste recusandae cupiditate eos. Corrupti explicabo rerum incidunt cum cum similique.',0,0,'2005-11-30 15:08:12'),(164,51,35,'Nulla iure explicabo perferendis cum ad odio et unde. Unde at minus culpa numquam eum. Quas id dolorem voluptatem aut ea voluptas et autem. Molestiae ad architecto et dolorum neque.',1,1,'1982-05-12 19:20:19'),(165,80,113,'Enim ullam ut officia. Veritatis est id quasi alias odit ullam. Quis dicta ea rerum unde.',0,0,'1976-03-20 17:51:24'),(166,105,106,'Perferendis nihil maiores dolorum in ut. Atque doloremque consectetur est et sit ea. Commodi id commodi dolores ut et.',1,0,'1975-09-27 04:57:16'),(167,91,28,'Quo dolores voluptate autem consequatur quasi. Velit sit neque et neque ad in eum. Labore et aut aut sed harum non. Inventore et quaerat maxime sit rerum eligendi sed.',1,1,'1980-03-11 22:03:27'),(168,1,45,'Non quia impedit voluptatem laboriosam dolores. A in iure distinctio quas molestias molestiae ab. Expedita tempore et qui non.',1,1,'2012-01-28 01:24:44'),(169,145,63,'Sint natus ipsum asperiores reprehenderit aut et ut et. Fugit incidunt autem tempora et sit. Perferendis facere aspernatur eum iste hic aut iste laborum.',1,0,'1992-04-21 05:42:16'),(170,37,67,'Nisi quod et vero quidem ut corrupti. Quaerat officiis dignissimos repellat vero. Reiciendis qui tenetur beatae id exercitationem est numquam.',1,0,'1984-03-13 10:35:23'),(171,93,116,'Dolorum perspiciatis ipsum atque harum sunt placeat. In saepe magnam non.',1,0,'1996-11-05 00:34:54'),(172,71,137,'Aliquam commodi dolor consequatur nostrum molestias est at. Nesciunt dolor pariatur tempore quae autem ea. Impedit ad beatae quis. Quidem quis quas eos molestias.',0,0,'1989-08-23 19:21:27'),(173,129,110,'Quaerat quam est voluptatem. Laudantium dicta aut nisi quae itaque. Qui quas est consequuntur dicta. Sit nisi doloremque totam ea rerum.',0,0,'2004-10-07 10:47:24'),(174,141,109,'Enim quidem sed soluta laudantium. Quidem nihil velit quos qui doloribus. Velit rem repudiandae necessitatibus tempora inventore voluptas in.',0,0,'1984-01-04 08:58:18'),(175,70,13,'Aut explicabo delectus possimus voluptatibus enim. Asperiores et eligendi voluptas nihil veniam nisi. Consequatur vitae voluptas ipsum voluptatum aut repellendus. Placeat distinctio nihil tempore aut.',0,1,'1982-10-17 00:40:10'),(176,22,93,'Est aut exercitationem et velit fugiat cumque excepturi. Rerum reprehenderit voluptatem hic aut nihil reprehenderit et veritatis. Nihil enim et fugit optio. Sint dicta voluptatem quam iste officiis.',1,1,'2000-05-29 05:21:44'),(177,106,126,'Aut ut et iusto sint omnis maxime labore. Ut non ut ut omnis maiores eveniet dicta optio. Voluptatem harum dicta hic illo repellendus quia doloremque.',0,0,'2015-02-10 13:12:41'),(178,69,105,'Et dignissimos ex voluptatem ipsam exercitationem vero qui. Hic minus tenetur voluptatum voluptatem tempora nam ratione. Asperiores saepe dolor autem nemo impedit quia aperiam vel.',0,1,'1994-05-06 23:52:44'),(179,106,119,'Asperiores saepe non quod ipsam. Officiis reiciendis id aspernatur rerum in libero aut. Sint veritatis esse illo non. Adipisci aut quia voluptatibus voluptatibus dolores doloremque.',1,1,'2012-06-09 11:16:28'),(180,140,35,'Ipsa quisquam aliquam corrupti quis possimus saepe. Libero et aut sed qui. Sed sunt sapiente eum neque ut praesentium. Ex asperiores eius voluptas tempore et accusantium.',1,0,'1977-08-24 11:51:09'),(181,81,94,'Distinctio non magni reprehenderit atque. Ipsam velit dolorum officia dolorem ut. Sequi beatae non eius voluptatem sit eius.',0,0,'2019-11-22 19:45:49'),(182,140,21,'Molestiae unde iusto magni distinctio. Ipsa ut similique error et sunt vero dolorem quia. Sit aspernatur hic beatae.',0,0,'2010-06-22 08:39:28'),(183,122,141,'Et quaerat beatae omnis qui. Voluptas sit libero repellendus saepe veniam debitis. Et quia dolorem laborum. Est adipisci sequi nemo placeat dolorem.',1,0,'1976-06-30 01:57:42'),(184,66,117,'Vel laborum quaerat deleniti necessitatibus omnis iusto ut ipsa. Vel voluptatibus voluptas excepturi ut autem modi corporis. Rerum aspernatur vero adipisci eos ratione.',1,0,'2018-09-13 07:34:14'),(185,54,103,'Nihil sint animi amet ullam qui natus accusamus. Aliquam non deleniti voluptatem. Perspiciatis et eos doloribus rerum velit nostrum.',1,0,'1999-01-17 19:30:17'),(186,33,146,'Cum sit est quidem cum et est exercitationem. Officia ut tempore quasi dolore beatae. Officiis id nostrum eveniet quasi architecto magnam dolores. Inventore consequatur veniam expedita omnis alias nesciunt ut natus.',1,1,'1993-05-26 15:12:10'),(187,68,103,'Est odio in temporibus natus molestias non possimus. Saepe doloribus molestias error mollitia et.',0,1,'2013-01-29 23:35:41'),(188,133,46,'Rerum voluptatum doloremque possimus consequatur asperiores ut. In quia in magnam dicta excepturi ea rerum. Incidunt minima dicta aperiam saepe. Adipisci et est ut enim voluptatum qui voluptatem. Quasi quidem fugiat vel velit tempora exercitationem qui.',0,0,'1986-05-17 12:31:56'),(189,63,124,'Voluptas perspiciatis magnam modi necessitatibus sit ab. Inventore sequi itaque eum sunt voluptatem ut. Nostrum voluptatem magnam nam nemo deserunt harum suscipit. Ut blanditiis unde dolor voluptas quos.',0,0,'1983-08-08 19:13:45'),(190,5,133,'Est voluptas et corporis. Repellat rerum voluptatem laudantium ea doloremque.',0,1,'2018-07-08 16:29:46'),(191,137,27,'Nihil totam modi eos doloribus alias. Dolores qui atque deserunt est. Doloremque nihil voluptates suscipit.',1,1,'2018-02-06 12:37:18'),(192,75,92,'Facere quia repudiandae rerum. Tempora molestias dolorum consequatur. Reprehenderit odio cum ipsa ut ut possimus.',1,1,'1986-08-14 18:45:13'),(193,3,143,'Id quisquam esse fuga fugit in dolores dolorem. Porro omnis molestiae unde voluptates unde at. Veniam in sunt aut perferendis nam esse.',0,0,'2009-06-30 23:11:12'),(194,47,108,'Autem occaecati quo consequatur itaque. Rerum maxime ullam facere mollitia ipsam quasi ducimus non.',1,1,'1996-01-26 23:19:56'),(195,112,36,'Eius iure dolor dolorum eos commodi atque laborum et. Et autem necessitatibus iusto est. Voluptas accusamus ex ipsam labore facere facere eos.',1,0,'1993-04-21 00:01:50'),(196,143,42,'Et officiis asperiores rerum et voluptatem eligendi perspiciatis corporis. Accusantium aspernatur quis necessitatibus aut quas quaerat. Dicta commodi culpa et eius velit.',1,0,'1980-10-16 15:53:21'),(197,130,133,'Molestias dolor voluptas maxime illo accusantium et voluptatibus inventore. Incidunt est enim reiciendis delectus. Est quia autem voluptatem sint. Nemo fugit earum et voluptatum.',1,1,'2012-12-20 04:46:31'),(198,63,102,'Est aut doloribus vero aut sequi perferendis. Unde facilis id similique aspernatur quos. Alias nam eos eius inventore distinctio.',0,1,'1982-08-12 15:48:13'),(199,123,129,'Eum ducimus ea eum quaerat molestias eveniet a saepe. Reprehenderit ut molestiae accusantium numquam. Molestiae dolor omnis autem voluptas veniam laborum.',1,1,'2016-11-16 01:43:12'),(200,68,26,'Voluptatem eius et voluptatem laudantium nulla. Molestiae a magnam animi ad voluptate.',0,1,'2004-03-12 19:04:12');
/*!40000 ALTER TABLE `messages` ENABLE KEYS */;
UNLOCK TABLES;

--
-- Table structure for table `profiles`
--

DROP TABLE IF EXISTS `profiles`;
/*!40101 SET @saved_cs_client     = @@character_set_client */;
/*!50503 SET character_set_client = utf8mb4 */;
CREATE TABLE `profiles` (
  `user_id` int unsigned NOT NULL,
  `photo_id` int unsigned DEFAULT NULL,
  `gender` char(1) CHARACTER SET utf8 COLLATE utf8_unicode_ci NOT NULL,
  `birthday` date DEFAULT NULL,
  `city` varchar(130) CHARACTER SET utf8 COLLATE utf8_unicode_ci DEFAULT NULL,
  `country` varchar(130) CHARACTER SET utf8 COLLATE utf8_unicode_ci DEFAULT NULL,
  `is_private` tinyint(1) DEFAULT '0',
  `updated_at` datetime DEFAULT CURRENT_TIMESTAMP ON UPDATE CURRENT_TIMESTAMP,
  PRIMARY KEY (`user_id`)
) ENGINE=InnoDB DEFAULT CHARSET=utf8 COLLATE=utf8_unicode_ci;
/*!40101 SET character_set_client = @saved_cs_client */;

--
-- Dumping data for table `profiles`
--

LOCK TABLES `profiles` WRITE;
/*!40000 ALTER TABLE `profiles` DISABLE KEYS */;
INSERT INTO `profiles` VALUES (1,108,'w','1999-04-22','Krajcikport','Belgium',0,'2020-05-07 11:32:15'),(2,145,'w','1994-09-18','Marvinstad','Ireland',0,'2020-05-07 11:32:15'),(3,102,'m','1987-06-19','D\'Amoremouth','Korea',0,'2020-05-07 11:32:15'),(4,75,'w','1974-12-17','Port Ethyl','Saint Lucia',0,'2020-05-07 11:32:15'),(5,66,'m','2012-12-11','Port Elna','Macao',0,'2020-05-07 11:32:15'),(6,107,'w','2017-04-12','Bertaside','Singapore',0,'2020-05-07 11:32:15'),(7,37,'w','2005-03-14','Schaeferstad','Kiribati',0,'2020-05-07 11:32:15'),(8,12,'w','1976-04-13','New Lexus','Spain',0,'2020-05-07 11:32:15'),(9,99,'m','1992-01-06','South Rocio','Samoa',0,'2020-05-07 11:32:15'),(10,10,'w','2001-08-28','Maeside','Mali',0,'2020-05-07 11:32:15'),(11,53,'m','1998-12-11','Rathstad','Barbados',0,'2020-05-07 11:32:15'),(12,84,'m','1984-07-31','Lake Tyrique','Ghana',0,'2020-05-07 11:32:15'),(13,108,'m','2009-10-24','Jamirmouth','San Marino',1,'2020-05-07 11:34:46'),(14,139,'w','1976-05-04','Schustertown','Guinea-Bissau',1,'2020-05-07 11:34:46'),(15,71,'m','2018-10-31','Berthaven','Gabon',0,'2020-05-07 11:32:15'),(16,88,'w','2013-09-19','East Garth','Peru',0,'2020-05-07 11:32:15'),(17,76,'m','1975-04-10','Lake Freeman','South Africa',0,'2020-05-07 11:32:15'),(18,115,'w','1971-07-30','Lake Deja','Korea',0,'2020-05-07 11:32:15'),(19,48,'m','1987-11-25','North Everettside','Turks and Caicos Islands',0,'2020-05-07 11:32:15'),(20,45,'w','2015-07-16','New Everetteberg','Togo',0,'2020-05-07 11:32:15'),(21,80,'m','2018-10-25','Emmerichville','Bahamas',0,'2020-05-07 11:32:15'),(22,114,'w','1986-01-17','Port Lyricborough','Canada',0,'2020-05-07 11:32:15'),(23,30,'w','1983-01-11','Sheridanland','Georgia',0,'2020-05-07 11:32:15'),(24,108,'m','1996-10-08','Gibsonhaven','Ukraine',1,'2020-05-07 11:34:46'),(25,150,'m','1993-04-21','Lake Hubert','Fiji',0,'2020-05-07 11:32:15'),(26,123,'m','2015-05-11','South Kirstin','Cook Islands',0,'2020-05-07 11:32:15'),(27,14,'w','1979-12-18','East Pierceview','Mayotte',1,'2020-05-07 11:34:46'),(28,3,'w','1983-10-12','West Joanny','Ukraine',0,'2020-05-07 11:32:15'),(29,120,'m','2002-04-03','Jaceyshire','Bulgaria',0,'2020-05-07 11:32:15'),(30,140,'m','1987-08-30','Port Joel','Slovenia',1,'2020-05-07 11:34:46'),(31,41,'w','2009-08-08','Wilkinsonton','Tajikistan',0,'2020-05-07 11:32:15'),(32,85,'w','1996-09-27','Evabury','Trinidad and Tobago',0,'2020-05-07 11:32:15'),(33,150,'m','1975-07-27','East Mauricioton','Myanmar',1,'2020-05-07 11:34:46'),(34,46,'m','1990-05-06','Port Aurelio','Korea',0,'2020-05-07 11:32:15'),(35,77,'w','1971-02-14','Marvinberg','Reunion',0,'2020-05-07 11:32:15'),(36,99,'w','1992-12-03','Goyettestad','Martinique',1,'2020-05-07 11:34:46'),(37,115,'w','2012-03-11','South Hattiestad','Czech Republic',0,'2020-05-07 11:32:15'),(38,124,'w','2019-09-20','Port Hollie','Vanuatu',0,'2020-05-07 11:32:15'),(39,127,'w','1977-04-16','East Tyler','Sao Tome and Principe',0,'2020-05-07 11:32:15'),(40,111,'w','1972-12-03','Wilfredport','Northern Mariana Islands',0,'2020-05-07 11:32:15'),(41,25,'w','1975-05-13','Andersonton','Colombia',0,'2020-05-07 11:32:15'),(42,92,'m','2007-11-03','Daltonbury','Brunei Darussalam',0,'2020-05-07 11:32:15'),(43,85,'m','2003-09-11','Port Jovaniton','Northern Mariana Islands',0,'2020-05-07 11:32:15'),(44,149,'m','1989-10-28','Lake Grayce','Liechtenstein',0,'2020-05-07 11:32:15'),(45,38,'w','2015-03-08','East Luisa','France',1,'2020-05-07 11:34:46'),(46,41,'w','1974-08-07','Port Everettside','Mauritius',0,'2020-05-07 11:32:15'),(47,92,'w','2009-02-20','Nicolasland','Zambia',1,'2020-05-07 11:34:46'),(48,37,'w','1987-05-24','East Simone','Thailand',0,'2020-05-07 11:32:15'),(49,59,'w','1996-02-09','Kleinfort','New Caledonia',0,'2020-05-07 11:32:15'),(50,31,'m','1990-03-20','Gracetown','Mauritius',0,'2020-05-07 11:32:15'),(51,128,'w','1980-08-21','Alberthaview','Azerbaijan',0,'2020-05-07 11:32:15'),(52,97,'m','1988-04-04','Elroymouth','Saint Martin',0,'2020-05-07 11:32:15'),(53,99,'w','1970-11-01','South Myron','Montenegro',0,'2020-05-07 11:32:15'),(54,53,'m','1980-03-25','Schmitthaven','Palau',0,'2020-05-07 11:32:15'),(55,121,'w','2015-04-12','Kuhicview','Gabon',0,'2020-05-07 11:32:15'),(56,142,'m','2014-06-29','West Juniusburgh','Syrian Arab Republic',1,'2020-05-07 11:34:46'),(57,47,'m','1999-06-02','Gislasonstad','Morocco',0,'2020-05-07 11:32:15'),(58,109,'w','1977-07-23','Hermistonside','Dominican Republic',0,'2020-05-07 11:32:15'),(59,106,'m','1999-05-02','Port Goldenville','Nigeria',0,'2020-05-07 11:32:15'),(60,49,'w','1997-09-03','Aidanmouth','French Southern Territories',0,'2020-05-07 11:32:15'),(61,79,'w','2004-08-31','Lake Savannashire','Cyprus',1,'2020-05-07 11:34:46'),(62,95,'m','1975-06-10','Port Barryside','Palau',0,'2020-05-07 11:32:15'),(63,88,'m','1986-11-21','East Jaleelchester','Guernsey',0,'2020-05-07 11:32:15'),(64,3,'m','2002-09-19','North Natashaberg','French Guiana',1,'2020-05-07 11:34:46'),(65,54,'w','1978-08-16','Torranceland','Argentina',1,'2020-05-07 11:34:46'),(66,108,'m','2017-08-02','Gulgowskiborough','Cayman Islands',0,'2020-05-07 11:32:15'),(67,77,'w','2014-03-31','New Aron','El Salvador',0,'2020-05-07 11:32:15'),(68,63,'m','1994-08-18','Donnellyside','Brunei Darussalam',1,'2020-05-07 11:34:46'),(69,84,'m','1971-12-16','Daveton','Brunei Darussalam',0,'2020-05-07 11:32:15'),(70,80,'m','1982-04-22','Pouroschester','British Virgin Islands',1,'2020-05-07 11:34:46'),(71,147,'m','2003-09-09','Kilbackberg','Malta',0,'2020-05-07 11:32:15'),(72,46,'w','1979-12-17','South Marquesland','Hungary',1,'2020-05-07 11:34:46'),(73,86,'w','1998-01-21','Lake Crystal','Cyprus',1,'2020-05-07 11:34:46'),(74,142,'w','1977-05-18','Port Alexiechester','Gibraltar',1,'2020-05-07 11:34:46'),(75,1,'m','1970-08-28','Port Nedra','Eritrea',0,'2020-05-07 11:32:15'),(76,28,'m','1986-12-01','DuBuquechester','Norway',0,'2020-05-07 11:32:15'),(77,138,'m','1996-01-06','North Wilburnfurt','Reunion',0,'2020-05-07 11:32:15'),(78,6,'m','1982-04-26','Maiyaborough','Madagascar',1,'2020-05-07 11:34:46'),(79,63,'w','1988-08-11','Reesestad','Sweden',0,'2020-05-07 11:32:15'),(80,149,'w','1981-01-23','Michealmouth','Bangladesh',0,'2020-05-07 11:32:15'),(81,105,'w','1997-08-07','Calistaberg','Namibia',0,'2020-05-07 11:32:15'),(82,79,'m','1992-12-31','Port Annamae','Mexico',1,'2020-05-07 11:34:46'),(83,78,'w','2019-02-21','Hansenchester','Brunei Darussalam',0,'2020-05-07 11:32:15'),(84,3,'w','2003-03-25','Simtown','Bangladesh',1,'2020-05-07 11:34:46'),(85,82,'w','1990-10-10','Littelborough','Marshall Islands',0,'2020-05-07 11:32:15'),(86,98,'m','1995-10-31','Port Melisa','Uruguay',1,'2020-05-07 11:34:46'),(87,96,'m','1981-10-17','North Terrelltown','Madagascar',1,'2020-05-07 11:34:46'),(88,33,'w','1978-04-15','New Steve','Bosnia and Herzegovina',0,'2020-05-07 11:32:15'),(89,26,'w','1987-11-15','Weissnatport','Vanuatu',1,'2020-05-07 11:34:46'),(90,31,'m','1973-01-20','Langoshville','United States Minor Outlying Islands',0,'2020-05-07 11:32:15'),(91,76,'m','1972-12-15','Lake Maxland','Kiribati',0,'2020-05-07 11:32:15'),(92,139,'w','2017-06-18','New Chanellemouth','Seychelles',0,'2020-05-07 11:32:15'),(93,14,'w','1981-08-13','New Arleneside','Korea',0,'2020-05-07 11:32:15'),(94,102,'m','1998-06-14','Weldonchester','Ukraine',0,'2020-05-07 11:32:15'),(95,17,'m','2004-07-26','Theodoreview','Turkmenistan',1,'2020-05-07 11:34:46'),(96,80,'m','1997-12-11','Pfefferborough','Spain',1,'2020-05-07 11:34:46'),(97,50,'w','2001-12-27','Trompbury','Isle of Man',1,'2020-05-07 11:34:46'),(98,7,'w','1973-01-08','Gennaroview','Kazakhstan',1,'2020-05-07 11:34:46'),(99,37,'w','2004-07-21','Gutmannland','Burkina Faso',0,'2020-05-07 11:32:15'),(100,13,'w','2006-03-14','East Lennie','Tajikistan',1,'2020-05-07 11:34:46'),(101,102,'w','2008-10-31','O\'Connelltown','Bosnia and Herzegovina',0,'2020-05-07 11:32:15'),(102,22,'m','1986-02-16','Tremblayberg','Malaysia',1,'2020-05-07 11:34:46'),(103,103,'m','2017-07-25','South Geovany','Guadeloupe',1,'2020-05-07 11:34:46'),(104,147,'w','1998-01-28','Kesslerview','Christmas Island',1,'2020-05-07 11:34:46'),(105,126,'m','1988-12-03','Schneiderburgh','United Arab Emirates',1,'2020-05-07 11:34:46'),(106,39,'m','2003-02-27','Stehrberg','Falkland Islands (Malvinas)',1,'2020-05-07 11:34:46'),(107,117,'m','1982-12-18','Hagenesbury','Guernsey',1,'2020-05-07 11:34:46'),(108,18,'m','1984-04-05','Elyssahaven','Nigeria',1,'2020-05-07 11:34:46'),(109,36,'m','2004-06-25','Devenside','Sweden',1,'2020-05-07 11:34:46'),(110,126,'m','1976-05-22','Lemkemouth','Antigua and Barbuda',1,'2020-05-07 11:34:46'),(111,73,'m','1987-12-12','South German','Hong Kong',1,'2020-05-07 11:34:46'),(112,135,'m','1987-04-09','Walshchester','Tajikistan',1,'2020-05-07 11:34:46'),(113,4,'m','2007-11-11','Jaskolskishire','Guinea-Bissau',1,'2020-05-07 11:34:46'),(114,66,'w','1997-01-22','O\'Connerfurt','Morocco',1,'2020-05-07 11:34:46'),(115,18,'w','2002-04-24','North Tommie','United States Minor Outlying Islands',1,'2020-05-07 11:34:46'),(116,42,'w','2000-11-01','Lebsackton','Bolivia',1,'2020-05-07 11:34:46'),(117,6,'w','2006-11-27','South Alexandrefurt','Tonga',1,'2020-05-07 11:34:46'),(118,53,'w','1996-07-01','Chelsieton','Isle of Man',1,'2020-05-07 11:34:46'),(119,98,'m','2008-01-19','Keshawnhaven','Cape Verde',1,'2020-05-07 11:34:46'),(120,31,'w','2000-11-05','West Zoraland','Cuba',0,'2020-05-07 11:32:15'),(121,9,'m','2004-11-13','Jacobsville','Slovenia',1,'2020-05-07 11:34:46'),(122,102,'w','2009-10-07','Bodeside','Central African Republic',0,'2020-05-07 11:32:15'),(123,33,'w','1999-06-21','Port Calistaview','Congo',1,'2020-05-07 11:34:46'),(124,8,'m','2002-05-21','North Raven','Iran',1,'2020-05-07 11:34:46'),(125,91,'m','1993-07-08','Gildaside','United States Minor Outlying Islands',1,'2020-05-07 11:34:46'),(126,130,'m','2012-11-30','Lake Madisynland','Brunei Darussalam',1,'2020-05-07 11:34:46'),(127,78,'w','1982-03-20','North Julian','Bhutan',1,'2020-05-07 11:34:46'),(128,150,'w','1983-10-03','Port Rubieview','Albania',1,'2020-05-07 11:34:46'),(129,64,'m','1974-02-14','New Zakaryton','Cook Islands',1,'2020-05-07 11:34:46'),(130,21,'w','1982-01-22','West Dimitri','Congo',0,'2020-05-07 11:32:15'),(131,64,'m','1997-06-13','Tremblayhaven','Turkey',1,'2020-05-07 11:34:46'),(132,104,'w','1993-09-06','Lake Marjory','French Southern Territories',1,'2020-05-07 11:34:46'),(133,27,'w','1981-08-13','Patiencetown','Seychelles',1,'2020-05-07 11:34:46'),(134,123,'m','2011-10-19','East Lisandroton','Burundi',1,'2020-05-07 11:34:46'),(135,83,'m','2009-01-27','East Ivorybury','United States of America',1,'2020-05-07 11:34:46'),(136,44,'m','1984-10-13','West Brenda','Guadeloupe',1,'2020-05-07 11:34:46'),(137,122,'w','2015-09-13','Flatleymouth','American Samoa',1,'2020-05-07 11:34:46'),(138,28,'m','2019-11-01','East Karen','Ecuador',1,'2020-05-07 11:34:46'),(139,73,'w','1985-09-12','Naomiemouth','Benin',1,'2020-05-07 11:34:46'),(140,131,'w','2013-03-25','South Cale','Angola',1,'2020-05-07 11:34:46'),(141,136,'w','1991-08-23','Zboncakborough','Mexico',1,'2020-05-07 11:34:46'),(142,134,'w','1996-02-05','New Elianville','Malta',1,'2020-05-07 11:34:46'),(143,113,'w','2016-04-05','West Abbeyside','Liechtenstein',1,'2020-05-07 11:34:46'),(144,14,'w','2014-10-20','South Hillary','Egypt',1,'2020-05-07 11:34:46'),(145,28,'w','1973-06-28','VonRuedenberg','Grenada',1,'2020-05-07 11:34:46'),(146,99,'m','1989-10-29','Nicolafurt','Uzbekistan',0,'2020-05-07 11:32:15'),(147,110,'m','1991-05-30','Andremouth','Italy',1,'2020-05-07 11:34:46'),(148,103,'w','1988-01-08','Fordstad','Croatia',1,'2020-05-07 11:34:46'),(149,33,'m','1990-12-24','Johnsonview','Paraguay',1,'2020-05-07 11:34:46'),(150,8,'m','1972-04-30','Hicklebury','Sweden',1,'2020-05-07 11:34:46');
/*!40000 ALTER TABLE `profiles` ENABLE KEYS */;
UNLOCK TABLES;

--
-- Table structure for table `user_statuses`
--

DROP TABLE IF EXISTS `user_statuses`;
/*!40101 SET @saved_cs_client     = @@character_set_client */;
/*!50503 SET character_set_client = utf8mb4 */;
CREATE TABLE `user_statuses` (
  `id` int unsigned NOT NULL AUTO_INCREMENT,
  `name` varchar(150) NOT NULL,
  PRIMARY KEY (`id`),
  UNIQUE KEY `name` (`name`)
) ENGINE=InnoDB AUTO_INCREMENT=4 DEFAULT CHARSET=utf8mb4 COLLATE=utf8mb4_0900_ai_ci;
/*!40101 SET character_set_client = @saved_cs_client */;

--
-- Dumping data for table `user_statuses`
--

LOCK TABLES `user_statuses` WRITE;
/*!40000 ALTER TABLE `user_statuses` DISABLE KEYS */;
INSERT INTO `user_statuses` VALUES (1,'active'),(2,'blocked'),(3,'deleted');
/*!40000 ALTER TABLE `user_statuses` ENABLE KEYS */;
UNLOCK TABLES;

--
-- Table structure for table `users`
--

DROP TABLE IF EXISTS `users`;
/*!40101 SET @saved_cs_client     = @@character_set_client */;
/*!50503 SET character_set_client = utf8mb4 */;
CREATE TABLE `users` (
  `id` int unsigned NOT NULL AUTO_INCREMENT,
  `first_name` varchar(100) CHARACTER SET utf8 COLLATE utf8_unicode_ci NOT NULL,
  `last_name` varchar(100) CHARACTER SET utf8 COLLATE utf8_unicode_ci NOT NULL,
  `email` varchar(100) CHARACTER SET utf8 COLLATE utf8_unicode_ci NOT NULL,
  `phone` varchar(100) CHARACTER SET utf8 COLLATE utf8_unicode_ci NOT NULL,
  `status_id` int unsigned NOT NULL DEFAULT '1',
  `created_at` datetime DEFAULT CURRENT_TIMESTAMP,
  `updated_at` datetime DEFAULT CURRENT_TIMESTAMP ON UPDATE CURRENT_TIMESTAMP,
  PRIMARY KEY (`id`),
  UNIQUE KEY `email` (`email`),
  UNIQUE KEY `phone` (`phone`)
) ENGINE=InnoDB AUTO_INCREMENT=151 DEFAULT CHARSET=utf8 COLLATE=utf8_unicode_ci;
/*!40101 SET character_set_client = @saved_cs_client */;

--
-- Dumping data for table `users`
--

LOCK TABLES `users` WRITE;
/*!40000 ALTER TABLE `users` DISABLE KEYS */;
INSERT INTO `users` VALUES (1,'Porter','Morissette','snikolaus@example.org','(649)364-3329x25514',2,'1984-09-26 13:53:56','2020-05-07 11:19:40'),(2,'Sierra','Doyle','hschiller@example.net','1-397-962-0832',3,'2006-06-24 07:12:04','2020-05-07 11:19:40'),(3,'Karley','Powlowski','rice.aniyah@example.org','05829322499',3,'1978-08-14 16:34:30','2020-05-07 11:19:40'),(4,'Stacey','Lesch','ansley73@example.com','09802621508',2,'1976-08-23 23:07:47','2020-05-07 11:19:40'),(5,'Isai','Hahn','walter25@example.net','1-768-578-8351',2,'2003-09-02 20:19:34','2020-05-07 11:19:40'),(6,'Jean','Koepp','zlang@example.org','1-604-296-2133x774',2,'2009-06-29 14:07:12','2020-05-07 11:19:40'),(7,'Jaylon','Parisian','funk.skyla@example.com','701-986-2471x27922',2,'1994-04-22 16:29:20','2020-05-07 11:19:40'),(8,'Nathan','Kuhlman','vickie38@example.com','327-158-0708x15663',3,'1973-07-19 01:54:11','2020-05-07 11:19:40'),(9,'Heath','Corkery','louvenia.murphy@example.org','(608)628-7987',1,'1988-06-09 01:50:18','2000-06-09 21:55:03'),(10,'Logan','Batz','jayce52@example.org','(771)239-8598x9962',2,'1981-12-18 00:58:53','2020-05-07 11:19:40'),(11,'Felipe','Wehner','uschimmel@example.com','08698049686',1,'1973-02-17 15:02:40','2009-04-09 14:53:41'),(12,'Ernesto','Kiehn','myra.bergnaum@example.com','850-977-6015',1,'2013-06-19 02:19:33','2020-05-07 11:23:15'),(13,'Soledad','Grant','desiree81@example.com','1-369-623-3385',1,'1973-08-11 17:53:57','2020-05-07 11:23:15'),(14,'Dee','Bartell','florence97@example.org','(780)210-4180x55079',1,'2014-09-14 09:42:49','2020-05-07 11:23:15'),(15,'Lucienne','Collier','thelma.sanford@example.com','(439)210-7080x5684',1,'1986-06-10 09:40:11','1990-07-26 23:32:18'),(16,'Laverna','Franecki','raul30@example.com','551.019.2824x02019',3,'2000-04-29 17:21:08','2020-05-07 11:19:40'),(17,'Ubaldo','Walter','tremblay.vincenza@example.com','079-135-5647',1,'1987-04-20 09:32:29','1990-07-02 02:03:23'),(18,'Myles','Predovic','lincoln.lindgren@example.org','1-872-316-1201x4965',1,'1980-05-21 06:03:17','2015-05-18 20:24:17'),(19,'Aletha','Murray','rocio.herzog@example.com','1-463-996-9577',3,'2003-01-27 03:43:34','2020-05-07 11:19:40'),(20,'Mike','Langosh','nitzsche.brando@example.com','319-589-6939x5411',1,'1993-04-20 06:22:52','2010-04-16 17:15:49'),(21,'Jane','Dietrich','lavonne.sipes@example.net','02548023902',1,'1995-04-14 12:46:45','2019-02-03 08:16:45'),(22,'Jon','Rowe','kihn.carolyne@example.net','494.032.2659',2,'2004-10-30 17:23:49','2020-05-07 11:19:40'),(23,'Sammie','Russel','dickens.erin@example.org','873-337-7131x7793',2,'2009-11-25 02:40:56','2020-05-07 11:19:40'),(24,'Devon','Maggio','yvonne33@example.net','256-522-2308x877',1,'1970-07-11 14:44:39','2003-02-28 20:20:26'),(25,'Lane','Fahey','candida57@example.com','1-963-999-5237x406',1,'1984-01-20 16:34:51','2020-05-07 11:23:15'),(26,'Ulices','Kerluke','odie.welch@example.org','1-957-847-6489x33304',2,'2002-11-12 17:10:44','2020-05-07 11:19:40'),(27,'Brendon','Jenkins','skonopelski@example.com','1-254-710-2849x59235',1,'1973-01-26 08:17:16','1996-12-06 05:02:42'),(28,'Alice','O\'Conner','kaia.marks@example.com','1-102-734-4940x352',2,'1995-06-06 00:09:50','2020-05-07 11:19:40'),(29,'Antwan','Bogan','ivy.huels@example.com','169.357.6879',3,'1998-01-20 06:01:03','2020-05-07 11:19:40'),(30,'Dee','Price','iprosacco@example.com','(606)600-0153',3,'2013-12-06 19:07:09','2020-05-07 11:19:40'),(31,'Virginia','Wolf','elyssa95@example.net','1-084-957-3653x0240',3,'1975-04-10 07:15:39','2020-05-07 11:19:40'),(32,'Fabian','Lueilwitz','prolfson@example.net','823.925.4729x4151',2,'2015-08-06 09:31:34','2020-05-07 11:19:40'),(33,'Arden','Dietrich','lstokes@example.com','(713)066-6253',2,'2001-09-27 04:27:52','2020-05-07 11:19:40'),(34,'Chauncey','Stehr','abshire.carlie@example.org','(681)242-4040x6727',1,'2001-09-02 14:46:42','2006-06-10 06:22:53'),(35,'Furman','Jones','oswaldo.bode@example.net','1-150-628-1217',1,'1984-10-14 16:15:44','2001-10-29 01:27:43'),(36,'Karen','Nienow','magali.lebsack@example.org','08325259665',2,'1988-01-10 13:46:59','2020-05-07 11:19:40'),(37,'Blaise','Kertzmann','kyleigh11@example.org','1-213-311-3794',1,'1970-03-25 14:50:59','1997-11-16 17:56:06'),(38,'Jaylon','Strosin','bayer.chase@example.com','1-547-116-1111x3265',3,'2004-04-17 05:07:23','2020-05-07 11:19:40'),(39,'Breana','Simonis','jody04@example.com','409-653-4840',3,'1970-11-12 16:27:10','2020-05-07 11:19:40'),(40,'Antonina','Koepp','miller.asha@example.net','600-166-9614',1,'2000-07-08 13:36:03','2003-07-05 15:02:58'),(41,'Jerry','Hintz','desmond89@example.com','1-196-249-0153x330',2,'2000-09-15 09:56:28','2020-05-07 11:19:40'),(42,'Cyril','Hagenes','maya36@example.com','1-111-237-6390',1,'1975-03-03 04:26:59','2001-09-14 15:38:57'),(43,'Betty','Rutherford','vheaney@example.net','066-269-0276x74258',3,'1970-02-12 13:24:25','2020-05-07 11:19:40'),(44,'Keyon','Dietrich','effie17@example.com','1-121-512-5548x1500',1,'2007-12-25 02:25:09','2020-05-07 11:23:15'),(45,'Gabrielle','Mueller','abby.cronin@example.net','203-381-8243x488',2,'1988-07-10 09:40:59','2020-05-07 11:19:40'),(46,'Tony','Spencer','brekke.lolita@example.com','1-545-763-4938x9763',1,'2002-03-15 00:23:33','2007-06-08 04:54:38'),(47,'Loyce','Stamm','jstehr@example.net','(530)667-2352',1,'1989-12-30 09:45:11','1998-07-13 09:17:24'),(48,'Dallin','Waelchi','alysson21@example.com','1-130-112-7164x4006',3,'1989-06-19 02:07:53','2020-05-07 11:19:40'),(49,'Tianna','McClure','mann.hailee@example.net','1-313-144-0636x8459',2,'1982-06-09 17:24:53','2020-05-07 11:19:40'),(50,'Lindsey','Hand','nathaniel05@example.com','470.583.0500',3,'1991-04-05 19:15:38','2020-05-07 11:19:40'),(51,'Kristina','Kris','garnet34@example.com','00699143694',3,'2007-01-14 02:26:26','2020-05-07 11:19:40'),(52,'Cordelia','Lakin','quitzon.billie@example.org','07758327050',3,'1997-07-31 10:06:39','2020-05-07 11:19:40'),(53,'Caleigh','Runolfsdottir','kris.nicolette@example.org','(495)244-0446',2,'1997-01-21 07:47:00','2020-05-07 11:19:40'),(54,'Alfred','Krajcik','muller.roberto@example.com','(755)776-0790x364',3,'1979-05-30 12:05:38','2020-05-07 11:19:40'),(55,'Rose','Smith','ybartell@example.org','(833)095-4558',2,'1974-05-24 21:16:06','2020-05-07 11:19:40'),(56,'Lavinia','Rolfson','mohammed.legros@example.net','(758)790-7377',2,'2007-05-09 07:49:06','2020-05-07 11:19:40'),(57,'Savannah','Jenkins','clifford65@example.com','07238824645',3,'2016-10-22 18:13:05','2020-05-07 11:19:40'),(58,'Elinore','Kris','lyundt@example.org','264.047.4453x435',2,'1998-07-09 15:45:09','2020-05-07 11:19:40'),(59,'Mazie','Hagenes','deonte79@example.org','(621)712-4819',2,'2018-10-16 17:06:13','2020-05-07 11:19:40'),(60,'Russell','Spinka','dach.ross@example.org','018-760-7118',2,'1970-04-13 03:35:15','2020-05-07 11:19:40'),(61,'Tabitha','Johns','lisette71@example.org','1-216-083-5015',1,'1990-01-07 02:11:25','2017-06-16 07:50:34'),(62,'Maurine','Ernser','rene12@example.net','(789)574-1094x3095',3,'1987-10-10 17:32:42','2020-05-07 11:19:40'),(63,'Bernita','Nienow','adrianna.leannon@example.org','+79(0)5151802696',2,'2011-08-05 06:08:45','2020-05-07 11:19:40'),(64,'Brandy','Yundt','roy.haley@example.com','648-831-8427',1,'1974-09-01 03:39:40','1995-02-20 04:15:31'),(65,'Elisabeth','Swaniawski','morgan87@example.org','1-563-107-8621',2,'2011-04-28 13:21:23','2020-05-07 11:19:40'),(66,'Wilhelm','Smitham','kemmer.bryon@example.net','1-077-239-0626x548',1,'1979-02-18 22:17:44','1993-01-30 20:39:49'),(67,'Karianne','O\'Kon','cbarrows@example.org','660.018.3303',2,'1972-06-20 20:15:21','2020-05-07 11:19:40'),(68,'Isabella','Doyle','colt09@example.net','+92(1)4853317817',1,'2007-06-08 13:35:41','2020-05-07 11:23:15'),(69,'Sonya','Dooley','terrance.frami@example.net','563-394-9484',2,'2005-02-10 23:01:52','2020-05-07 11:19:40'),(70,'Jalen','Hauck','vladimir23@example.org','625-439-6621x41770',2,'1998-01-15 23:17:51','2020-05-07 11:19:40'),(71,'Kristy','Satterfield','sanford.elsa@example.org','1-411-207-3839',1,'2004-03-22 14:05:51','2020-05-07 11:23:15'),(72,'Richmond','Stracke','udibbert@example.org','1-955-011-7716',3,'2002-10-12 14:26:03','2020-05-07 11:19:40'),(73,'Amara','Flatley','jwalsh@example.org','(350)942-4919',1,'2007-01-15 21:04:37','2020-05-07 11:23:15'),(74,'Neva','Kassulke','king.jarrell@example.com','1-796-469-1164x551',2,'2011-06-12 17:43:56','2020-05-07 11:19:40'),(75,'Simone','Lynch','alyson69@example.net','214.144.4313',3,'2016-07-09 21:03:19','2020-05-07 11:19:40'),(76,'Paolo','Cronin','pconroy@example.net','617-017-0314',1,'1987-01-16 08:10:59','2009-08-15 13:46:07'),(77,'Phyllis','Hodkiewicz','rowe.douglas@example.com','034-005-2973',3,'2002-12-16 02:55:20','2020-05-07 11:19:40'),(78,'Marilie','Smith','yrenner@example.net','(155)631-6249',1,'2006-12-17 04:21:16','2020-05-07 11:23:15'),(79,'Luna','Baumbach','zora.zieme@example.com','822-062-4605x517',2,'2015-03-24 16:28:41','2020-05-07 11:19:40'),(80,'Nellie','Parisian','rfeil@example.org','970-540-2042',1,'1970-09-24 15:06:14','1998-07-28 03:51:17'),(81,'Joana','Lynch','stamm.lois@example.net','339-355-1469x1878',3,'2015-07-05 21:33:05','2020-05-07 11:19:40'),(82,'Kassandra','Dietrich','agustina.macejkovic@example.net','145.034.5452',1,'1994-11-26 16:28:21','2020-05-07 11:23:15'),(83,'Brent','Friesen','devan.runte@example.com','374.287.1711x4780',3,'1999-09-09 19:28:45','2020-05-07 11:19:40'),(84,'Corrine','Runte','cfay@example.com','(332)505-2674x291',2,'1983-08-08 02:10:50','2020-05-07 11:19:40'),(85,'Jade','Wintheiser','sipes.jamie@example.com','+02(3)9839174615',1,'1972-07-06 17:57:21','1990-10-27 12:40:28'),(86,'Rafael','Bernier','kyle.rodriguez@example.com','782.790.9370x87369',1,'1992-07-25 19:47:03','1995-07-22 13:23:49'),(87,'Zoila','Gutmann','kayla44@example.com','(106)037-5885x4545',3,'2002-03-13 20:27:50','2020-05-07 11:19:40'),(88,'Elizabeth','McClure','ollie.olson@example.net','882-127-1388x073',3,'1980-10-06 12:45:27','2020-05-07 11:19:40'),(89,'Carolanne','Abernathy','quinn.simonis@example.net','446.551.9248x176',2,'2001-05-08 22:35:33','2020-05-07 11:19:40'),(90,'Wyatt','Klein','rippin.finn@example.net','+47(1)6152987008',2,'2018-04-02 13:14:44','2020-05-07 11:19:40'),(91,'Dessie','Botsford','ebba50@example.net','02305690376',3,'1977-08-27 00:48:27','2020-05-07 11:19:40'),(92,'Triston','Leffler','ethel.turner@example.com','518-715-5283',2,'2008-11-15 06:37:41','2020-05-07 11:19:40'),(93,'Jovani','Kuvalis','barton.marlin@example.net','02437249091',3,'1975-02-23 01:17:21','2020-05-07 11:19:40'),(94,'Bridget','Barrows','margaretta95@example.org','+63(3)9332542916',3,'1983-10-03 14:02:25','2020-05-07 11:19:40'),(95,'Trenton','Boehm','howe.reid@example.net','991-005-5867x49380',3,'2015-05-21 18:55:47','2020-05-07 11:19:40'),(96,'Akeem','Carter','hbaumbach@example.net','877.867.2490x0925',3,'1993-06-29 21:55:32','2020-05-07 11:19:40'),(97,'Shaniya','Carter','afton.jaskolski@example.com','016-091-8723x9693',1,'1986-04-19 01:50:40','2020-05-07 11:23:15'),(98,'Martine','Mraz','rweber@example.org','873-793-9797x2972',3,'2003-04-17 23:16:36','2020-05-07 11:19:40'),(99,'Kane','Kilback','river.baumbach@example.com','(562)393-4583x805',2,'1984-05-13 20:24:39','2020-05-07 11:19:40'),(100,'Mara','Koepp','thomas.metz@example.net','948.679.3601x570',1,'2010-02-03 10:00:19','2020-05-07 11:23:15'),(101,'Annie','Ratke','edach@example.org','1-174-955-4222x563',2,'1989-06-10 05:59:45','2020-05-07 11:19:40'),(102,'Rubie','Hackett','cchamplin@example.net','756.020.0503',3,'2009-07-13 22:09:49','2020-05-07 11:19:40'),(103,'Greyson','Bartell','michaela99@example.net','+07(0)9449271245',2,'1974-08-06 19:13:15','2020-05-07 11:19:40'),(104,'Jeramie','Fisher','eugenia84@example.org','1-256-202-5587',1,'1990-07-19 11:31:56','2020-05-07 11:23:15'),(105,'Taya','Doyle','ajacobson@example.org','+95(7)8903954056',3,'2012-01-07 09:16:50','2020-05-07 11:19:40'),(106,'Antwan','Becker','cathy59@example.com','01449401388',2,'1991-02-04 02:57:14','2020-05-07 11:19:40'),(107,'Aniyah','Jenkins','unitzsche@example.org','+05(9)1383453447',1,'1981-07-10 20:18:18','1983-08-20 16:03:44'),(108,'Harold','Carroll','florine.willms@example.com','069.139.5744x766',2,'1992-01-10 00:51:34','2020-05-07 11:19:40'),(109,'Saul','Crona','shayes@example.com','247-182-5064x6801',2,'1991-10-01 20:32:50','2020-05-07 11:19:40'),(110,'Brandy','Cremin','langosh.hershel@example.org','1-066-246-5695x8624',3,'1990-08-08 07:25:13','2020-05-07 11:19:40'),(111,'Christy','Abernathy','luigi56@example.com','053-020-4052x60061',3,'1990-12-27 14:54:56','2020-05-07 11:19:40'),(112,'Tyson','Yundt','dtillman@example.net','441.284.8322x95121',1,'1998-05-05 03:34:53','1998-10-16 19:03:47'),(113,'Rosalyn','Gleichner','samantha19@example.net','(204)067-3305x371',3,'2001-07-16 02:05:46','2020-05-07 11:19:40'),(114,'Carmella','Goldner','bauch.marjorie@example.net','07960035977',1,'1974-09-09 06:02:51','2008-05-02 10:28:40'),(115,'Brooks','Nolan','kuphal.jada@example.org','387.928.8443',2,'1992-04-24 21:04:31','2020-05-07 11:19:40'),(116,'Alf','Wehner','cmertz@example.com','(973)308-9634x75920',1,'2004-08-25 02:06:53','2020-05-07 11:23:15'),(117,'Marilou','Bode','owen.bins@example.net','1-617-480-8490x856',2,'2016-01-24 03:45:15','2020-05-07 11:19:40'),(118,'Keshawn','Welch','arnold.doyle@example.org','1-259-733-1478x0559',3,'2008-02-19 19:55:42','2020-05-07 11:19:40'),(119,'Zula','Berge','noemi.satterfield@example.net','918.304.1244',3,'2001-06-17 01:15:47','2020-05-07 11:19:40'),(120,'Tatyana','Wolff','ransom.hartmann@example.net','1-001-896-5066x2892',2,'1975-09-09 14:50:56','2020-05-07 11:19:40'),(121,'Wilton','Jacobi','isadore.mcclure@example.org','(545)670-5061x09988',2,'2004-09-04 14:03:12','2020-05-07 11:19:40'),(122,'Hazle','Okuneva','emard.erick@example.org','(132)478-9590x482',3,'2007-03-26 03:23:00','2020-05-07 11:19:40'),(123,'Braulio','Kovacek','wbarrows@example.net','(997)143-9281x36984',3,'2002-04-10 11:25:38','2020-05-07 11:19:40'),(124,'Aron','Dooley','gulgowski.angela@example.org','1-420-427-0919',3,'2009-09-26 02:02:37','2020-05-07 11:19:40'),(125,'Madonna','Watsica','joesph.wilderman@example.com','00708744510',3,'1988-06-29 12:58:14','2020-05-07 11:19:40'),(126,'Tommie','Ziemann','zelda21@example.net','1-208-547-2653x43798',2,'2008-10-21 11:10:37','2020-05-07 11:19:40'),(127,'Alessandro','Koss','duncan99@example.net','(828)006-2515x449',3,'2017-01-03 20:43:10','2020-05-07 11:19:40'),(128,'Elza','Pagac','considine.ayla@example.org','(256)160-4655',2,'2007-07-10 03:03:06','2020-05-07 11:19:40'),(129,'Nya','Nolan','carmel87@example.net','685-576-2219x9384',3,'1985-11-04 02:00:14','2020-05-07 11:19:40'),(130,'Baby','Lynch','baumbach.magdalena@example.org','192.557.8270x60922',1,'1978-07-22 16:12:19','1978-08-23 10:56:04'),(131,'Frieda','Hermiston','aosinski@example.com','906-018-6092x37902',3,'1998-04-07 16:58:47','2020-05-07 11:19:40'),(132,'Roger','Kshlerin','kris.ernestina@example.com','07984235340',2,'1992-07-11 01:27:36','2020-05-07 11:19:40'),(133,'Cathryn','Brakus','romaguera.jasmin@example.net','093-161-6718x326',1,'2013-02-13 12:12:35','2020-05-07 11:23:15'),(134,'Zula','Parker','ao\'conner@example.net','152-466-5840x982',1,'1981-12-06 11:35:13','2015-06-06 00:53:27'),(135,'Tara','Considine','ocrist@example.net','1-235-345-2871',1,'1976-08-26 09:59:32','2020-05-07 11:23:15'),(136,'Nova','Mraz','jaunita.gleason@example.org','(700)287-5021',3,'1976-02-28 00:31:20','2020-05-07 11:19:40'),(137,'Alfonzo','Zemlak','gia.borer@example.org','067.286.0338x7499',2,'1985-04-26 20:38:15','2020-05-07 11:19:40'),(138,'Kyle','Dickens','vicente.williamson@example.net','(656)636-4853x772',2,'2016-03-05 23:29:59','2020-05-07 11:19:40'),(139,'Louisa','Greenfelder','alek05@example.com','+18(8)8244717317',3,'1978-07-10 02:57:34','2020-05-07 11:19:40'),(140,'Brett','Wunsch','mcdermott.wilfred@example.com','(806)983-6732',1,'1994-03-30 09:02:03','2004-11-25 01:57:26'),(141,'Madilyn','Gutmann','winston.bahringer@example.net','+08(9)1529602255',3,'1981-01-25 22:18:27','2020-05-07 11:19:40'),(142,'Rudy','Sipes','hattie54@example.org','646-093-0589x14311',3,'1995-08-29 04:54:57','2020-05-07 11:19:40'),(143,'Cortney','Johnston','kaitlyn.yost@example.com','391.299.0204x57550',1,'1985-05-09 05:59:02','2017-04-18 21:53:41'),(144,'Loyal','Prohaska','herta.bernhard@example.com','285.584.6409x78538',3,'1977-06-08 01:47:41','2020-05-07 11:19:40'),(145,'Winifred','Luettgen','considine.cordelia@example.com','1-889-201-1704x185',3,'1977-10-14 09:46:13','2020-05-07 11:19:40'),(146,'Weston','Wiegand','pkihn@example.net','860.690.6291x887',3,'1978-05-01 12:58:01','2020-05-07 11:19:40'),(147,'Adell','Littel','marvin.wiegand@example.com','510-200-6062x1611',1,'1982-05-19 09:08:32','2005-08-10 10:28:47'),(148,'Yessenia','Mohr','angelo97@example.net','198-938-7973x647',1,'2004-07-17 14:52:39','2020-05-07 11:23:15'),(149,'Michael','Zemlak','hbechtelar@example.org','287.480.2389',1,'1999-05-15 10:06:55','2009-12-22 14:17:11'),(150,'Ena','Jacobs','casper.alva@example.com','(500)344-3790',2,'1986-11-06 09:44:36','2020-05-07 11:19:40');
/*!40000 ALTER TABLE `users` ENABLE KEYS */;
UNLOCK TABLES;
/*!40103 SET TIME_ZONE=@OLD_TIME_ZONE */;

/*!40101 SET SQL_MODE=@OLD_SQL_MODE */;
/*!40014 SET FOREIGN_KEY_CHECKS=@OLD_FOREIGN_KEY_CHECKS */;
/*!40014 SET UNIQUE_CHECKS=@OLD_UNIQUE_CHECKS */;
/*!40101 SET CHARACTER_SET_CLIENT=@OLD_CHARACTER_SET_CLIENT */;
/*!40101 SET CHARACTER_SET_RESULTS=@OLD_CHARACTER_SET_RESULTS */;
/*!40101 SET COLLATION_CONNECTION=@OLD_COLLATION_CONNECTION */;
/*!40111 SET SQL_NOTES=@OLD_SQL_NOTES */;

-- Dump completed on 2020-05-11 11:43:23
